[2026-08-04 10:47:38] === starting DEFORM training: DLO_type=d003_v054 train_time_horizon=20 eval_time_horizon=100 max_update_steps=200 ===
[2026-08-04 10:47:38] GPU: NVIDIA GeForce RTX 2060 (cuda:0)
[2026-08-04 10:47:38] logging to logs/train_d003_v054.log
[2026-08-04 10:47:39] [data] precomputing mu_0 (bishop frames) for 56 train episodes, 8069056 frames total, on CPU
[2026-08-04 10:47:40] [data] [░░░░░░░░░░░░░░░░░░░░]   0.0% frames 2000/8069056 ep 1/56  1843 frames/s  ETA 4376s
[2026-08-04 10:47:41] [data] [░░░░░░░░░░░░░░░░░░░░]   0.0% frames 4000/8069056 ep 1/56  1875 frames/s  ETA 4302s
[2026-08-04 10:47:42] [data] [░░░░░░░░░░░░░░░░░░░░]   0.1% frames 6000/8069056 ep 1/56  1917 frames/s  ETA 4207s
[2026-08-04 10:47:43] [data] [░░░░░░░░░░░░░░░░░░░░]   0.1% frames 8000/8069056 ep 1/56  1939 frames/s  ETA 4158s
[2026-08-04 10:47:46] [data] [░░░░░░░░░░░░░░░░░░░░]   0.1% frames 10000/8069056 ep 2/56  1458 frames/s  ETA 5526s
[2026-08-04 10:47:47] [data] [░░░░░░░░░░░░░░░░░░░░]   0.1% frames 12000/8069056 ep 2/56  1521 frames/s  ETA 5297s
[2026-08-04 10:47:48] [data] [░░░░░░░░░░░░░░░░░░░░]   0.2% frames 14000/8069056 ep 2/56  1571 frames/s  ETA 5127s
[2026-08-04 10:47:49] [data] [░░░░░░░░░░░░░░░░░░░░]   0.2% frames 16000/8069056 ep 2/56  1612 frames/s  ETA 4995s
[2026-08-04 10:47:50] [data] [░░░░░░░░░░░░░░░░░░░░]   0.2% frames 18000/8069056 ep 2/56  1642 frames/s  ETA 4902s
[2026-08-04 10:47:51] [data] [░░░░░░░░░░░░░░░░░░░░]   0.2% frames 20000/8069056 ep 2/56  1671 frames/s  ETA 4817s
[2026-08-04 10:47:52] [data] [░░░░░░░░░░░░░░░░░░░░]   0.3% frames 22000/8069056 ep 2/56  1691 frames/s  ETA 4758s
[2026-08-04 10:47:53] [data] [░░░░░░░░░░░░░░░░░░░░]   0.3% frames 24000/8069056 ep 2/56  1710 frames/s  ETA 4704s
[2026-08-04 10:47:54] [data] [░░░░░░░░░░░░░░░░░░░░]   0.3% frames 26000/8069056 ep 2/56  1720 frames/s  ETA 4677s
[2026-08-04 10:47:55] [data] [░░░░░░░░░░░░░░░░░░░░]   0.3% frames 28000/8069056 ep 2/56  1730 frames/s  ETA 4648s
[2026-08-04 10:47:56] [data] [░░░░░░░░░░░░░░░░░░░░]   0.4% frames 30000/8069056 ep 2/56  1745 frames/s  ETA 4607s
[2026-08-04 10:47:57] [data] [░░░░░░░░░░░░░░░░░░░░]   0.4% frames 32000/8069056 ep 2/56  1759 frames/s  ETA 4570s
[2026-08-04 10:47:58] [data] [░░░░░░░░░░░░░░░░░░░░]   0.4% frames 34000/8069056 ep 2/56  1770 frames/s  ETA 4540s
[2026-08-04 10:47:59] [data] [░░░░░░░░░░░░░░░░░░░░]   0.4% frames 36000/8069056 ep 2/56  1777 frames/s  ETA 4522s
[2026-08-04 10:48:00] [data] [░░░░░░░░░░░░░░░░░░░░]   0.5% frames 38000/8069056 ep 2/56  1784 frames/s  ETA 4500s
[2026-08-04 10:48:01] [data] [░░░░░░░░░░░░░░░░░░░░]   0.5% frames 40000/8069056 ep 2/56  1791 frames/s  ETA 4484s
[2026-08-04 10:48:02] [data] [░░░░░░░░░░░░░░░░░░░░]   0.5% frames 42000/8069056 ep 2/56  1796 frames/s  ETA 4470s
[2026-08-04 10:48:03] [data] [░░░░░░░░░░░░░░░░░░░░]   0.5% frames 44000/8069056 ep 2/56  1799 frames/s  ETA 4460s
[2026-08-04 10:48:04] [data] [░░░░░░░░░░░░░░░░░░░░]   0.6% frames 46000/8069056 ep 2/56  1804 frames/s  ETA 4448s
[2026-08-04 10:48:05] [data] [░░░░░░░░░░░░░░░░░░░░]   0.6% frames 48000/8069056 ep 2/56  1811 frames/s  ETA 4429s
[2026-08-04 10:48:06] [data] [░░░░░░░░░░░░░░░░░░░░]   0.6% frames 50000/8069056 ep 2/56  1816 frames/s  ETA 4415s
[2026-08-04 10:48:07] [data] [░░░░░░░░░░░░░░░░░░░░]   0.6% frames 52000/8069056 ep 2/56  1823 frames/s  ETA 4399s
[2026-08-04 10:48:08] [data] [░░░░░░░░░░░░░░░░░░░░]   0.7% frames 54000/8069056 ep 2/56  1826 frames/s  ETA 4390s
[2026-08-04 10:48:09] [data] [░░░░░░░░░░░░░░░░░░░░]   0.7% frames 56000/8069056 ep 2/56  1827 frames/s  ETA 4387s
[2026-08-04 10:48:10] [data] [░░░░░░░░░░░░░░░░░░░░]   0.7% frames 58000/8069056 ep 2/56  1829 frames/s  ETA 4379s
[2026-08-04 10:48:13] [data] [░░░░░░░░░░░░░░░░░░░░]   0.7% frames 60000/8069056 ep 3/56  1772 frames/s  ETA 4520s
[2026-08-04 10:48:15] [data] [░░░░░░░░░░░░░░░░░░░░]   0.8% frames 62000/8069056 ep 3/56  1723 frames/s  ETA 4647s
[2026-08-04 10:48:17] [data] [░░░░░░░░░░░░░░░░░░░░]   0.8% frames 64000/8069056 ep 3/56  1680 frames/s  ETA 4764s
[2026-08-04 10:48:19] [data] [░░░░░░░░░░░░░░░░░░░░]   0.8% frames 66000/8069056 ep 4/56  1632 frames/s  ETA 4904s
[2026-08-04 10:48:21] [data] [░░░░░░░░░░░░░░░░░░░░]   0.8% frames 68000/8069056 ep 4/56  1606 frames/s  ETA 4983s
[2026-08-04 10:48:22] [data] [░░░░░░░░░░░░░░░░░░░░]   0.9% frames 70000/8069056 ep 4/56  1612 frames/s  ETA 4962s
[2026-08-04 10:48:23] [data] [░░░░░░░░░░░░░░░░░░░░]   0.9% frames 72000/8069056 ep 5/56  1619 frames/s  ETA 4938s
[2026-08-04 10:48:24] [data] [░░░░░░░░░░░░░░░░░░░░]   0.9% frames 74000/8069056 ep 5/56  1623 frames/s  ETA 4925s
[2026-08-04 10:48:25] [data] [░░░░░░░░░░░░░░░░░░░░]   0.9% frames 76000/8069056 ep 5/56  1626 frames/s  ETA 4916s
[2026-08-04 10:48:27] [data] [░░░░░░░░░░░░░░░░░░░░]   1.0% frames 78000/8069056 ep 5/56  1628 frames/s  ETA 4907s
[2026-08-04 10:48:28] [data] [░░░░░░░░░░░░░░░░░░░░]   1.0% frames 80000/8069056 ep 5/56  1632 frames/s  ETA 4894s
[2026-08-04 10:48:29] [data] [░░░░░░░░░░░░░░░░░░░░]   1.0% frames 82000/8069056 ep 5/56  1638 frames/s  ETA 4877s
[2026-08-04 10:48:30] [data] [░░░░░░░░░░░░░░░░░░░░]   1.0% frames 84000/8069056 ep 5/56  1641 frames/s  ETA 4866s
[2026-08-04 10:48:31] [data] [░░░░░░░░░░░░░░░░░░░░]   1.1% frames 86000/8069056 ep 5/56  1645 frames/s  ETA 4853s
[2026-08-04 10:48:32] [data] [░░░░░░░░░░░░░░░░░░░░]   1.1% frames 88000/8069056 ep 5/56  1649 frames/s  ETA 4839s
[2026-08-04 10:48:33] [data] [░░░░░░░░░░░░░░░░░░░░]   1.1% frames 90000/8069056 ep 5/56  1653 frames/s  ETA 4826s
[2026-08-04 10:48:34] [data] [░░░░░░░░░░░░░░░░░░░░]   1.1% frames 92000/8069056 ep 5/56  1657 frames/s  ETA 4814s
[2026-08-04 10:48:35] [data] [░░░░░░░░░░░░░░░░░░░░]   1.2% frames 94000/8069056 ep 5/56  1662 frames/s  ETA 4799s
[2026-08-04 10:48:36] [data] [░░░░░░░░░░░░░░░░░░░░]   1.2% frames 96000/8069056 ep 5/56  1665 frames/s  ETA 4789s
[2026-08-04 10:48:37] [data] [░░░░░░░░░░░░░░░░░░░░]   1.2% frames 98000/8069056 ep 5/56  1669 frames/s  ETA 4776s
[2026-08-04 10:48:39] [data] [░░░░░░░░░░░░░░░░░░░░]   1.2% frames 100000/8069056 ep 5/56  1671 frames/s  ETA 4769s
[2026-08-04 10:48:40] [data] [░░░░░░░░░░░░░░░░░░░░]   1.3% frames 102000/8069056 ep 5/56  1674 frames/s  ETA 4760s
[2026-08-04 10:48:41] [data] [░░░░░░░░░░░░░░░░░░░░]   1.3% frames 104000/8069056 ep 5/56  1677 frames/s  ETA 4749s
[2026-08-04 10:48:42] [data] [░░░░░░░░░░░░░░░░░░░░]   1.3% frames 106000/8069056 ep 5/56  1681 frames/s  ETA 4737s
[2026-08-04 10:48:43] [data] [░░░░░░░░░░░░░░░░░░░░]   1.3% frames 108000/8069056 ep 6/56  1682 frames/s  ETA 4734s
[2026-08-04 10:48:44] [data] [░░░░░░░░░░░░░░░░░░░░]   1.4% frames 110000/8069056 ep 6/56  1684 frames/s  ETA 4726s
[2026-08-04 10:48:45] [data] [░░░░░░░░░░░░░░░░░░░░]   1.4% frames 112000/8069056 ep 6/56  1687 frames/s  ETA 4715s
[2026-08-04 10:48:46] [data] [░░░░░░░░░░░░░░░░░░░░]   1.4% frames 114000/8069056 ep 6/56  1690 frames/s  ETA 4708s
[2026-08-04 10:48:47] [data] [░░░░░░░░░░░░░░░░░░░░]   1.4% frames 116000/8069056 ep 6/56  1692 frames/s  ETA 4702s
[2026-08-04 10:48:48] [data] [░░░░░░░░░░░░░░░░░░░░]   1.5% frames 118000/8069056 ep 6/56  1694 frames/s  ETA 4693s
[2026-08-04 10:48:49] [data] [░░░░░░░░░░░░░░░░░░░░]   1.5% frames 120000/8069056 ep 6/56  1698 frames/s  ETA 4681s
[2026-08-04 10:48:50] [data] [░░░░░░░░░░░░░░░░░░░░]   1.5% frames 122000/8069056 ep 6/56  1702 frames/s  ETA 4670s
[2026-08-04 10:48:52] [data] [░░░░░░░░░░░░░░░░░░░░]   1.5% frames 124000/8069056 ep 6/56  1703 frames/s  ETA 4665s
[2026-08-04 10:48:53] [data] [░░░░░░░░░░░░░░░░░░░░]   1.6% frames 126000/8069056 ep 6/56  1707 frames/s  ETA 4653s
[2026-08-04 10:48:53] [data] [░░░░░░░░░░░░░░░░░░░░]   1.6% frames 128000/8069056 ep 6/56  1712 frames/s  ETA 4639s
[2026-08-04 10:48:55] [data] [░░░░░░░░░░░░░░░░░░░░]   1.6% frames 130000/8069056 ep 6/56  1715 frames/s  ETA 4629s
[2026-08-04 10:48:56] [data] [░░░░░░░░░░░░░░░░░░░░]   1.6% frames 132000/8069056 ep 6/56  1717 frames/s  ETA 4622s
[2026-08-04 10:48:57] [data] [░░░░░░░░░░░░░░░░░░░░]   1.7% frames 134000/8069056 ep 7/56  1717 frames/s  ETA 4620s
[2026-08-04 10:48:58] [data] [░░░░░░░░░░░░░░░░░░░░]   1.7% frames 136000/8069056 ep 7/56  1720 frames/s  ETA 4613s
[2026-08-04 10:48:59] [data] [░░░░░░░░░░░░░░░░░░░░]   1.7% frames 138000/8069056 ep 7/56  1720 frames/s  ETA 4610s
[2026-08-04 10:49:00] [data] [░░░░░░░░░░░░░░░░░░░░]   1.7% frames 140000/8069056 ep 7/56  1722 frames/s  ETA 4604s
[2026-08-04 10:49:01] [data] [░░░░░░░░░░░░░░░░░░░░]   1.8% frames 142000/8069056 ep 7/56  1725 frames/s  ETA 4597s
[2026-08-04 10:49:02] [data] [░░░░░░░░░░░░░░░░░░░░]   1.8% frames 144000/8069056 ep 8/56  1726 frames/s  ETA 4590s
[2026-08-04 10:49:03] [data] [░░░░░░░░░░░░░░░░░░░░]   1.8% frames 146000/8069056 ep 8/56  1727 frames/s  ETA 4587s
[2026-08-04 10:49:04] [data] [░░░░░░░░░░░░░░░░░░░░]   1.8% frames 148000/8069056 ep 9/56  1727 frames/s  ETA 4586s
[2026-08-04 10:49:05] [data] [░░░░░░░░░░░░░░░░░░░░]   1.9% frames 150000/8069056 ep 9/56  1729 frames/s  ETA 4581s
[2026-08-04 10:49:06] [data] [░░░░░░░░░░░░░░░░░░░░]   1.9% frames 152000/8069056 ep 9/56  1732 frames/s  ETA 4572s
[2026-08-04 10:49:08] [data] [░░░░░░░░░░░░░░░░░░░░]   1.9% frames 154000/8069056 ep 9/56  1734 frames/s  ETA 4564s
[2026-08-04 10:49:09] [data] [░░░░░░░░░░░░░░░░░░░░]   1.9% frames 156000/8069056 ep 9/56  1735 frames/s  ETA 4561s
[2026-08-04 10:49:10] [data] [░░░░░░░░░░░░░░░░░░░░]   2.0% frames 158000/8069056 ep 10/56  1737 frames/s  ETA 4554s
[2026-08-04 10:49:11] [data] [░░░░░░░░░░░░░░░░░░░░]   2.0% frames 160000/8069056 ep 10/56  1739 frames/s  ETA 4547s
[2026-08-04 10:49:12] [data] [░░░░░░░░░░░░░░░░░░░░]   2.0% frames 162000/8069056 ep 10/56  1742 frames/s  ETA 4540s
[2026-08-04 10:49:13] [data] [░░░░░░░░░░░░░░░░░░░░]   2.0% frames 164000/8069056 ep 10/56  1744 frames/s  ETA 4533s
[2026-08-04 10:49:14] [data] [░░░░░░░░░░░░░░░░░░░░]   2.1% frames 166000/8069056 ep 10/56  1747 frames/s  ETA 4524s
[2026-08-04 10:49:15] [data] [░░░░░░░░░░░░░░░░░░░░]   2.1% frames 168000/8069056 ep 10/56  1749 frames/s  ETA 4518s
[2026-08-04 10:49:16] [data] [░░░░░░░░░░░░░░░░░░░░]   2.1% frames 170000/8069056 ep 10/56  1750 frames/s  ETA 4513s
[2026-08-04 10:49:17] [data] [░░░░░░░░░░░░░░░░░░░░]   2.1% frames 172000/8069056 ep 10/56  1753 frames/s  ETA 4505s
[2026-08-04 10:49:18] [data] [░░░░░░░░░░░░░░░░░░░░]   2.2% frames 174000/8069056 ep 10/56  1756 frames/s  ETA 4497s
[2026-08-04 10:49:19] [data] [░░░░░░░░░░░░░░░░░░░░]   2.2% frames 176000/8069056 ep 10/56  1757 frames/s  ETA 4493s
[2026-08-04 10:49:20] [data] [░░░░░░░░░░░░░░░░░░░░]   2.2% frames 178000/8069056 ep 10/56  1758 frames/s  ETA 4489s
[2026-08-04 10:49:21] [data] [░░░░░░░░░░░░░░░░░░░░]   2.2% frames 180000/8069056 ep 10/56  1759 frames/s  ETA 4484s
[2026-08-04 10:49:22] [data] [░░░░░░░░░░░░░░░░░░░░]   2.3% frames 182000/8069056 ep 10/56  1760 frames/s  ETA 4480s
[2026-08-04 10:49:23] [data] [░░░░░░░░░░░░░░░░░░░░]   2.3% frames 184000/8069056 ep 10/56  1762 frames/s  ETA 4476s
[2026-08-04 10:49:24] [data] [░░░░░░░░░░░░░░░░░░░░]   2.3% frames 186000/8069056 ep 10/56  1764 frames/s  ETA 4469s
[2026-08-04 10:49:25] [data] [░░░░░░░░░░░░░░░░░░░░]   2.3% frames 188000/8069056 ep 10/56  1763 frames/s  ETA 4471s
[2026-08-04 10:49:26] [data] [░░░░░░░░░░░░░░░░░░░░]   2.4% frames 190000/8069056 ep 10/56  1763 frames/s  ETA 4469s
[2026-08-04 10:49:28] [data] [░░░░░░░░░░░░░░░░░░░░]   2.4% frames 192000/8069056 ep 11/56  1760 frames/s  ETA 4477s
[2026-08-04 10:49:29] [data] [░░░░░░░░░░░░░░░░░░░░]   2.4% frames 194000/8069056 ep 11/56  1761 frames/s  ETA 4472s
[2026-08-04 10:49:30] [data] [░░░░░░░░░░░░░░░░░░░░]   2.4% frames 196000/8069056 ep 11/56  1762 frames/s  ETA 4468s
[2026-08-04 10:49:31] [data] [░░░░░░░░░░░░░░░░░░░░]   2.5% frames 198000/8069056 ep 11/56  1762 frames/s  ETA 4466s
[2026-08-04 10:49:32] [data] [░░░░░░░░░░░░░░░░░░░░]   2.5% frames 200000/8069056 ep 11/56  1762 frames/s  ETA 4466s
[2026-08-04 10:49:33] [data] [░░░░░░░░░░░░░░░░░░░░]   2.5% frames 202000/8069056 ep 11/56  1762 frames/s  ETA 4465s
[2026-08-04 10:49:35] [data] [░░░░░░░░░░░░░░░░░░░░]   2.5% frames 204000/8069056 ep 11/56  1761 frames/s  ETA 4466s
[2026-08-04 10:49:36] [data] [░░░░░░░░░░░░░░░░░░░░]   2.6% frames 206000/8069056 ep 11/56  1759 frames/s  ETA 4471s
[2026-08-04 10:49:37] [data] [░░░░░░░░░░░░░░░░░░░░]   2.6% frames 208000/8069056 ep 11/56  1760 frames/s  ETA 4466s
[2026-08-04 10:49:38] [data] [░░░░░░░░░░░░░░░░░░░░]   2.6% frames 210000/8069056 ep 11/56  1761 frames/s  ETA 4462s
[2026-08-04 10:49:39] [data] [░░░░░░░░░░░░░░░░░░░░]   2.6% frames 212000/8069056 ep 11/56  1762 frames/s  ETA 4458s
[2026-08-04 10:49:40] [data] [░░░░░░░░░░░░░░░░░░░░]   2.7% frames 214000/8069056 ep 11/56  1764 frames/s  ETA 4454s
[2026-08-04 10:49:41] [data] [░░░░░░░░░░░░░░░░░░░░]   2.7% frames 216000/8069056 ep 11/56  1765 frames/s  ETA 4450s
[2026-08-04 10:49:42] [data] [░░░░░░░░░░░░░░░░░░░░]   2.7% frames 218000/8069056 ep 11/56  1766 frames/s  ETA 4446s
[2026-08-04 10:49:43] [data] [░░░░░░░░░░░░░░░░░░░░]   2.7% frames 220000/8069056 ep 11/56  1768 frames/s  ETA 4441s
[2026-08-04 10:49:44] [data] [░░░░░░░░░░░░░░░░░░░░]   2.8% frames 222000/8069056 ep 11/56  1768 frames/s  ETA 4437s
[2026-08-04 10:49:45] [data] [░░░░░░░░░░░░░░░░░░░░]   2.8% frames 224000/8069056 ep 11/56  1769 frames/s  ETA 4435s
[2026-08-04 10:49:46] [data] [░░░░░░░░░░░░░░░░░░░░]   2.8% frames 226000/8069056 ep 11/56  1769 frames/s  ETA 4433s
[2026-08-04 10:49:48] [data] [░░░░░░░░░░░░░░░░░░░░]   2.8% frames 228000/8069056 ep 11/56  1770 frames/s  ETA 4431s
[2026-08-04 10:49:49] [data] [░░░░░░░░░░░░░░░░░░░░]   2.9% frames 230000/8069056 ep 11/56  1769 frames/s  ETA 4431s
[2026-08-04 10:49:50] [data] [░░░░░░░░░░░░░░░░░░░░]   2.9% frames 232000/8069056 ep 11/56  1769 frames/s  ETA 4431s
[2026-08-04 10:49:51] [data] [░░░░░░░░░░░░░░░░░░░░]   2.9% frames 234000/8069056 ep 11/56  1768 frames/s  ETA 4433s
[2026-08-04 10:49:52] [data] [░░░░░░░░░░░░░░░░░░░░]   2.9% frames 236000/8069056 ep 11/56  1767 frames/s  ETA 4433s
[2026-08-04 10:49:53] [data] [░░░░░░░░░░░░░░░░░░░░]   2.9% frames 238000/8069056 ep 11/56  1767 frames/s  ETA 4432s
[2026-08-04 10:49:55] [data] [░░░░░░░░░░░░░░░░░░░░]   3.0% frames 240000/8069056 ep 11/56  1767 frames/s  ETA 4431s
[2026-08-04 10:49:56] [data] [░░░░░░░░░░░░░░░░░░░░]   3.0% frames 242000/8069056 ep 11/56  1767 frames/s  ETA 4430s
[2026-08-04 10:49:57] [data] [░░░░░░░░░░░░░░░░░░░░]   3.0% frames 244000/8069056 ep 11/56  1768 frames/s  ETA 4426s
[2026-08-04 10:49:58] [data] [░░░░░░░░░░░░░░░░░░░░]   3.0% frames 246000/8069056 ep 11/56  1769 frames/s  ETA 4423s
[2026-08-04 10:49:59] [data] [░░░░░░░░░░░░░░░░░░░░]   3.1% frames 248000/8069056 ep 12/56  1768 frames/s  ETA 4424s
[2026-08-04 10:50:00] [data] [░░░░░░░░░░░░░░░░░░░░]   3.1% frames 250000/8069056 ep 12/56  1769 frames/s  ETA 4420s
[2026-08-04 10:50:01] [data] [░░░░░░░░░░░░░░░░░░░░]   3.1% frames 252000/8069056 ep 12/56  1770 frames/s  ETA 4417s
[2026-08-04 10:50:02] [data] [░░░░░░░░░░░░░░░░░░░░]   3.1% frames 254000/8069056 ep 12/56  1771 frames/s  ETA 4413s
[2026-08-04 10:50:03] [data] [░░░░░░░░░░░░░░░░░░░░]   3.2% frames 256000/8069056 ep 12/56  1772 frames/s  ETA 4409s
[2026-08-04 10:50:04] [data] [░░░░░░░░░░░░░░░░░░░░]   3.2% frames 258000/8069056 ep 12/56  1773 frames/s  ETA 4405s
[2026-08-04 10:50:05] [data] [░░░░░░░░░░░░░░░░░░░░]   3.2% frames 260000/8069056 ep 12/56  1774 frames/s  ETA 4403s
[2026-08-04 10:50:06] [data] [░░░░░░░░░░░░░░░░░░░░]   3.2% frames 262000/8069056 ep 12/56  1774 frames/s  ETA 4400s
[2026-08-04 10:50:07] [data] [░░░░░░░░░░░░░░░░░░░░]   3.3% frames 264000/8069056 ep 12/56  1775 frames/s  ETA 4397s
[2026-08-04 10:50:09] [data] [░░░░░░░░░░░░░░░░░░░░]   3.3% frames 266000/8069056 ep 12/56  1776 frames/s  ETA 4394s
[2026-08-04 10:50:10] [data] [░░░░░░░░░░░░░░░░░░░░]   3.3% frames 268000/8069056 ep 12/56  1776 frames/s  ETA 4392s
[2026-08-04 10:50:11] [data] [░░░░░░░░░░░░░░░░░░░░]   3.3% frames 270000/8069056 ep 12/56  1777 frames/s  ETA 4388s
[2026-08-04 10:50:12] [data] [░░░░░░░░░░░░░░░░░░░░]   3.4% frames 272000/8069056 ep 12/56  1778 frames/s  ETA 4385s
[2026-08-04 10:50:13] [data] [░░░░░░░░░░░░░░░░░░░░]   3.4% frames 274000/8069056 ep 12/56  1778 frames/s  ETA 4383s
[2026-08-04 10:50:14] [data] [░░░░░░░░░░░░░░░░░░░░]   3.4% frames 276000/8069056 ep 12/56  1779 frames/s  ETA 4381s
[2026-08-04 10:50:15] [data] [░░░░░░░░░░░░░░░░░░░░]   3.4% frames 278000/8069056 ep 12/56  1780 frames/s  ETA 4377s
[2026-08-04 10:50:16] [data] [░░░░░░░░░░░░░░░░░░░░]   3.5% frames 280000/8069056 ep 12/56  1780 frames/s  ETA 4375s
[2026-08-04 10:50:17] [data] [░░░░░░░░░░░░░░░░░░░░]   3.5% frames 282000/8069056 ep 12/56  1781 frames/s  ETA 4372s
[2026-08-04 10:50:18] [data] [░░░░░░░░░░░░░░░░░░░░]   3.5% frames 284000/8069056 ep 13/56  1780 frames/s  ETA 4373s
[2026-08-04 10:50:19] [data] [░░░░░░░░░░░░░░░░░░░░]   3.5% frames 286000/8069056 ep 13/56  1781 frames/s  ETA 4371s
[2026-08-04 10:50:20] [data] [░░░░░░░░░░░░░░░░░░░░]   3.6% frames 288000/8069056 ep 14/56  1781 frames/s  ETA 4369s
[2026-08-04 10:50:22] [data] [░░░░░░░░░░░░░░░░░░░░]   3.6% frames 290000/8069056 ep 14/56  1781 frames/s  ETA 4367s
[2026-08-04 10:50:23] [data] [░░░░░░░░░░░░░░░░░░░░]   3.6% frames 292000/8069056 ep 14/56  1782 frames/s  ETA 4365s
[2026-08-04 10:50:24] [data] [░░░░░░░░░░░░░░░░░░░░]   3.6% frames 294000/8069056 ep 14/56  1782 frames/s  ETA 4363s
[2026-08-04 10:50:25] [data] [░░░░░░░░░░░░░░░░░░░░]   3.7% frames 296000/8069056 ep 14/56  1783 frames/s  ETA 4359s
[2026-08-04 10:50:26] [data] [░░░░░░░░░░░░░░░░░░░░]   3.7% frames 298000/8069056 ep 14/56  1784 frames/s  ETA 4356s
[2026-08-04 10:50:27] [data] [░░░░░░░░░░░░░░░░░░░░]   3.7% frames 300000/8069056 ep 14/56  1784 frames/s  ETA 4354s
[2026-08-04 10:50:28] [data] [░░░░░░░░░░░░░░░░░░░░]   3.7% frames 302000/8069056 ep 14/56  1785 frames/s  ETA 4351s
[2026-08-04 10:50:29] [data] [░░░░░░░░░░░░░░░░░░░░]   3.8% frames 304000/8069056 ep 14/56  1786 frames/s  ETA 4349s
[2026-08-04 10:50:30] [data] [░░░░░░░░░░░░░░░░░░░░]   3.8% frames 306000/8069056 ep 14/56  1786 frames/s  ETA 4347s
[2026-08-04 10:50:31] [data] [░░░░░░░░░░░░░░░░░░░░]   3.8% frames 308000/8069056 ep 14/56  1787 frames/s  ETA 4343s
[2026-08-04 10:50:32] [data] [░░░░░░░░░░░░░░░░░░░░]   3.8% frames 310000/8069056 ep 14/56  1789 frames/s  ETA 4338s
[2026-08-04 10:50:33] [data] [░░░░░░░░░░░░░░░░░░░░]   3.9% frames 312000/8069056 ep 14/56  1790 frames/s  ETA 4333s
[2026-08-04 10:50:34] [data] [░░░░░░░░░░░░░░░░░░░░]   3.9% frames 314000/8069056 ep 14/56  1792 frames/s  ETA 4329s
[2026-08-04 10:50:35] [data] [░░░░░░░░░░░░░░░░░░░░]   3.9% frames 316000/8069056 ep 14/56  1793 frames/s  ETA 4324s
[2026-08-04 10:50:36] [data] [░░░░░░░░░░░░░░░░░░░░]   3.9% frames 318000/8069056 ep 14/56  1794 frames/s  ETA 4320s
[2026-08-04 10:50:37] [data] [░░░░░░░░░░░░░░░░░░░░]   4.0% frames 320000/8069056 ep 15/56  1793 frames/s  ETA 4321s
[2026-08-04 10:50:38] [data] [░░░░░░░░░░░░░░░░░░░░]   4.0% frames 322000/8069056 ep 15/56  1795 frames/s  ETA 4316s
[2026-08-04 10:50:39] [data] [░░░░░░░░░░░░░░░░░░░░]   4.0% frames 324000/8069056 ep 15/56  1796 frames/s  ETA 4312s
[2026-08-04 10:50:40] [data] [░░░░░░░░░░░░░░░░░░░░]   4.0% frames 326000/8069056 ep 15/56  1797 frames/s  ETA 4308s
[2026-08-04 10:50:41] [data] [░░░░░░░░░░░░░░░░░░░░]   4.1% frames 328000/8069056 ep 15/56  1798 frames/s  ETA 4305s
[2026-08-04 10:50:42] [data] [░░░░░░░░░░░░░░░░░░░░]   4.1% frames 330000/8069056 ep 15/56  1799 frames/s  ETA 4303s
[2026-08-04 10:50:43] [data] [░░░░░░░░░░░░░░░░░░░░]   4.1% frames 332000/8069056 ep 15/56  1800 frames/s  ETA 4298s
[2026-08-04 10:50:44] [data] [░░░░░░░░░░░░░░░░░░░░]   4.1% frames 334000/8069056 ep 15/56  1801 frames/s  ETA 4296s
[2026-08-04 10:50:45] [data] [░░░░░░░░░░░░░░░░░░░░]   4.2% frames 336000/8069056 ep 15/56  1802 frames/s  ETA 4292s
[2026-08-04 10:50:46] [data] [░░░░░░░░░░░░░░░░░░░░]   4.2% frames 338000/8069056 ep 15/56  1803 frames/s  ETA 4289s
[2026-08-04 10:50:47] [data] [░░░░░░░░░░░░░░░░░░░░]   4.2% frames 340000/8069056 ep 15/56  1803 frames/s  ETA 4286s
[2026-08-04 10:50:48] [data] [░░░░░░░░░░░░░░░░░░░░]   4.2% frames 342000/8069056 ep 15/56  1804 frames/s  ETA 4283s
[2026-08-04 10:50:49] [data] [░░░░░░░░░░░░░░░░░░░░]   4.3% frames 344000/8069056 ep 15/56  1805 frames/s  ETA 4280s
[2026-08-04 10:50:50] [data] [░░░░░░░░░░░░░░░░░░░░]   4.3% frames 346000/8069056 ep 15/56  1806 frames/s  ETA 4277s
[2026-08-04 10:50:51] [data] [░░░░░░░░░░░░░░░░░░░░]   4.3% frames 348000/8069056 ep 15/56  1806 frames/s  ETA 4275s
[2026-08-04 10:50:52] [data] [░░░░░░░░░░░░░░░░░░░░]   4.3% frames 350000/8069056 ep 15/56  1807 frames/s  ETA 4273s
[2026-08-04 10:50:53] [data] [░░░░░░░░░░░░░░░░░░░░]   4.4% frames 352000/8069056 ep 15/56  1807 frames/s  ETA 4270s
[2026-08-04 10:50:54] [data] [░░░░░░░░░░░░░░░░░░░░]   4.4% frames 354000/8069056 ep 15/56  1808 frames/s  ETA 4266s
[2026-08-04 10:50:55] [data] [░░░░░░░░░░░░░░░░░░░░]   4.4% frames 356000/8069056 ep 15/56  1809 frames/s  ETA 4263s
[2026-08-04 10:50:57] [data] [░░░░░░░░░░░░░░░░░░░░]   4.4% frames 358000/8069056 ep 15/56  1810 frames/s  ETA 4260s
[2026-08-04 10:50:57] [data] [░░░░░░░░░░░░░░░░░░░░]   4.5% frames 360000/8069056 ep 15/56  1811 frames/s  ETA 4257s
[2026-08-04 10:50:58] [data] [░░░░░░░░░░░░░░░░░░░░]   4.5% frames 362000/8069056 ep 15/56  1812 frames/s  ETA 4253s
[2026-08-04 10:50:59] [data] [░░░░░░░░░░░░░░░░░░░░]   4.5% frames 364000/8069056 ep 15/56  1813 frames/s  ETA 4249s
[2026-08-04 10:51:01] [data] [░░░░░░░░░░░░░░░░░░░░]   4.5% frames 366000/8069056 ep 16/56  1810 frames/s  ETA 4255s
[2026-08-04 10:51:02] [data] [░░░░░░░░░░░░░░░░░░░░]   4.6% frames 368000/8069056 ep 16/56  1810 frames/s  ETA 4254s
[2026-08-04 10:51:03] [data] [░░░░░░░░░░░░░░░░░░░░]   4.6% frames 370000/8069056 ep 16/56  1810 frames/s  ETA 4253s
[2026-08-04 10:51:04] [data] [░░░░░░░░░░░░░░░░░░░░]   4.6% frames 372000/8069056 ep 16/56  1811 frames/s  ETA 4251s
[2026-08-04 10:51:05] [data] [░░░░░░░░░░░░░░░░░░░░]   4.6% frames 374000/8069056 ep 16/56  1811 frames/s  ETA 4248s
[2026-08-04 10:51:06] [data] [░░░░░░░░░░░░░░░░░░░░]   4.7% frames 376000/8069056 ep 16/56  1812 frames/s  ETA 4245s
[2026-08-04 10:51:07] [data] [░░░░░░░░░░░░░░░░░░░░]   4.7% frames 378000/8069056 ep 16/56  1812 frames/s  ETA 4244s
[2026-08-04 10:51:08] [data] [░░░░░░░░░░░░░░░░░░░░]   4.7% frames 380000/8069056 ep 16/56  1812 frames/s  ETA 4242s
[2026-08-04 10:51:09] [data] [░░░░░░░░░░░░░░░░░░░░]   4.7% frames 382000/8069056 ep 16/56  1813 frames/s  ETA 4240s
[2026-08-04 10:51:11] [data] [░░░░░░░░░░░░░░░░░░░░]   4.8% frames 384000/8069056 ep 17/56  1812 frames/s  ETA 4241s
[2026-08-04 10:51:12] [data] [░░░░░░░░░░░░░░░░░░░░]   4.8% frames 386000/8069056 ep 17/56  1813 frames/s  ETA 4239s
[2026-08-04 10:51:13] [data] [░░░░░░░░░░░░░░░░░░░░]   4.8% frames 388000/8069056 ep 17/56  1812 frames/s  ETA 4238s
[2026-08-04 10:51:14] [data] [░░░░░░░░░░░░░░░░░░░░]   4.8% frames 390000/8069056 ep 17/56  1812 frames/s  ETA 4237s
[2026-08-04 10:51:15] [data] [░░░░░░░░░░░░░░░░░░░░]   4.9% frames 392000/8069056 ep 17/56  1813 frames/s  ETA 4235s
[2026-08-04 10:51:16] [data] [░░░░░░░░░░░░░░░░░░░░]   4.9% frames 394000/8069056 ep 17/56  1813 frames/s  ETA 4233s
[2026-08-04 10:51:17] [data] [░░░░░░░░░░░░░░░░░░░░]   4.9% frames 396000/8069056 ep 17/56  1813 frames/s  ETA 4232s
[2026-08-04 10:51:18] [data] [░░░░░░░░░░░░░░░░░░░░]   4.9% frames 398000/8069056 ep 17/56  1813 frames/s  ETA 4231s
[2026-08-04 10:51:19] [data] [░░░░░░░░░░░░░░░░░░░░]   5.0% frames 400000/8069056 ep 17/56  1813 frames/s  ETA 4230s
[2026-08-04 10:51:20] [data] [░░░░░░░░░░░░░░░░░░░░]   5.0% frames 402000/8069056 ep 17/56  1813 frames/s  ETA 4229s
[2026-08-04 10:51:21] [data] [█░░░░░░░░░░░░░░░░░░░]   5.0% frames 404000/8069056 ep 17/56  1814 frames/s  ETA 4226s
[2026-08-04 10:51:23] [data] [█░░░░░░░░░░░░░░░░░░░]   5.0% frames 406000/8069056 ep 17/56  1814 frames/s  ETA 4224s
[2026-08-04 10:51:24] [data] [█░░░░░░░░░░░░░░░░░░░]   5.1% frames 408000/8069056 ep 17/56  1814 frames/s  ETA 4222s
[2026-08-04 10:51:25] [data] [█░░░░░░░░░░░░░░░░░░░]   5.1% frames 410000/8069056 ep 17/56  1814 frames/s  ETA 4221s
[2026-08-04 10:51:26] [data] [█░░░░░░░░░░░░░░░░░░░]   5.1% frames 412000/8069056 ep 17/56  1815 frames/s  ETA 4219s
[2026-08-04 10:51:27] [data] [█░░░░░░░░░░░░░░░░░░░]   5.1% frames 414000/8069056 ep 17/56  1814 frames/s  ETA 4220s
[2026-08-04 10:51:28] [data] [█░░░░░░░░░░░░░░░░░░░]   5.2% frames 416000/8069056 ep 17/56  1814 frames/s  ETA 4219s
[2026-08-04 10:51:29] [data] [█░░░░░░░░░░░░░░░░░░░]   5.2% frames 418000/8069056 ep 17/56  1814 frames/s  ETA 4217s
[2026-08-04 10:51:30] [data] [█░░░░░░░░░░░░░░░░░░░]   5.2% frames 420000/8069056 ep 17/56  1815 frames/s  ETA 4215s
[2026-08-04 10:51:31] [data] [█░░░░░░░░░░░░░░░░░░░]   5.2% frames 422000/8069056 ep 17/56  1815 frames/s  ETA 4213s
[2026-08-04 10:51:32] [data] [█░░░░░░░░░░░░░░░░░░░]   5.3% frames 424000/8069056 ep 17/56  1815 frames/s  ETA 4212s
[2026-08-04 10:51:33] [data] [█░░░░░░░░░░░░░░░░░░░]   5.3% frames 426000/8069056 ep 17/56  1815 frames/s  ETA 4211s
[2026-08-04 10:51:35] [data] [█░░░░░░░░░░░░░░░░░░░]   5.3% frames 428000/8069056 ep 17/56  1815 frames/s  ETA 4210s
[2026-08-04 10:51:36] [data] [█░░░░░░░░░░░░░░░░░░░]   5.3% frames 430000/8069056 ep 17/56  1815 frames/s  ETA 4209s
[2026-08-04 10:51:37] [data] [█░░░░░░░░░░░░░░░░░░░]   5.4% frames 432000/8069056 ep 17/56  1814 frames/s  ETA 4210s
[2026-08-04 10:51:38] [data] [█░░░░░░░░░░░░░░░░░░░]   5.4% frames 434000/8069056 ep 17/56  1814 frames/s  ETA 4208s
[2026-08-04 10:51:39] [data] [█░░░░░░░░░░░░░░░░░░░]   5.4% frames 436000/8069056 ep 17/56  1814 frames/s  ETA 4208s
[2026-08-04 10:51:40] [data] [█░░░░░░░░░░░░░░░░░░░]   5.4% frames 438000/8069056 ep 18/56  1812 frames/s  ETA 4211s
[2026-08-04 10:51:42] [data] [█░░░░░░░░░░░░░░░░░░░]   5.5% frames 440000/8069056 ep 18/56  1812 frames/s  ETA 4210s
[2026-08-04 10:51:43] [data] [█░░░░░░░░░░░░░░░░░░░]   5.5% frames 442000/8069056 ep 18/56  1813 frames/s  ETA 4208s
[2026-08-04 10:51:44] [data] [█░░░░░░░░░░░░░░░░░░░]   5.5% frames 444000/8069056 ep 19/56  1812 frames/s  ETA 4208s
[2026-08-04 10:51:45] [data] [█░░░░░░░░░░░░░░░░░░░]   5.5% frames 446000/8069056 ep 19/56  1813 frames/s  ETA 4205s
[2026-08-04 10:51:46] [data] [█░░░░░░░░░░░░░░░░░░░]   5.6% frames 448000/8069056 ep 19/56  1813 frames/s  ETA 4204s
[2026-08-04 10:51:47] [data] [█░░░░░░░░░░░░░░░░░░░]   5.6% frames 450000/8069056 ep 19/56  1813 frames/s  ETA 4202s
[2026-08-04 10:51:48] [data] [█░░░░░░░░░░░░░░░░░░░]   5.6% frames 452000/8069056 ep 19/56  1813 frames/s  ETA 4201s
[2026-08-04 10:51:49] [data] [█░░░░░░░░░░░░░░░░░░░]   5.6% frames 454000/8069056 ep 19/56  1814 frames/s  ETA 4199s
[2026-08-04 10:51:50] [data] [█░░░░░░░░░░░░░░░░░░░]   5.7% frames 456000/8069056 ep 19/56  1814 frames/s  ETA 4197s
[2026-08-04 10:51:51] [data] [█░░░░░░░░░░░░░░░░░░░]   5.7% frames 458000/8069056 ep 19/56  1814 frames/s  ETA 4196s
[2026-08-04 10:51:52] [data] [█░░░░░░░░░░░░░░░░░░░]   5.7% frames 460000/8069056 ep 19/56  1815 frames/s  ETA 4193s
[2026-08-04 10:51:53] [data] [█░░░░░░░░░░░░░░░░░░░]   5.7% frames 462000/8069056 ep 19/56  1815 frames/s  ETA 4191s
[2026-08-04 10:51:54] [data] [█░░░░░░░░░░░░░░░░░░░]   5.8% frames 464000/8069056 ep 19/56  1816 frames/s  ETA 4188s
[2026-08-04 10:51:55] [data] [█░░░░░░░░░░░░░░░░░░░]   5.8% frames 466000/8069056 ep 19/56  1817 frames/s  ETA 4185s
[2026-08-04 10:51:56] [data] [█░░░░░░░░░░░░░░░░░░░]   5.8% frames 468000/8069056 ep 19/56  1817 frames/s  ETA 4182s
[2026-08-04 10:51:57] [data] [█░░░░░░░░░░░░░░░░░░░]   5.8% frames 470000/8069056 ep 20/56  1818 frames/s  ETA 4181s
[2026-08-04 10:51:58] [data] [█░░░░░░░░░░░░░░░░░░░]   5.8% frames 472000/8069056 ep 20/56  1818 frames/s  ETA 4178s
[2026-08-04 10:51:59] [data] [█░░░░░░░░░░░░░░░░░░░]   5.9% frames 474000/8069056 ep 20/56  1819 frames/s  ETA 4175s
[2026-08-04 10:52:00] [data] [█░░░░░░░░░░░░░░░░░░░]   5.9% frames 476000/8069056 ep 20/56  1820 frames/s  ETA 4173s
[2026-08-04 10:52:01] [data] [█░░░░░░░░░░░░░░░░░░░]   5.9% frames 478000/8069056 ep 20/56  1820 frames/s  ETA 4171s
[2026-08-04 10:52:02] [data] [█░░░░░░░░░░░░░░░░░░░]   5.9% frames 480000/8069056 ep 20/56  1821 frames/s  ETA 4168s
[2026-08-04 10:52:03] [data] [█░░░░░░░░░░░░░░░░░░░]   6.0% frames 482000/8069056 ep 20/56  1822 frames/s  ETA 4165s
[2026-08-04 10:52:04] [data] [█░░░░░░░░░░░░░░░░░░░]   6.0% frames 484000/8069056 ep 20/56  1822 frames/s  ETA 4163s
[2026-08-04 10:52:05] [data] [█░░░░░░░░░░░░░░░░░░░]   6.0% frames 486000/8069056 ep 20/56  1823 frames/s  ETA 4160s
[2026-08-04 10:52:06] [data] [█░░░░░░░░░░░░░░░░░░░]   6.0% frames 488000/8069056 ep 20/56  1823 frames/s  ETA 4158s
[2026-08-04 10:52:07] [data] [█░░░░░░░░░░░░░░░░░░░]   6.1% frames 490000/8069056 ep 20/56  1824 frames/s  ETA 4155s
[2026-08-04 10:52:08] [data] [█░░░░░░░░░░░░░░░░░░░]   6.1% frames 492000/8069056 ep 20/56  1825 frames/s  ETA 4153s
[2026-08-04 10:52:09] [data] [█░░░░░░░░░░░░░░░░░░░]   6.1% frames 494000/8069056 ep 20/56  1825 frames/s  ETA 4150s
[2026-08-04 10:52:10] [data] [█░░░░░░░░░░░░░░░░░░░]   6.1% frames 496000/8069056 ep 20/56  1826 frames/s  ETA 4147s
[2026-08-04 10:52:11] [data] [█░░░░░░░░░░░░░░░░░░░]   6.2% frames 498000/8069056 ep 20/56  1827 frames/s  ETA 4145s
[2026-08-04 10:52:12] [data] [█░░░░░░░░░░░░░░░░░░░]   6.2% frames 500000/8069056 ep 20/56  1827 frames/s  ETA 4142s
[2026-08-04 10:52:13] [data] [█░░░░░░░░░░░░░░░░░░░]   6.2% frames 502000/8069056 ep 20/56  1828 frames/s  ETA 4140s
[2026-08-04 10:52:14] [data] [█░░░░░░░░░░░░░░░░░░░]   6.2% frames 504000/8069056 ep 20/56  1828 frames/s  ETA 4137s
[2026-08-04 10:52:16] [data] [█░░░░░░░░░░░░░░░░░░░]   6.3% frames 506000/8069056 ep 20/56  1828 frames/s  ETA 4137s
[2026-08-04 10:52:17] [data] [█░░░░░░░░░░░░░░░░░░░]   6.3% frames 508000/8069056 ep 20/56  1828 frames/s  ETA 4136s
[2026-08-04 10:52:18] [data] [█░░░░░░░░░░░░░░░░░░░]   6.3% frames 510000/8069056 ep 20/56  1828 frames/s  ETA 4135s
[2026-08-04 10:52:19] [data] [█░░░░░░░░░░░░░░░░░░░]   6.3% frames 512000/8069056 ep 20/56  1828 frames/s  ETA 4133s
[2026-08-04 10:52:20] [data] [█░░░░░░░░░░░░░░░░░░░]   6.4% frames 514000/8069056 ep 20/56  1828 frames/s  ETA 4133s
[2026-08-04 10:52:21] [data] [█░░░░░░░░░░░░░░░░░░░]   6.4% frames 516000/8069056 ep 20/56  1828 frames/s  ETA 4132s
[2026-08-04 10:52:22] [data] [█░░░░░░░░░░░░░░░░░░░]   6.4% frames 518000/8069056 ep 20/56  1829 frames/s  ETA 4129s
[2026-08-04 10:52:23] [data] [█░░░░░░░░░░░░░░░░░░░]   6.4% frames 520000/8069056 ep 20/56  1829 frames/s  ETA 4127s
[2026-08-04 10:52:24] [data] [█░░░░░░░░░░░░░░░░░░░]   6.5% frames 522000/8069056 ep 20/56  1829 frames/s  ETA 4126s
[2026-08-04 10:52:26] [data] [█░░░░░░░░░░░░░░░░░░░]   6.5% frames 524000/8069056 ep 21/56  1827 frames/s  ETA 4130s
[2026-08-04 10:52:27] [data] [█░░░░░░░░░░░░░░░░░░░]   6.5% frames 526000/8069056 ep 21/56  1827 frames/s  ETA 4129s
[2026-08-04 10:52:28] [data] [█░░░░░░░░░░░░░░░░░░░]   6.5% frames 528000/8069056 ep 21/56  1827 frames/s  ETA 4128s
[2026-08-04 10:52:29] [data] [█░░░░░░░░░░░░░░░░░░░]   6.6% frames 530000/8069056 ep 22/56  1827 frames/s  ETA 4127s
[2026-08-04 10:52:30] [data] [█░░░░░░░░░░░░░░░░░░░]   6.6% frames 532000/8069056 ep 22/56  1827 frames/s  ETA 4125s
[2026-08-04 10:52:31] [data] [█░░░░░░░░░░░░░░░░░░░]   6.6% frames 534000/8069056 ep 22/56  1828 frames/s  ETA 4123s
[2026-08-04 10:52:32] [data] [█░░░░░░░░░░░░░░░░░░░]   6.6% frames 536000/8069056 ep 23/56  1828 frames/s  ETA 4120s
[2026-08-04 10:52:33] [data] [█░░░░░░░░░░░░░░░░░░░]   6.7% frames 538000/8069056 ep 23/56  1829 frames/s  ETA 4117s
[2026-08-04 10:52:34] [data] [█░░░░░░░░░░░░░░░░░░░]   6.7% frames 540000/8069056 ep 23/56  1830 frames/s  ETA 4115s
[2026-08-04 10:52:35] [data] [█░░░░░░░░░░░░░░░░░░░]   6.7% frames 542000/8069056 ep 23/56  1831 frames/s  ETA 4112s
[2026-08-04 10:52:36] [data] [█░░░░░░░░░░░░░░░░░░░]   6.7% frames 544000/8069056 ep 23/56  1831 frames/s  ETA 4110s
[2026-08-04 10:52:37] [data] [█░░░░░░░░░░░░░░░░░░░]   6.8% frames 546000/8069056 ep 23/56  1831 frames/s  ETA 4108s
[2026-08-04 10:52:38] [data] [█░░░░░░░░░░░░░░░░░░░]   6.8% frames 548000/8069056 ep 23/56  1832 frames/s  ETA 4105s
[2026-08-04 10:52:39] [data] [█░░░░░░░░░░░░░░░░░░░]   6.8% frames 550000/8069056 ep 23/56  1833 frames/s  ETA 4102s
[2026-08-04 10:52:40] [data] [█░░░░░░░░░░░░░░░░░░░]   6.8% frames 552000/8069056 ep 23/56  1834 frames/s  ETA 4100s
[2026-08-04 10:52:41] [data] [█░░░░░░░░░░░░░░░░░░░]   6.9% frames 554000/8069056 ep 23/56  1833 frames/s  ETA 4099s
[2026-08-04 10:52:42] [data] [█░░░░░░░░░░░░░░░░░░░]   6.9% frames 556000/8069056 ep 23/56  1833 frames/s  ETA 4098s
[2026-08-04 10:52:43] [data] [█░░░░░░░░░░░░░░░░░░░]   6.9% frames 558000/8069056 ep 23/56  1834 frames/s  ETA 4096s
[2026-08-04 10:52:44] [data] [█░░░░░░░░░░░░░░░░░░░]   6.9% frames 560000/8069056 ep 23/56  1834 frames/s  ETA 4094s
[2026-08-04 10:52:45] [data] [█░░░░░░░░░░░░░░░░░░░]   7.0% frames 562000/8069056 ep 23/56  1834 frames/s  ETA 4093s
[2026-08-04 10:52:46] [data] [█░░░░░░░░░░░░░░░░░░░]   7.0% frames 564000/8069056 ep 23/56  1834 frames/s  ETA 4091s
[2026-08-04 10:52:47] [data] [█░░░░░░░░░░░░░░░░░░░]   7.0% frames 566000/8069056 ep 23/56  1835 frames/s  ETA 4089s
[2026-08-04 10:52:48] [data] [█░░░░░░░░░░░░░░░░░░░]   7.0% frames 568000/8069056 ep 23/56  1836 frames/s  ETA 4086s
[2026-08-04 10:52:49] [data] [█░░░░░░░░░░░░░░░░░░░]   7.1% frames 570000/8069056 ep 23/56  1837 frames/s  ETA 4083s
[2026-08-04 10:52:50] [data] [█░░░░░░░░░░░░░░░░░░░]   7.1% frames 572000/8069056 ep 23/56  1837 frames/s  ETA 4080s
[2026-08-04 10:52:51] [data] [█░░░░░░░░░░░░░░░░░░░]   7.1% frames 574000/8069056 ep 23/56  1838 frames/s  ETA 4078s
[2026-08-04 10:52:52] [data] [█░░░░░░░░░░░░░░░░░░░]   7.1% frames 576000/8069056 ep 23/56  1839 frames/s  ETA 4075s
[2026-08-04 10:52:53] [data] [█░░░░░░░░░░░░░░░░░░░]   7.2% frames 578000/8069056 ep 23/56  1840 frames/s  ETA 4072s
[2026-08-04 10:52:54] [data] [█░░░░░░░░░░░░░░░░░░░]   7.2% frames 580000/8069056 ep 23/56  1840 frames/s  ETA 4069s
[2026-08-04 10:52:55] [data] [█░░░░░░░░░░░░░░░░░░░]   7.2% frames 582000/8069056 ep 23/56  1841 frames/s  ETA 4066s
[2026-08-04 10:52:56] [data] [█░░░░░░░░░░░░░░░░░░░]   7.2% frames 584000/8069056 ep 23/56  1842 frames/s  ETA 4064s
[2026-08-04 10:52:57] [data] [█░░░░░░░░░░░░░░░░░░░]   7.3% frames 586000/8069056 ep 23/56  1842 frames/s  ETA 4061s
[2026-08-04 10:52:58] [data] [█░░░░░░░░░░░░░░░░░░░]   7.3% frames 588000/8069056 ep 23/56  1843 frames/s  ETA 4059s
[2026-08-04 10:52:59] [data] [█░░░░░░░░░░░░░░░░░░░]   7.3% frames 590000/8069056 ep 24/56  1843 frames/s  ETA 4059s
[2026-08-04 10:53:00] [data] [█░░░░░░░░░░░░░░░░░░░]   7.3% frames 592000/8069056 ep 24/56  1844 frames/s  ETA 4056s
[2026-08-04 10:53:01] [data] [█░░░░░░░░░░░░░░░░░░░]   7.4% frames 594000/8069056 ep 24/56  1844 frames/s  ETA 4053s
[2026-08-04 10:53:02] [data] [█░░░░░░░░░░░░░░░░░░░]   7.4% frames 596000/8069056 ep 25/56  1845 frames/s  ETA 4051s
[2026-08-04 10:53:03] [data] [█░░░░░░░░░░░░░░░░░░░]   7.4% frames 598000/8069056 ep 25/56  1846 frames/s  ETA 4048s
[2026-08-04 10:53:04] [data] [█░░░░░░░░░░░░░░░░░░░]   7.4% frames 600000/8069056 ep 25/56  1846 frames/s  ETA 4046s
[2026-08-04 10:53:05] [data] [█░░░░░░░░░░░░░░░░░░░]   7.5% frames 602000/8069056 ep 25/56  1847 frames/s  ETA 4043s
[2026-08-04 10:53:06] [data] [█░░░░░░░░░░░░░░░░░░░]   7.5% frames 604000/8069056 ep 25/56  1848 frames/s  ETA 4040s
[2026-08-04 10:53:07] [data] [█░░░░░░░░░░░░░░░░░░░]   7.5% frames 606000/8069056 ep 26/56  1848 frames/s  ETA 4039s
[2026-08-04 10:53:08] [data] [█░░░░░░░░░░░░░░░░░░░]   7.5% frames 608000/8069056 ep 26/56  1849 frames/s  ETA 4036s
[2026-08-04 10:53:09] [data] [█░░░░░░░░░░░░░░░░░░░]   7.6% frames 610000/8069056 ep 26/56  1849 frames/s  ETA 4034s
[2026-08-04 10:53:10] [data] [█░░░░░░░░░░░░░░░░░░░]   7.6% frames 612000/8069056 ep 26/56  1850 frames/s  ETA 4031s
[2026-08-04 10:53:11] [data] [█░░░░░░░░░░░░░░░░░░░]   7.6% frames 614000/8069056 ep 26/56  1851 frames/s  ETA 4028s
[2026-08-04 10:53:11] [data] [█░░░░░░░░░░░░░░░░░░░]   7.6% frames 616000/8069056 ep 26/56  1851 frames/s  ETA 4026s
[2026-08-04 10:53:12] [data] [█░░░░░░░░░░░░░░░░░░░]   7.7% frames 618000/8069056 ep 26/56  1852 frames/s  ETA 4023s
[2026-08-04 10:53:13] [data] [█░░░░░░░░░░░░░░░░░░░]   7.7% frames 620000/8069056 ep 26/56  1853 frames/s  ETA 4020s
[2026-08-04 10:53:14] [data] [█░░░░░░░░░░░░░░░░░░░]   7.7% frames 622000/8069056 ep 26/56  1853 frames/s  ETA 4018s
[2026-08-04 10:53:15] [data] [█░░░░░░░░░░░░░░░░░░░]   7.7% frames 624000/8069056 ep 26/56  1854 frames/s  ETA 4015s
[2026-08-04 10:53:16] [data] [█░░░░░░░░░░░░░░░░░░░]   7.8% frames 626000/8069056 ep 26/56  1854 frames/s  ETA 4014s
[2026-08-04 10:53:17] [data] [█░░░░░░░░░░░░░░░░░░░]   7.8% frames 628000/8069056 ep 26/56  1855 frames/s  ETA 4011s
[2026-08-04 10:53:18] [data] [█░░░░░░░░░░░░░░░░░░░]   7.8% frames 630000/8069056 ep 26/56  1856 frames/s  ETA 4009s
[2026-08-04 10:53:19] [data] [█░░░░░░░░░░░░░░░░░░░]   7.8% frames 632000/8069056 ep 26/56  1856 frames/s  ETA 4006s
[2026-08-04 10:53:20] [data] [█░░░░░░░░░░░░░░░░░░░]   7.9% frames 634000/8069056 ep 26/56  1857 frames/s  ETA 4004s
[2026-08-04 10:53:21] [data] [█░░░░░░░░░░░░░░░░░░░]   7.9% frames 636000/8069056 ep 26/56  1858 frames/s  ETA 4001s
[2026-08-04 10:53:22] [data] [█░░░░░░░░░░░░░░░░░░░]   7.9% frames 638000/8069056 ep 26/56  1858 frames/s  ETA 3999s
[2026-08-04 10:53:23] [data] [█░░░░░░░░░░░░░░░░░░░]   7.9% frames 640000/8069056 ep 26/56  1859 frames/s  ETA 3996s
[2026-08-04 10:53:24] [data] [█░░░░░░░░░░░░░░░░░░░]   8.0% frames 642000/8069056 ep 26/56  1859 frames/s  ETA 3994s
[2026-08-04 10:53:25] [data] [█░░░░░░░░░░░░░░░░░░░]   8.0% frames 644000/8069056 ep 27/56  1860 frames/s  ETA 3993s
[2026-08-04 10:53:26] [data] [█░░░░░░░░░░░░░░░░░░░]   8.0% frames 646000/8069056 ep 27/56  1860 frames/s  ETA 3991s
[2026-08-04 10:53:27] [data] [█░░░░░░░░░░░░░░░░░░░]   8.0% frames 648000/8069056 ep 27/56  1861 frames/s  ETA 3988s
[2026-08-04 10:53:28] [data] [█░░░░░░░░░░░░░░░░░░░]   8.1% frames 650000/8069056 ep 28/56  1861 frames/s  ETA 3986s
[2026-08-04 10:53:29] [data] [█░░░░░░░░░░░░░░░░░░░]   8.1% frames 652000/8069056 ep 28/56  1862 frames/s  ETA 3984s
[2026-08-04 10:53:30] [data] [█░░░░░░░░░░░░░░░░░░░]   8.1% frames 654000/8069056 ep 28/56  1862 frames/s  ETA 3982s
[2026-08-04 10:53:31] [data] [█░░░░░░░░░░░░░░░░░░░]   8.1% frames 656000/8069056 ep 28/56  1863 frames/s  ETA 3979s
[2026-08-04 10:53:32] [data] [█░░░░░░░░░░░░░░░░░░░]   8.2% frames 658000/8069056 ep 28/56  1864 frames/s  ETA 3977s
[2026-08-04 10:53:33] [data] [█░░░░░░░░░░░░░░░░░░░]   8.2% frames 660000/8069056 ep 28/56  1864 frames/s  ETA 3974s
[2026-08-04 10:53:34] [data] [█░░░░░░░░░░░░░░░░░░░]   8.2% frames 662000/8069056 ep 28/56  1865 frames/s  ETA 3972s
[2026-08-04 10:53:35] [data] [█░░░░░░░░░░░░░░░░░░░]   8.2% frames 664000/8069056 ep 28/56  1865 frames/s  ETA 3970s
[2026-08-04 10:53:36] [data] [█░░░░░░░░░░░░░░░░░░░]   8.3% frames 666000/8069056 ep 28/56  1866 frames/s  ETA 3967s
[2026-08-04 10:53:37] [data] [█░░░░░░░░░░░░░░░░░░░]   8.3% frames 668000/8069056 ep 28/56  1867 frames/s  ETA 3965s
[2026-08-04 10:53:38] [data] [█░░░░░░░░░░░░░░░░░░░]   8.3% frames 670000/8069056 ep 28/56  1867 frames/s  ETA 3963s
[2026-08-04 10:53:39] [data] [█░░░░░░░░░░░░░░░░░░░]   8.3% frames 672000/8069056 ep 28/56  1868 frames/s  ETA 3960s
[2026-08-04 10:53:40] [data] [█░░░░░░░░░░░░░░░░░░░]   8.4% frames 674000/8069056 ep 29/56  1868 frames/s  ETA 3959s
[2026-08-04 10:53:41] [data] [█░░░░░░░░░░░░░░░░░░░]   8.4% frames 676000/8069056 ep 29/56  1868 frames/s  ETA 3957s
[2026-08-04 10:53:41] [data] [█░░░░░░░░░░░░░░░░░░░]   8.4% frames 678000/8069056 ep 29/56  1869 frames/s  ETA 3954s
[2026-08-04 10:53:42] [data] [█░░░░░░░░░░░░░░░░░░░]   8.4% frames 680000/8069056 ep 29/56  1870 frames/s  ETA 3952s
[2026-08-04 10:53:43] [data] [█░░░░░░░░░░░░░░░░░░░]   8.5% frames 682000/8069056 ep 29/56  1870 frames/s  ETA 3949s
[2026-08-04 10:53:44] [data] [█░░░░░░░░░░░░░░░░░░░]   8.5% frames 684000/8069056 ep 29/56  1871 frames/s  ETA 3947s
[2026-08-04 10:53:45] [data] [█░░░░░░░░░░░░░░░░░░░]   8.5% frames 686000/8069056 ep 30/56  1871 frames/s  ETA 3945s
[2026-08-04 10:53:46] [data] [█░░░░░░░░░░░░░░░░░░░]   8.5% frames 688000/8069056 ep 30/56  1872 frames/s  ETA 3943s
[2026-08-04 10:53:47] [data] [█░░░░░░░░░░░░░░░░░░░]   8.6% frames 690000/8069056 ep 30/56  1872 frames/s  ETA 3941s
[2026-08-04 10:53:48] [data] [█░░░░░░░░░░░░░░░░░░░]   8.6% frames 692000/8069056 ep 30/56  1873 frames/s  ETA 3939s
[2026-08-04 10:53:49] [data] [█░░░░░░░░░░░░░░░░░░░]   8.6% frames 694000/8069056 ep 30/56  1873 frames/s  ETA 3937s
[2026-08-04 10:53:50] [data] [█░░░░░░░░░░░░░░░░░░░]   8.6% frames 696000/8069056 ep 30/56  1874 frames/s  ETA 3934s
[2026-08-04 10:53:51] [data] [█░░░░░░░░░░░░░░░░░░░]   8.7% frames 698000/8069056 ep 30/56  1875 frames/s  ETA 3932s
[2026-08-04 10:53:52] [data] [█░░░░░░░░░░░░░░░░░░░]   8.7% frames 700000/8069056 ep 30/56  1875 frames/s  ETA 3930s
[2026-08-04 10:53:53] [data] [█░░░░░░░░░░░░░░░░░░░]   8.7% frames 702000/8069056 ep 30/56  1876 frames/s  ETA 3927s
[2026-08-04 10:53:54] [data] [█░░░░░░░░░░░░░░░░░░░]   8.7% frames 704000/8069056 ep 30/56  1876 frames/s  ETA 3925s
[2026-08-04 10:53:55] [data] [█░░░░░░░░░░░░░░░░░░░]   8.7% frames 706000/8069056 ep 30/56  1877 frames/s  ETA 3923s
[2026-08-04 10:53:56] [data] [█░░░░░░░░░░░░░░░░░░░]   8.8% frames 708000/8069056 ep 30/56  1877 frames/s  ETA 3921s
[2026-08-04 10:53:57] [data] [█░░░░░░░░░░░░░░░░░░░]   8.8% frames 710000/8069056 ep 30/56  1878 frames/s  ETA 3919s
[2026-08-04 10:53:58] [data] [█░░░░░░░░░░░░░░░░░░░]   8.8% frames 712000/8069056 ep 30/56  1878 frames/s  ETA 3917s
[2026-08-04 10:53:59] [data] [█░░░░░░░░░░░░░░░░░░░]   8.8% frames 714000/8069056 ep 30/56  1879 frames/s  ETA 3915s
[2026-08-04 10:54:00] [data] [█░░░░░░░░░░░░░░░░░░░]   8.9% frames 716000/8069056 ep 30/56  1879 frames/s  ETA 3913s
[2026-08-04 10:54:01] [data] [█░░░░░░░░░░░░░░░░░░░]   8.9% frames 718000/8069056 ep 30/56  1880 frames/s  ETA 3910s
[2026-08-04 10:54:02] [data] [█░░░░░░░░░░░░░░░░░░░]   8.9% frames 720000/8069056 ep 30/56  1880 frames/s  ETA 3909s
[2026-08-04 10:54:03] [data] [█░░░░░░░░░░░░░░░░░░░]   8.9% frames 722000/8069056 ep 30/56  1880 frames/s  ETA 3908s
[2026-08-04 10:54:04] [data] [█░░░░░░░░░░░░░░░░░░░]   9.0% frames 724000/8069056 ep 31/56  1879 frames/s  ETA 3910s
[2026-08-04 10:54:05] [data] [█░░░░░░░░░░░░░░░░░░░]   9.0% frames 726000/8069056 ep 31/56  1879 frames/s  ETA 3907s
[2026-08-04 10:54:06] [data] [█░░░░░░░░░░░░░░░░░░░]   9.0% frames 728000/8069056 ep 31/56  1880 frames/s  ETA 3905s
[2026-08-04 10:54:07] [data] [█░░░░░░░░░░░░░░░░░░░]   9.0% frames 730000/8069056 ep 31/56  1880 frames/s  ETA 3903s
[2026-08-04 10:54:08] [data] [█░░░░░░░░░░░░░░░░░░░]   9.1% frames 732000/8069056 ep 31/56  1881 frames/s  ETA 3901s
[2026-08-04 10:54:09] [data] [█░░░░░░░░░░░░░░░░░░░]   9.1% frames 734000/8069056 ep 32/56  1881 frames/s  ETA 3899s
[2026-08-04 10:54:10] [data] [█░░░░░░░░░░░░░░░░░░░]   9.1% frames 736000/8069056 ep 32/56  1882 frames/s  ETA 3897s
[2026-08-04 10:54:11] [data] [█░░░░░░░░░░░░░░░░░░░]   9.1% frames 738000/8069056 ep 32/56  1882 frames/s  ETA 3894s
[2026-08-04 10:54:12] [data] [█░░░░░░░░░░░░░░░░░░░]   9.2% frames 740000/8069056 ep 32/56  1883 frames/s  ETA 3892s
[2026-08-04 10:54:13] [data] [█░░░░░░░░░░░░░░░░░░░]   9.2% frames 742000/8069056 ep 32/56  1884 frames/s  ETA 3890s
[2026-08-04 10:54:14] [data] [█░░░░░░░░░░░░░░░░░░░]   9.2% frames 744000/8069056 ep 32/56  1884 frames/s  ETA 3888s
[2026-08-04 10:54:15] [data] [█░░░░░░░░░░░░░░░░░░░]   9.2% frames 746000/8069056 ep 32/56  1885 frames/s  ETA 3886s
[2026-08-04 10:54:16] [data] [█░░░░░░░░░░░░░░░░░░░]   9.3% frames 748000/8069056 ep 32/56  1885 frames/s  ETA 3884s
[2026-08-04 10:54:16] [data] [█░░░░░░░░░░░░░░░░░░░]   9.3% frames 750000/8069056 ep 32/56  1886 frames/s  ETA 3881s
[2026-08-04 10:54:17] [data] [█░░░░░░░░░░░░░░░░░░░]   9.3% frames 752000/8069056 ep 32/56  1886 frames/s  ETA 3879s
[2026-08-04 10:54:18] [data] [█░░░░░░░░░░░░░░░░░░░]   9.3% frames 754000/8069056 ep 32/56  1887 frames/s  ETA 3877s
[2026-08-04 10:54:19] [data] [█░░░░░░░░░░░░░░░░░░░]   9.4% frames 756000/8069056 ep 32/56  1887 frames/s  ETA 3875s
[2026-08-04 10:54:20] [data] [█░░░░░░░░░░░░░░░░░░░]   9.4% frames 758000/8069056 ep 32/56  1887 frames/s  ETA 3874s
[2026-08-04 10:54:21] [data] [█░░░░░░░░░░░░░░░░░░░]   9.4% frames 760000/8069056 ep 32/56  1888 frames/s  ETA 3872s
[2026-08-04 10:54:22] [data] [█░░░░░░░░░░░░░░░░░░░]   9.4% frames 762000/8069056 ep 32/56  1888 frames/s  ETA 3870s
[2026-08-04 10:54:23] [data] [█░░░░░░░░░░░░░░░░░░░]   9.5% frames 764000/8069056 ep 32/56  1889 frames/s  ETA 3868s
[2026-08-04 10:54:24] [data] [█░░░░░░░░░░░░░░░░░░░]   9.5% frames 766000/8069056 ep 32/56  1889 frames/s  ETA 3866s
[2026-08-04 10:54:25] [data] [█░░░░░░░░░░░░░░░░░░░]   9.5% frames 768000/8069056 ep 33/56  1889 frames/s  ETA 3865s
[2026-08-04 10:54:26] [data] [█░░░░░░░░░░░░░░░░░░░]   9.5% frames 770000/8069056 ep 33/56  1890 frames/s  ETA 3863s
[2026-08-04 10:54:27] [data] [█░░░░░░░░░░░░░░░░░░░]   9.6% frames 772000/8069056 ep 34/56  1890 frames/s  ETA 3861s
[2026-08-04 10:54:28] [data] [█░░░░░░░░░░░░░░░░░░░]   9.6% frames 774000/8069056 ep 34/56  1891 frames/s  ETA 3859s
[2026-08-04 10:54:29] [data] [█░░░░░░░░░░░░░░░░░░░]   9.6% frames 776000/8069056 ep 34/56  1891 frames/s  ETA 3857s
[2026-08-04 10:54:30] [data] [█░░░░░░░░░░░░░░░░░░░]   9.6% frames 778000/8069056 ep 34/56  1892 frames/s  ETA 3855s
[2026-08-04 10:54:31] [data] [█░░░░░░░░░░░░░░░░░░░]   9.7% frames 780000/8069056 ep 35/56  1892 frames/s  ETA 3853s
[2026-08-04 10:54:32] [data] [█░░░░░░░░░░░░░░░░░░░]   9.7% frames 782000/8069056 ep 35/56  1892 frames/s  ETA 3851s
[2026-08-04 10:54:33] [data] [█░░░░░░░░░░░░░░░░░░░]   9.7% frames 784000/8069056 ep 35/56  1893 frames/s  ETA 3849s
[2026-08-04 10:54:34] [data] [█░░░░░░░░░░░░░░░░░░░]   9.7% frames 786000/8069056 ep 35/56  1893 frames/s  ETA 3848s
[2026-08-04 10:54:35] [data] [█░░░░░░░░░░░░░░░░░░░]   9.8% frames 788000/8069056 ep 35/56  1893 frames/s  ETA 3846s
[2026-08-04 10:54:36] [data] [█░░░░░░░░░░░░░░░░░░░]   9.8% frames 790000/8069056 ep 35/56  1894 frames/s  ETA 3843s
[2026-08-04 10:54:37] [data] [█░░░░░░░░░░░░░░░░░░░]   9.8% frames 792000/8069056 ep 35/56  1894 frames/s  ETA 3841s
[2026-08-04 10:54:38] [data] [█░░░░░░░░░░░░░░░░░░░]   9.8% frames 794000/8069056 ep 35/56  1895 frames/s  ETA 3839s
[2026-08-04 10:54:39] [data] [█░░░░░░░░░░░░░░░░░░░]   9.9% frames 796000/8069056 ep 35/56  1895 frames/s  ETA 3837s
[2026-08-04 10:54:40] [data] [█░░░░░░░░░░░░░░░░░░░]   9.9% frames 798000/8069056 ep 35/56  1896 frames/s  ETA 3835s
[2026-08-04 10:54:41] [data] [█░░░░░░░░░░░░░░░░░░░]   9.9% frames 800000/8069056 ep 35/56  1896 frames/s  ETA 3833s
[2026-08-04 10:54:42] [data] [█░░░░░░░░░░░░░░░░░░░]   9.9% frames 802000/8069056 ep 35/56  1897 frames/s  ETA 3831s
[2026-08-04 10:54:42] [data] [█░░░░░░░░░░░░░░░░░░░]  10.0% frames 804000/8069056 ep 35/56  1897 frames/s  ETA 3829s
[2026-08-04 10:54:44] [data] [█░░░░░░░░░░░░░░░░░░░]  10.0% frames 806000/8069056 ep 36/56  1897 frames/s  ETA 3828s
[2026-08-04 10:54:44] [data] [██░░░░░░░░░░░░░░░░░░]  10.0% frames 808000/8069056 ep 36/56  1898 frames/s  ETA 3826s
[2026-08-04 10:54:45] [data] [██░░░░░░░░░░░░░░░░░░]  10.0% frames 810000/8069056 ep 36/56  1898 frames/s  ETA 3824s
[2026-08-04 10:54:46] [data] [██░░░░░░░░░░░░░░░░░░]  10.1% frames 812000/8069056 ep 36/56  1899 frames/s  ETA 3822s
[2026-08-04 10:54:47] [data] [██░░░░░░░░░░░░░░░░░░]  10.1% frames 814000/8069056 ep 36/56  1899 frames/s  ETA 3820s
[2026-08-04 10:54:48] [data] [██░░░░░░░░░░░░░░░░░░]  10.1% frames 816000/8069056 ep 36/56  1900 frames/s  ETA 3818s
[2026-08-04 10:54:49] [data] [██░░░░░░░░░░░░░░░░░░]  10.1% frames 818000/8069056 ep 36/56  1900 frames/s  ETA 3816s
[2026-08-04 10:54:50] [data] [██░░░░░░░░░░░░░░░░░░]  10.2% frames 820000/8069056 ep 36/56  1901 frames/s  ETA 3814s
[2026-08-04 10:54:51] [data] [██░░░░░░░░░░░░░░░░░░]  10.2% frames 822000/8069056 ep 36/56  1901 frames/s  ETA 3812s
[2026-08-04 10:54:52] [data] [██░░░░░░░░░░░░░░░░░░]  10.2% frames 824000/8069056 ep 36/56  1901 frames/s  ETA 3810s
[2026-08-04 10:54:53] [data] [██░░░░░░░░░░░░░░░░░░]  10.2% frames 826000/8069056 ep 36/56  1902 frames/s  ETA 3809s
[2026-08-04 10:54:54] [data] [██░░░░░░░░░░░░░░░░░░]  10.3% frames 828000/8069056 ep 36/56  1902 frames/s  ETA 3807s
[2026-08-04 10:54:55] [data] [██░░░░░░░░░░░░░░░░░░]  10.3% frames 830000/8069056 ep 36/56  1902 frames/s  ETA 3806s
[2026-08-04 10:54:56] [data] [██░░░░░░░░░░░░░░░░░░]  10.3% frames 832000/8069056 ep 36/56  1902 frames/s  ETA 3804s
[2026-08-04 10:54:57] [data] [██░░░░░░░░░░░░░░░░░░]  10.3% frames 834000/8069056 ep 36/56  1903 frames/s  ETA 3802s
[2026-08-04 10:54:58] [data] [██░░░░░░░░░░░░░░░░░░]  10.4% frames 836000/8069056 ep 36/56  1903 frames/s  ETA 3800s
[2026-08-04 10:54:59] [data] [██░░░░░░░░░░░░░░░░░░]  10.4% frames 838000/8069056 ep 37/56  1903 frames/s  ETA 3799s
[2026-08-04 10:55:00] [data] [██░░░░░░░░░░░░░░░░░░]  10.4% frames 840000/8069056 ep 37/56  1904 frames/s  ETA 3797s
[2026-08-04 10:55:01] [data] [██░░░░░░░░░░░░░░░░░░]  10.4% frames 842000/8069056 ep 37/56  1904 frames/s  ETA 3795s
[2026-08-04 10:55:02] [data] [██░░░░░░░░░░░░░░░░░░]  10.5% frames 844000/8069056 ep 38/56  1904 frames/s  ETA 3794s
[2026-08-04 10:55:03] [data] [██░░░░░░░░░░░░░░░░░░]  10.5% frames 846000/8069056 ep 38/56  1905 frames/s  ETA 3792s
[2026-08-04 10:55:04] [data] [██░░░░░░░░░░░░░░░░░░]  10.5% frames 848000/8069056 ep 38/56  1905 frames/s  ETA 3790s
[2026-08-04 10:55:05] [data] [██░░░░░░░░░░░░░░░░░░]  10.5% frames 850000/8069056 ep 38/56  1906 frames/s  ETA 3788s
[2026-08-04 10:55:06] [data] [██░░░░░░░░░░░░░░░░░░]  10.6% frames 852000/8069056 ep 38/56  1906 frames/s  ETA 3787s
[2026-08-04 10:55:07] [data] [██░░░░░░░░░░░░░░░░░░]  10.6% frames 854000/8069056 ep 38/56  1906 frames/s  ETA 3785s
[2026-08-04 10:55:08] [data] [██░░░░░░░░░░░░░░░░░░]  10.6% frames 856000/8069056 ep 38/56  1907 frames/s  ETA 3783s
[2026-08-04 10:55:09] [data] [██░░░░░░░░░░░░░░░░░░]  10.6% frames 858000/8069056 ep 38/56  1907 frames/s  ETA 3781s
[2026-08-04 10:55:10] [data] [██░░░░░░░░░░░░░░░░░░]  10.7% frames 860000/8069056 ep 38/56  1907 frames/s  ETA 3780s
[2026-08-04 10:55:11] [data] [██░░░░░░░░░░░░░░░░░░]  10.7% frames 862000/8069056 ep 38/56  1908 frames/s  ETA 3778s
[2026-08-04 10:55:12] [data] [██░░░░░░░░░░░░░░░░░░]  10.7% frames 864000/8069056 ep 38/56  1908 frames/s  ETA 3776s
[2026-08-04 10:55:13] [data] [██░░░░░░░░░░░░░░░░░░]  10.7% frames 866000/8069056 ep 38/56  1908 frames/s  ETA 3774s
[2026-08-04 10:55:14] [data] [██░░░░░░░░░░░░░░░░░░]  10.8% frames 868000/8069056 ep 39/56  1908 frames/s  ETA 3774s
[2026-08-04 10:55:15] [data] [██░░░░░░░░░░░░░░░░░░]  10.8% frames 870000/8069056 ep 39/56  1908 frames/s  ETA 3773s
[2026-08-04 10:55:16] [data] [██░░░░░░░░░░░░░░░░░░]  10.8% frames 872000/8069056 ep 39/56  1909 frames/s  ETA 3771s
[2026-08-04 10:55:17] [data] [██░░░░░░░░░░░░░░░░░░]  10.8% frames 874000/8069056 ep 39/56  1909 frames/s  ETA 3769s
[2026-08-04 10:55:18] [data] [██░░░░░░░░░░░░░░░░░░]  10.9% frames 876000/8069056 ep 40/56  1909 frames/s  ETA 3768s
[2026-08-04 10:55:19] [data] [██░░░░░░░░░░░░░░░░░░]  10.9% frames 878000/8069056 ep 40/56  1909 frames/s  ETA 3766s
[2026-08-04 10:55:19] [data] [██░░░░░░░░░░░░░░░░░░]  10.9% frames 880000/8069056 ep 40/56  1910 frames/s  ETA 3764s
[2026-08-04 10:55:20] [data] [██░░░░░░░░░░░░░░░░░░]  10.9% frames 882000/8069056 ep 40/56  1910 frames/s  ETA 3762s
[2026-08-04 10:55:21] [data] [██░░░░░░░░░░░░░░░░░░]  11.0% frames 884000/8069056 ep 40/56  1911 frames/s  ETA 3761s
[2026-08-04 10:55:22] [data] [██░░░░░░░░░░░░░░░░░░]  11.0% frames 886000/8069056 ep 40/56  1911 frames/s  ETA 3759s
[2026-08-04 10:55:23] [data] [██░░░░░░░░░░░░░░░░░░]  11.0% frames 888000/8069056 ep 40/56  1911 frames/s  ETA 3757s
[2026-08-04 10:55:24] [data] [██░░░░░░░░░░░░░░░░░░]  11.0% frames 890000/8069056 ep 40/56  1912 frames/s  ETA 3755s
[2026-08-04 10:55:25] [data] [██░░░░░░░░░░░░░░░░░░]  11.1% frames 892000/8069056 ep 40/56  1912 frames/s  ETA 3753s
[2026-08-04 10:55:26] [data] [██░░░░░░░░░░░░░░░░░░]  11.1% frames 894000/8069056 ep 40/56  1913 frames/s  ETA 3751s
[2026-08-04 10:55:27] [data] [██░░░░░░░░░░░░░░░░░░]  11.1% frames 896000/8069056 ep 40/56  1913 frames/s  ETA 3750s
[2026-08-04 10:55:28] [data] [██░░░░░░░░░░░░░░░░░░]  11.1% frames 898000/8069056 ep 40/56  1913 frames/s  ETA 3748s
[2026-08-04 10:55:29] [data] [██░░░░░░░░░░░░░░░░░░]  11.2% frames 900000/8069056 ep 40/56  1914 frames/s  ETA 3746s
[2026-08-04 10:55:30] [data] [██░░░░░░░░░░░░░░░░░░]  11.2% frames 902000/8069056 ep 40/56  1914 frames/s  ETA 3744s
[2026-08-04 10:55:31] [data] [██░░░░░░░░░░░░░░░░░░]  11.2% frames 904000/8069056 ep 40/56  1915 frames/s  ETA 3743s
[2026-08-04 10:55:32] [data] [██░░░░░░░░░░░░░░░░░░]  11.2% frames 906000/8069056 ep 40/56  1915 frames/s  ETA 3741s
[2026-08-04 10:55:33] [data] [██░░░░░░░░░░░░░░░░░░]  11.3% frames 908000/8069056 ep 40/56  1915 frames/s  ETA 3739s
[2026-08-04 10:55:34] [data] [██░░░░░░░░░░░░░░░░░░]  11.3% frames 910000/8069056 ep 40/56  1916 frames/s  ETA 3737s
[2026-08-04 10:55:35] [data] [██░░░░░░░░░░░░░░░░░░]  11.3% frames 912000/8069056 ep 40/56  1916 frames/s  ETA 3735s
[2026-08-04 10:55:36] [data] [██░░░░░░░░░░░░░░░░░░]  11.3% frames 914000/8069056 ep 40/56  1916 frames/s  ETA 3733s
[2026-08-04 10:55:37] [data] [██░░░░░░░░░░░░░░░░░░]  11.4% frames 916000/8069056 ep 40/56  1917 frames/s  ETA 3732s
[2026-08-04 10:55:38] [data] [██░░░░░░░░░░░░░░░░░░]  11.4% frames 918000/8069056 ep 40/56  1917 frames/s  ETA 3730s
[2026-08-04 10:55:39] [data] [██░░░░░░░░░░░░░░░░░░]  11.4% frames 920000/8069056 ep 40/56  1917 frames/s  ETA 3728s
[2026-08-04 10:55:40] [data] [██░░░░░░░░░░░░░░░░░░]  11.4% frames 922000/8069056 ep 40/56  1918 frames/s  ETA 3727s
[2026-08-04 10:55:41] [data] [██░░░░░░░░░░░░░░░░░░]  11.5% frames 924000/8069056 ep 41/56  1917 frames/s  ETA 3726s
[2026-08-04 10:55:42] [data] [██░░░░░░░░░░░░░░░░░░]  11.5% frames 926000/8069056 ep 41/56  1918 frames/s  ETA 3725s
[2026-08-04 10:55:43] [data] [██░░░░░░░░░░░░░░░░░░]  11.5% frames 928000/8069056 ep 41/56  1918 frames/s  ETA 3723s
[2026-08-04 10:55:43] [data] [██░░░░░░░░░░░░░░░░░░]  11.5% frames 930000/8069056 ep 41/56  1918 frames/s  ETA 3721s
[2026-08-04 10:55:44] [data] [██░░░░░░░░░░░░░░░░░░]  11.6% frames 932000/8069056 ep 41/56  1919 frames/s  ETA 3720s
[2026-08-04 10:55:45] [data] [██░░░░░░░░░░░░░░░░░░]  11.6% frames 934000/8069056 ep 41/56  1919 frames/s  ETA 3718s
[2026-08-04 10:55:46] [data] [██░░░░░░░░░░░░░░░░░░]  11.6% frames 936000/8069056 ep 41/56  1920 frames/s  ETA 3716s
[2026-08-04 10:55:47] [data] [██░░░░░░░░░░░░░░░░░░]  11.6% frames 938000/8069056 ep 41/56  1920 frames/s  ETA 3714s
[2026-08-04 10:55:48] [data] [██░░░░░░░░░░░░░░░░░░]  11.6% frames 940000/8069056 ep 41/56  1920 frames/s  ETA 3713s
[2026-08-04 10:55:49] [data] [██░░░░░░░░░░░░░░░░░░]  11.7% frames 942000/8069056 ep 41/56  1921 frames/s  ETA 3711s
[2026-08-04 10:55:50] [data] [██░░░░░░░░░░░░░░░░░░]  11.7% frames 944000/8069056 ep 41/56  1921 frames/s  ETA 3710s
[2026-08-04 10:55:51] [data] [██░░░░░░░░░░░░░░░░░░]  11.7% frames 946000/8069056 ep 41/56  1921 frames/s  ETA 3708s
[2026-08-04 10:55:52] [data] [██░░░░░░░░░░░░░░░░░░]  11.7% frames 948000/8069056 ep 41/56  1921 frames/s  ETA 3707s
[2026-08-04 10:55:53] [data] [██░░░░░░░░░░░░░░░░░░]  11.8% frames 950000/8069056 ep 41/56  1921 frames/s  ETA 3705s
[2026-08-04 10:55:54] [data] [██░░░░░░░░░░░░░░░░░░]  11.8% frames 952000/8069056 ep 41/56  1922 frames/s  ETA 3704s
[2026-08-04 10:55:55] [data] [██░░░░░░░░░░░░░░░░░░]  11.8% frames 954000/8069056 ep 41/56  1922 frames/s  ETA 3702s
[2026-08-04 10:55:56] [data] [██░░░░░░░░░░░░░░░░░░]  11.8% frames 956000/8069056 ep 41/56  1922 frames/s  ETA 3700s
[2026-08-04 10:55:57] [data] [██░░░░░░░░░░░░░░░░░░]  11.9% frames 958000/8069056 ep 41/56  1923 frames/s  ETA 3698s
[2026-08-04 10:55:58] [data] [██░░░░░░░░░░░░░░░░░░]  11.9% frames 960000/8069056 ep 41/56  1923 frames/s  ETA 3697s
[2026-08-04 10:55:59] [data] [██░░░░░░░░░░░░░░░░░░]  11.9% frames 962000/8069056 ep 41/56  1923 frames/s  ETA 3695s
[2026-08-04 10:56:00] [data] [██░░░░░░░░░░░░░░░░░░]  11.9% frames 964000/8069056 ep 41/56  1923 frames/s  ETA 3695s
[2026-08-04 10:56:01] [data] [██░░░░░░░░░░░░░░░░░░]  12.0% frames 966000/8069056 ep 41/56  1923 frames/s  ETA 3693s
[2026-08-04 10:56:02] [data] [██░░░░░░░░░░░░░░░░░░]  12.0% frames 968000/8069056 ep 41/56  1924 frames/s  ETA 3692s
[2026-08-04 10:56:03] [data] [██░░░░░░░░░░░░░░░░░░]  12.0% frames 970000/8069056 ep 41/56  1924 frames/s  ETA 3690s
[2026-08-04 10:56:04] [data] [██░░░░░░░░░░░░░░░░░░]  12.0% frames 972000/8069056 ep 41/56  1924 frames/s  ETA 3688s
[2026-08-04 10:56:05] [data] [██░░░░░░░░░░░░░░░░░░]  12.1% frames 974000/8069056 ep 41/56  1924 frames/s  ETA 3687s
[2026-08-04 10:56:06] [data] [██░░░░░░░░░░░░░░░░░░]  12.1% frames 976000/8069056 ep 41/56  1925 frames/s  ETA 3685s
[2026-08-04 10:56:07] [data] [██░░░░░░░░░░░░░░░░░░]  12.1% frames 978000/8069056 ep 41/56  1925 frames/s  ETA 3684s
[2026-08-04 10:56:08] [data] [██░░░░░░░░░░░░░░░░░░]  12.1% frames 980000/8069056 ep 43/56  1924 frames/s  ETA 3685s
[2026-08-04 10:56:09] [data] [██░░░░░░░░░░░░░░░░░░]  12.2% frames 982000/8069056 ep 43/56  1923 frames/s  ETA 3685s
[2026-08-04 10:56:10] [data] [██░░░░░░░░░░░░░░░░░░]  12.2% frames 984000/8069056 ep 43/56  1923 frames/s  ETA 3684s
[2026-08-04 10:56:11] [data] [██░░░░░░░░░░░░░░░░░░]  12.2% frames 986000/8069056 ep 43/56  1924 frames/s  ETA 3682s
[2026-08-04 10:56:12] [data] [██░░░░░░░░░░░░░░░░░░]  12.2% frames 988000/8069056 ep 43/56  1924 frames/s  ETA 3681s
[2026-08-04 10:56:13] [data] [██░░░░░░░░░░░░░░░░░░]  12.3% frames 990000/8069056 ep 43/56  1924 frames/s  ETA 3679s
[2026-08-04 10:56:14] [data] [██░░░░░░░░░░░░░░░░░░]  12.3% frames 992000/8069056 ep 43/56  1924 frames/s  ETA 3677s
[2026-08-04 10:56:15] [data] [██░░░░░░░░░░░░░░░░░░]  12.3% frames 994000/8069056 ep 43/56  1924 frames/s  ETA 3677s
[2026-08-04 10:56:16] [data] [██░░░░░░░░░░░░░░░░░░]  12.3% frames 996000/8069056 ep 43/56  1924 frames/s  ETA 3675s
[2026-08-04 10:56:17] [data] [██░░░░░░░░░░░░░░░░░░]  12.4% frames 998000/8069056 ep 43/56  1925 frames/s  ETA 3674s
[2026-08-04 10:56:18] [data] [██░░░░░░░░░░░░░░░░░░]  12.4% frames 1000000/8069056 ep 43/56  1924 frames/s  ETA 3673s
[2026-08-04 10:56:19] [data] [██░░░░░░░░░░░░░░░░░░]  12.4% frames 1002000/8069056 ep 43/56  1925 frames/s  ETA 3672s
[2026-08-04 10:56:20] [data] [██░░░░░░░░░░░░░░░░░░]  12.4% frames 1004000/8069056 ep 43/56  1925 frames/s  ETA 3670s
[2026-08-04 10:56:21] [data] [██░░░░░░░░░░░░░░░░░░]  12.5% frames 1006000/8069056 ep 43/56  1925 frames/s  ETA 3668s
[2026-08-04 10:56:22] [data] [██░░░░░░░░░░░░░░░░░░]  12.5% frames 1008000/8069056 ep 43/56  1926 frames/s  ETA 3667s
[2026-08-04 10:56:23] [data] [██░░░░░░░░░░░░░░░░░░]  12.5% frames 1010000/8069056 ep 43/56  1926 frames/s  ETA 3665s
[2026-08-04 10:56:24] [data] [██░░░░░░░░░░░░░░░░░░]  12.5% frames 1012000/8069056 ep 43/56  1926 frames/s  ETA 3663s
[2026-08-04 10:56:25] [data] [██░░░░░░░░░░░░░░░░░░]  12.6% frames 1014000/8069056 ep 44/56  1926 frames/s  ETA 3663s
[2026-08-04 10:56:26] [data] [██░░░░░░░░░░░░░░░░░░]  12.6% frames 1016000/8069056 ep 44/56  1927 frames/s  ETA 3661s
[2026-08-04 10:56:27] [data] [██░░░░░░░░░░░░░░░░░░]  12.6% frames 1018000/8069056 ep 44/56  1927 frames/s  ETA 3660s
[2026-08-04 10:56:28] [data] [██░░░░░░░░░░░░░░░░░░]  12.6% frames 1020000/8069056 ep 44/56  1927 frames/s  ETA 3658s
[2026-08-04 10:56:29] [data] [██░░░░░░░░░░░░░░░░░░]  12.7% frames 1022000/8069056 ep 44/56  1927 frames/s  ETA 3657s
[2026-08-04 10:56:30] [data] [██░░░░░░░░░░░░░░░░░░]  12.7% frames 1024000/8069056 ep 44/56  1927 frames/s  ETA 3655s
[2026-08-04 10:56:31] [data] [██░░░░░░░░░░░░░░░░░░]  12.7% frames 1026000/8069056 ep 44/56  1928 frames/s  ETA 3654s
[2026-08-04 10:56:32] [data] [██░░░░░░░░░░░░░░░░░░]  12.7% frames 1028000/8069056 ep 44/56  1928 frames/s  ETA 3652s
[2026-08-04 10:56:33] [data] [██░░░░░░░░░░░░░░░░░░]  12.8% frames 1030000/8069056 ep 44/56  1928 frames/s  ETA 3650s
[2026-08-04 10:56:34] [data] [██░░░░░░░░░░░░░░░░░░]  12.8% frames 1032000/8069056 ep 45/56  1928 frames/s  ETA 3649s
[2026-08-04 10:56:35] [data] [██░░░░░░░░░░░░░░░░░░]  12.8% frames 1034000/8069056 ep 45/56  1929 frames/s  ETA 3648s
[2026-08-04 10:56:36] [data] [██░░░░░░░░░░░░░░░░░░]  12.8% frames 1036000/8069056 ep 45/56  1929 frames/s  ETA 3646s
[2026-08-04 10:56:37] [data] [██░░░░░░░░░░░░░░░░░░]  12.9% frames 1038000/8069056 ep 46/56  1929 frames/s  ETA 3645s
[2026-08-04 10:56:38] [data] [██░░░░░░░░░░░░░░░░░░]  12.9% frames 1040000/8069056 ep 46/56  1929 frames/s  ETA 3644s
[2026-08-04 10:56:39] [data] [██░░░░░░░░░░░░░░░░░░]  12.9% frames 1042000/8069056 ep 46/56  1929 frames/s  ETA 3642s
[2026-08-04 10:56:40] [data] [██░░░░░░░░░░░░░░░░░░]  12.9% frames 1044000/8069056 ep 46/56  1929 frames/s  ETA 3642s
[2026-08-04 10:56:41] [data] [██░░░░░░░░░░░░░░░░░░]  13.0% frames 1046000/8069056 ep 46/56  1929 frames/s  ETA 3641s
[2026-08-04 10:56:42] [data] [██░░░░░░░░░░░░░░░░░░]  13.0% frames 1048000/8069056 ep 46/56  1929 frames/s  ETA 3640s
[2026-08-04 10:56:43] [data] [██░░░░░░░░░░░░░░░░░░]  13.0% frames 1050000/8069056 ep 46/56  1929 frames/s  ETA 3638s
[2026-08-04 10:56:44] [data] [██░░░░░░░░░░░░░░░░░░]  13.0% frames 1052000/8069056 ep 46/56  1929 frames/s  ETA 3637s
[2026-08-04 10:56:45] [data] [██░░░░░░░░░░░░░░░░░░]  13.1% frames 1054000/8069056 ep 46/56  1930 frames/s  ETA 3635s
[2026-08-04 10:56:46] [data] [██░░░░░░░░░░░░░░░░░░]  13.1% frames 1056000/8069056 ep 46/56  1930 frames/s  ETA 3634s
[2026-08-04 10:56:47] [data] [██░░░░░░░░░░░░░░░░░░]  13.1% frames 1058000/8069056 ep 46/56  1930 frames/s  ETA 3632s
[2026-08-04 10:56:48] [data] [██░░░░░░░░░░░░░░░░░░]  13.1% frames 1060000/8069056 ep 46/56  1931 frames/s  ETA 3631s
[2026-08-04 10:56:49] [data] [██░░░░░░░░░░░░░░░░░░]  13.2% frames 1062000/8069056 ep 46/56  1931 frames/s  ETA 3629s
[2026-08-04 10:56:50] [data] [██░░░░░░░░░░░░░░░░░░]  13.2% frames 1064000/8069056 ep 46/56  1931 frames/s  ETA 3628s
[2026-08-04 10:56:51] [data] [██░░░░░░░░░░░░░░░░░░]  13.2% frames 1066000/8069056 ep 46/56  1931 frames/s  ETA 3626s
[2026-08-04 10:56:52] [data] [██░░░░░░░░░░░░░░░░░░]  13.2% frames 1068000/8069056 ep 46/56  1932 frames/s  ETA 3624s
[2026-08-04 10:56:53] [data] [██░░░░░░░░░░░░░░░░░░]  13.3% frames 1070000/8069056 ep 46/56  1932 frames/s  ETA 3623s
[2026-08-04 10:56:54] [data] [██░░░░░░░░░░░░░░░░░░]  13.3% frames 1072000/8069056 ep 47/56  1932 frames/s  ETA 3622s
[2026-08-04 10:56:55] [data] [██░░░░░░░░░░░░░░░░░░]  13.3% frames 1074000/8069056 ep 47/56  1932 frames/s  ETA 3621s
[2026-08-04 10:56:56] [data] [██░░░░░░░░░░░░░░░░░░]  13.3% frames 1076000/8069056 ep 47/56  1932 frames/s  ETA 3619s
[2026-08-04 10:56:57] [data] [██░░░░░░░░░░░░░░░░░░]  13.4% frames 1078000/8069056 ep 47/56  1932 frames/s  ETA 3618s
[2026-08-04 10:56:58] [data] [██░░░░░░░░░░░░░░░░░░]  13.4% frames 1080000/8069056 ep 47/56  1933 frames/s  ETA 3617s
[2026-08-04 10:56:59] [data] [██░░░░░░░░░░░░░░░░░░]  13.4% frames 1082000/8069056 ep 47/56  1933 frames/s  ETA 3615s
[2026-08-04 10:57:00] [data] [██░░░░░░░░░░░░░░░░░░]  13.4% frames 1084000/8069056 ep 47/56  1933 frames/s  ETA 3614s
[2026-08-04 10:57:01] [data] [██░░░░░░░░░░░░░░░░░░]  13.5% frames 1086000/8069056 ep 47/56  1933 frames/s  ETA 3613s
[2026-08-04 10:57:02] [data] [██░░░░░░░░░░░░░░░░░░]  13.5% frames 1088000/8069056 ep 47/56  1933 frames/s  ETA 3611s
[2026-08-04 10:57:02] [data] [██░░░░░░░░░░░░░░░░░░]  13.5% frames 1090000/8069056 ep 47/56  1933 frames/s  ETA 3610s
[2026-08-04 10:57:03] [data] [██░░░░░░░░░░░░░░░░░░]  13.5% frames 1092000/8069056 ep 47/56  1934 frames/s  ETA 3608s
[2026-08-04 10:57:04] [data] [██░░░░░░░░░░░░░░░░░░]  13.6% frames 1094000/8069056 ep 47/56  1934 frames/s  ETA 3607s
[2026-08-04 10:57:05] [data] [██░░░░░░░░░░░░░░░░░░]  13.6% frames 1096000/8069056 ep 47/56  1934 frames/s  ETA 3606s
[2026-08-04 10:57:06] [data] [██░░░░░░░░░░░░░░░░░░]  13.6% frames 1098000/8069056 ep 47/56  1934 frames/s  ETA 3604s
[2026-08-04 10:57:07] [data] [██░░░░░░░░░░░░░░░░░░]  13.6% frames 1100000/8069056 ep 47/56  1934 frames/s  ETA 3603s
[2026-08-04 10:57:08] [data] [██░░░░░░░░░░░░░░░░░░]  13.7% frames 1102000/8069056 ep 47/56  1935 frames/s  ETA 3601s
[2026-08-04 10:57:09] [data] [██░░░░░░░░░░░░░░░░░░]  13.7% frames 1104000/8069056 ep 47/56  1935 frames/s  ETA 3600s
[2026-08-04 10:57:10] [data] [██░░░░░░░░░░░░░░░░░░]  13.7% frames 1106000/8069056 ep 47/56  1935 frames/s  ETA 3599s
[2026-08-04 10:57:12] [data] [██░░░░░░░░░░░░░░░░░░]  13.7% frames 1108000/8069056 ep 48/56  1934 frames/s  ETA 3599s
[2026-08-04 10:57:13] [data] [██░░░░░░░░░░░░░░░░░░]  13.8% frames 1110000/8069056 ep 48/56  1935 frames/s  ETA 3597s
[2026-08-04 10:57:13] [data] [██░░░░░░░░░░░░░░░░░░]  13.8% frames 1112000/8069056 ep 48/56  1935 frames/s  ETA 3596s
[2026-08-04 10:57:14] [data] [██░░░░░░░░░░░░░░░░░░]  13.8% frames 1114000/8069056 ep 48/56  1935 frames/s  ETA 3594s
[2026-08-04 10:57:15] [data] [██░░░░░░░░░░░░░░░░░░]  13.8% frames 1116000/8069056 ep 48/56  1935 frames/s  ETA 3593s
[2026-08-04 10:57:16] [data] [██░░░░░░░░░░░░░░░░░░]  13.9% frames 1118000/8069056 ep 48/56  1935 frames/s  ETA 3591s
[2026-08-04 10:57:17] [data] [██░░░░░░░░░░░░░░░░░░]  13.9% frames 1120000/8069056 ep 48/56  1936 frames/s  ETA 3590s
[2026-08-04 10:57:18] [data] [██░░░░░░░░░░░░░░░░░░]  13.9% frames 1122000/8069056 ep 48/56  1936 frames/s  ETA 3588s
[2026-08-04 10:57:19] [data] [██░░░░░░░░░░░░░░░░░░]  13.9% frames 1124000/8069056 ep 48/56  1936 frames/s  ETA 3587s
[2026-08-04 10:57:20] [data] [██░░░░░░░░░░░░░░░░░░]  14.0% frames 1126000/8069056 ep 48/56  1936 frames/s  ETA 3585s
[2026-08-04 10:57:21] [data] [██░░░░░░░░░░░░░░░░░░]  14.0% frames 1128000/8069056 ep 48/56  1937 frames/s  ETA 3584s
[2026-08-04 10:57:22] [data] [██░░░░░░░░░░░░░░░░░░]  14.0% frames 1130000/8069056 ep 48/56  1937 frames/s  ETA 3582s
[2026-08-04 10:57:23] [data] [██░░░░░░░░░░░░░░░░░░]  14.0% frames 1132000/8069056 ep 48/56  1937 frames/s  ETA 3581s
[2026-08-04 10:57:24] [data] [██░░░░░░░░░░░░░░░░░░]  14.1% frames 1134000/8069056 ep 48/56  1937 frames/s  ETA 3580s
[2026-08-04 10:57:25] [data] [██░░░░░░░░░░░░░░░░░░]  14.1% frames 1136000/8069056 ep 48/56  1938 frames/s  ETA 3578s
[2026-08-04 10:57:26] [data] [██░░░░░░░░░░░░░░░░░░]  14.1% frames 1138000/8069056 ep 48/56  1938 frames/s  ETA 3576s
[2026-08-04 10:57:27] [data] [██░░░░░░░░░░░░░░░░░░]  14.1% frames 1140000/8069056 ep 48/56  1938 frames/s  ETA 3575s
[2026-08-04 10:57:28] [data] [██░░░░░░░░░░░░░░░░░░]  14.2% frames 1142000/8069056 ep 48/56  1938 frames/s  ETA 3574s
[2026-08-04 10:57:29] [data] [██░░░░░░░░░░░░░░░░░░]  14.2% frames 1144000/8069056 ep 48/56  1938 frames/s  ETA 3573s
[2026-08-04 10:57:30] [data] [██░░░░░░░░░░░░░░░░░░]  14.2% frames 1146000/8069056 ep 49/56  1938 frames/s  ETA 3573s
[2026-08-04 10:57:31] [data] [██░░░░░░░░░░░░░░░░░░]  14.2% frames 1148000/8069056 ep 49/56  1938 frames/s  ETA 3572s
[2026-08-04 10:57:32] [data] [██░░░░░░░░░░░░░░░░░░]  14.3% frames 1150000/8069056 ep 49/56  1938 frames/s  ETA 3570s
[2026-08-04 10:57:33] [data] [██░░░░░░░░░░░░░░░░░░]  14.3% frames 1152000/8069056 ep 49/56  1938 frames/s  ETA 3569s
[2026-08-04 10:57:34] [data] [██░░░░░░░░░░░░░░░░░░]  14.3% frames 1154000/8069056 ep 49/56  1938 frames/s  ETA 3568s
[2026-08-04 10:57:35] [data] [██░░░░░░░░░░░░░░░░░░]  14.3% frames 1156000/8069056 ep 50/56  1938 frames/s  ETA 3567s
[2026-08-04 10:57:36] [data] [██░░░░░░░░░░░░░░░░░░]  14.4% frames 1158000/8069056 ep 50/56  1938 frames/s  ETA 3565s
[2026-08-04 10:57:37] [data] [██░░░░░░░░░░░░░░░░░░]  14.4% frames 1160000/8069056 ep 50/56  1939 frames/s  ETA 3564s
[2026-08-04 10:57:38] [data] [██░░░░░░░░░░░░░░░░░░]  14.4% frames 1162000/8069056 ep 50/56  1939 frames/s  ETA 3563s
[2026-08-04 10:57:39] [data] [██░░░░░░░░░░░░░░░░░░]  14.4% frames 1164000/8069056 ep 50/56  1939 frames/s  ETA 3561s
[2026-08-04 10:57:40] [data] [██░░░░░░░░░░░░░░░░░░]  14.5% frames 1166000/8069056 ep 50/56  1939 frames/s  ETA 3560s
[2026-08-04 10:57:41] [data] [██░░░░░░░░░░░░░░░░░░]  14.5% frames 1168000/8069056 ep 50/56  1939 frames/s  ETA 3558s
[2026-08-04 10:57:42] [data] [██░░░░░░░░░░░░░░░░░░]  14.5% frames 1170000/8069056 ep 50/56  1940 frames/s  ETA 3557s
[2026-08-04 10:57:43] [data] [██░░░░░░░░░░░░░░░░░░]  14.5% frames 1172000/8069056 ep 50/56  1940 frames/s  ETA 3556s
[2026-08-04 10:57:44] [data] [██░░░░░░░░░░░░░░░░░░]  14.5% frames 1174000/8069056 ep 50/56  1940 frames/s  ETA 3554s
[2026-08-04 10:57:45] [data] [██░░░░░░░░░░░░░░░░░░]  14.6% frames 1176000/8069056 ep 50/56  1940 frames/s  ETA 3554s
[2026-08-04 10:57:46] [data] [██░░░░░░░░░░░░░░░░░░]  14.6% frames 1178000/8069056 ep 50/56  1940 frames/s  ETA 3553s
[2026-08-04 10:57:47] [data] [██░░░░░░░░░░░░░░░░░░]  14.6% frames 1180000/8069056 ep 50/56  1940 frames/s  ETA 3552s
[2026-08-04 10:57:48] [data] [██░░░░░░░░░░░░░░░░░░]  14.6% frames 1182000/8069056 ep 50/56  1940 frames/s  ETA 3550s
[2026-08-04 10:57:49] [data] [██░░░░░░░░░░░░░░░░░░]  14.7% frames 1184000/8069056 ep 50/56  1940 frames/s  ETA 3549s
[2026-08-04 10:57:50] [data] [██░░░░░░░░░░░░░░░░░░]  14.7% frames 1186000/8069056 ep 50/56  1940 frames/s  ETA 3547s
[2026-08-04 10:57:51] [data] [██░░░░░░░░░░░░░░░░░░]  14.7% frames 1188000/8069056 ep 50/56  1941 frames/s  ETA 3546s
[2026-08-04 10:57:52] [data] [██░░░░░░░░░░░░░░░░░░]  14.7% frames 1190000/8069056 ep 50/56  1941 frames/s  ETA 3545s
[2026-08-04 10:57:53] [data] [██░░░░░░░░░░░░░░░░░░]  14.8% frames 1192000/8069056 ep 50/56  1941 frames/s  ETA 3543s
[2026-08-04 10:57:54] [data] [██░░░░░░░░░░░░░░░░░░]  14.8% frames 1194000/8069056 ep 50/56  1941 frames/s  ETA 3542s
[2026-08-04 10:57:55] [data] [██░░░░░░░░░░░░░░░░░░]  14.8% frames 1196000/8069056 ep 51/56  1941 frames/s  ETA 3541s
[2026-08-04 10:57:56] [data] [██░░░░░░░░░░░░░░░░░░]  14.8% frames 1198000/8069056 ep 51/56  1941 frames/s  ETA 3540s
[2026-08-04 10:57:57] [data] [██░░░░░░░░░░░░░░░░░░]  14.9% frames 1200000/8069056 ep 51/56  1941 frames/s  ETA 3539s
[2026-08-04 10:57:59] [data] [██░░░░░░░░░░░░░░░░░░]  14.9% frames 1202000/8069056 ep 52/56  1938 frames/s  ETA 3543s
[2026-08-04 10:58:00] [data] [██░░░░░░░░░░░░░░░░░░]  14.9% frames 1204000/8069056 ep 52/56  1938 frames/s  ETA 3542s
[2026-08-04 10:58:01] [data] [██░░░░░░░░░░░░░░░░░░]  14.9% frames 1206000/8069056 ep 52/56  1938 frames/s  ETA 3541s
[2026-08-04 10:58:02] [data] [██░░░░░░░░░░░░░░░░░░]  15.0% frames 1208000/8069056 ep 52/56  1939 frames/s  ETA 3539s
[2026-08-04 10:58:03] [data] [██░░░░░░░░░░░░░░░░░░]  15.0% frames 1210000/8069056 ep 52/56  1939 frames/s  ETA 3538s
[2026-08-04 10:58:04] [data] [███░░░░░░░░░░░░░░░░░]  15.0% frames 1212000/8069056 ep 52/56  1939 frames/s  ETA 3536s
[2026-08-04 10:58:05] [data] [███░░░░░░░░░░░░░░░░░]  15.0% frames 1214000/8069056 ep 52/56  1939 frames/s  ETA 3535s
[2026-08-04 10:58:06] [data] [███░░░░░░░░░░░░░░░░░]  15.1% frames 1216000/8069056 ep 52/56  1939 frames/s  ETA 3534s
[2026-08-04 10:58:07] [data] [███░░░░░░░░░░░░░░░░░]  15.1% frames 1218000/8069056 ep 52/56  1940 frames/s  ETA 3532s
[2026-08-04 10:58:08] [data] [███░░░░░░░░░░░░░░░░░]  15.1% frames 1220000/8069056 ep 52/56  1940 frames/s  ETA 3531s
[2026-08-04 10:58:09] [data] [███░░░░░░░░░░░░░░░░░]  15.1% frames 1222000/8069056 ep 52/56  1940 frames/s  ETA 3530s
[2026-08-04 10:58:10] [data] [███░░░░░░░░░░░░░░░░░]  15.2% frames 1224000/8069056 ep 52/56  1940 frames/s  ETA 3528s
[2026-08-04 10:58:11] [data] [███░░░░░░░░░░░░░░░░░]  15.2% frames 1226000/8069056 ep 52/56  1940 frames/s  ETA 3527s
[2026-08-04 10:58:12] [data] [███░░░░░░░░░░░░░░░░░]  15.2% frames 1228000/8069056 ep 52/56  1940 frames/s  ETA 3526s
[2026-08-04 10:58:13] [data] [███░░░░░░░░░░░░░░░░░]  15.2% frames 1230000/8069056 ep 52/56  1941 frames/s  ETA 3524s
[2026-08-04 10:58:14] [data] [███░░░░░░░░░░░░░░░░░]  15.3% frames 1232000/8069056 ep 52/56  1941 frames/s  ETA 3523s
[2026-08-04 10:58:15] [data] [███░░░░░░░░░░░░░░░░░]  15.3% frames 1234000/8069056 ep 52/56  1941 frames/s  ETA 3522s
[2026-08-04 10:58:16] [data] [███░░░░░░░░░░░░░░░░░]  15.3% frames 1236000/8069056 ep 52/56  1941 frames/s  ETA 3520s
[2026-08-04 10:58:17] [data] [███░░░░░░░░░░░░░░░░░]  15.3% frames 1238000/8069056 ep 52/56  1941 frames/s  ETA 3519s
[2026-08-04 10:58:17] [data] [███░░░░░░░░░░░░░░░░░]  15.4% frames 1240000/8069056 ep 52/56  1941 frames/s  ETA 3518s
[2026-08-04 10:58:18] [data] [███░░░░░░░░░░░░░░░░░]  15.4% frames 1242000/8069056 ep 52/56  1941 frames/s  ETA 3516s
[2026-08-04 10:58:19] [data] [███░░░░░░░░░░░░░░░░░]  15.4% frames 1244000/8069056 ep 52/56  1942 frames/s  ETA 3515s
[2026-08-04 10:58:20] [data] [███░░░░░░░░░░░░░░░░░]  15.4% frames 1246000/8069056 ep 52/56  1942 frames/s  ETA 3514s
[2026-08-04 10:58:21] [data] [███░░░░░░░░░░░░░░░░░]  15.5% frames 1248000/8069056 ep 52/56  1942 frames/s  ETA 3512s
[2026-08-04 10:58:22] [data] [███░░░░░░░░░░░░░░░░░]  15.5% frames 1250000/8069056 ep 52/56  1942 frames/s  ETA 3511s
[2026-08-04 10:58:23] [data] [███░░░░░░░░░░░░░░░░░]  15.5% frames 1252000/8069056 ep 52/56  1942 frames/s  ETA 3510s
[2026-08-04 10:58:24] [data] [███░░░░░░░░░░░░░░░░░]  15.5% frames 1254000/8069056 ep 52/56  1942 frames/s  ETA 3508s
[2026-08-04 10:58:25] [data] [███░░░░░░░░░░░░░░░░░]  15.6% frames 1256000/8069056 ep 52/56  1943 frames/s  ETA 3507s
[2026-08-04 10:58:26] [data] [███░░░░░░░░░░░░░░░░░]  15.6% frames 1258000/8069056 ep 52/56  1943 frames/s  ETA 3506s
[2026-08-04 10:58:27] [data] [███░░░░░░░░░░░░░░░░░]  15.6% frames 1260000/8069056 ep 52/56  1943 frames/s  ETA 3505s
[2026-08-04 10:58:28] [data] [███░░░░░░░░░░░░░░░░░]  15.6% frames 1262000/8069056 ep 52/56  1943 frames/s  ETA 3504s
[2026-08-04 10:58:29] [data] [███░░░░░░░░░░░░░░░░░]  15.7% frames 1264000/8069056 ep 52/56  1943 frames/s  ETA 3502s
[2026-08-04 10:58:30] [data] [███░░░░░░░░░░░░░░░░░]  15.7% frames 1266000/8069056 ep 52/56  1943 frames/s  ETA 3501s
[2026-08-04 10:58:31] [data] [███░░░░░░░░░░░░░░░░░]  15.7% frames 1268000/8069056 ep 52/56  1943 frames/s  ETA 3500s
[2026-08-04 10:58:32] [data] [███░░░░░░░░░░░░░░░░░]  15.7% frames 1270000/8069056 ep 52/56  1944 frames/s  ETA 3498s
[2026-08-04 10:58:33] [data] [███░░░░░░░░░░░░░░░░░]  15.8% frames 1272000/8069056 ep 52/56  1944 frames/s  ETA 3497s
[2026-08-04 10:58:34] [data] [███░░░░░░░░░░░░░░░░░]  15.8% frames 1274000/8069056 ep 52/56  1944 frames/s  ETA 3496s
[2026-08-04 10:58:35] [data] [███░░░░░░░░░░░░░░░░░]  15.8% frames 1276000/8069056 ep 52/56  1944 frames/s  ETA 3494s
[2026-08-04 10:58:36] [data] [███░░░░░░░░░░░░░░░░░]  15.8% frames 1278000/8069056 ep 52/56  1944 frames/s  ETA 3493s
[2026-08-04 10:58:37] [data] [███░░░░░░░░░░░░░░░░░]  15.9% frames 1280000/8069056 ep 52/56  1944 frames/s  ETA 3492s
[2026-08-04 10:58:38] [data] [███░░░░░░░░░░░░░░░░░]  15.9% frames 1282000/8069056 ep 52/56  1945 frames/s  ETA 3490s
[2026-08-04 10:58:39] [data] [███░░░░░░░░░░░░░░░░░]  15.9% frames 1284000/8069056 ep 52/56  1945 frames/s  ETA 3489s
[2026-08-04 10:58:40] [data] [███░░░░░░░░░░░░░░░░░]  15.9% frames 1286000/8069056 ep 52/56  1945 frames/s  ETA 3488s
[2026-08-04 10:58:41] [data] [███░░░░░░░░░░░░░░░░░]  16.0% frames 1288000/8069056 ep 52/56  1945 frames/s  ETA 3486s
[2026-08-04 10:58:42] [data] [███░░░░░░░░░░░░░░░░░]  16.0% frames 1290000/8069056 ep 52/56  1945 frames/s  ETA 3485s
[2026-08-04 10:58:43] [data] [███░░░░░░░░░░░░░░░░░]  16.0% frames 1292000/8069056 ep 52/56  1945 frames/s  ETA 3484s
[2026-08-04 10:58:44] [data] [███░░░░░░░░░░░░░░░░░]  16.0% frames 1294000/8069056 ep 52/56  1945 frames/s  ETA 3482s
[2026-08-04 10:58:45] [data] [███░░░░░░░░░░░░░░░░░]  16.1% frames 1296000/8069056 ep 52/56  1946 frames/s  ETA 3481s
[2026-08-04 10:58:46] [data] [███░░░░░░░░░░░░░░░░░]  16.1% frames 1298000/8069056 ep 52/56  1946 frames/s  ETA 3480s
[2026-08-04 10:58:47] [data] [███░░░░░░░░░░░░░░░░░]  16.1% frames 1300000/8069056 ep 52/56  1946 frames/s  ETA 3479s
[2026-08-04 10:58:48] [data] [███░░░░░░░░░░░░░░░░░]  16.1% frames 1302000/8069056 ep 52/56  1946 frames/s  ETA 3478s
[2026-08-04 10:58:49] [data] [███░░░░░░░░░░░░░░░░░]  16.2% frames 1304000/8069056 ep 52/56  1946 frames/s  ETA 3476s
[2026-08-04 10:58:50] [data] [███░░░░░░░░░░░░░░░░░]  16.2% frames 1306000/8069056 ep 52/56  1946 frames/s  ETA 3475s
[2026-08-04 10:58:51] [data] [███░░░░░░░░░░░░░░░░░]  16.2% frames 1308000/8069056 ep 52/56  1946 frames/s  ETA 3474s
[2026-08-04 10:58:52] [data] [███░░░░░░░░░░░░░░░░░]  16.2% frames 1310000/8069056 ep 52/56  1947 frames/s  ETA 3472s
[2026-08-04 10:58:53] [data] [███░░░░░░░░░░░░░░░░░]  16.3% frames 1312000/8069056 ep 52/56  1947 frames/s  ETA 3471s
[2026-08-04 10:58:54] [data] [███░░░░░░░░░░░░░░░░░]  16.3% frames 1314000/8069056 ep 52/56  1947 frames/s  ETA 3470s
[2026-08-04 10:58:55] [data] [███░░░░░░░░░░░░░░░░░]  16.3% frames 1316000/8069056 ep 52/56  1947 frames/s  ETA 3468s
[2026-08-04 10:58:56] [data] [███░░░░░░░░░░░░░░░░░]  16.3% frames 1318000/8069056 ep 52/56  1947 frames/s  ETA 3467s
[2026-08-04 10:58:57] [data] [███░░░░░░░░░░░░░░░░░]  16.4% frames 1320000/8069056 ep 52/56  1947 frames/s  ETA 3466s
[2026-08-04 10:58:58] [data] [███░░░░░░░░░░░░░░░░░]  16.4% frames 1322000/8069056 ep 52/56  1948 frames/s  ETA 3464s
[2026-08-04 10:58:58] [data] [███░░░░░░░░░░░░░░░░░]  16.4% frames 1324000/8069056 ep 52/56  1948 frames/s  ETA 3463s
[2026-08-04 10:58:59] [data] [███░░░░░░░░░░░░░░░░░]  16.4% frames 1326000/8069056 ep 52/56  1948 frames/s  ETA 3462s
[2026-08-04 10:59:00] [data] [███░░░░░░░░░░░░░░░░░]  16.5% frames 1328000/8069056 ep 52/56  1948 frames/s  ETA 3460s
[2026-08-04 10:59:01] [data] [███░░░░░░░░░░░░░░░░░]  16.5% frames 1330000/8069056 ep 52/56  1948 frames/s  ETA 3459s
[2026-08-04 10:59:02] [data] [███░░░░░░░░░░░░░░░░░]  16.5% frames 1332000/8069056 ep 52/56  1948 frames/s  ETA 3458s
[2026-08-04 10:59:03] [data] [███░░░░░░░░░░░░░░░░░]  16.5% frames 1334000/8069056 ep 52/56  1949 frames/s  ETA 3456s
[2026-08-04 10:59:04] [data] [███░░░░░░░░░░░░░░░░░]  16.6% frames 1336000/8069056 ep 52/56  1949 frames/s  ETA 3455s
[2026-08-04 10:59:05] [data] [███░░░░░░░░░░░░░░░░░]  16.6% frames 1338000/8069056 ep 52/56  1949 frames/s  ETA 3454s
[2026-08-04 10:59:06] [data] [███░░░░░░░░░░░░░░░░░]  16.6% frames 1340000/8069056 ep 52/56  1949 frames/s  ETA 3452s
[2026-08-04 10:59:07] [data] [███░░░░░░░░░░░░░░░░░]  16.6% frames 1342000/8069056 ep 52/56  1949 frames/s  ETA 3451s
[2026-08-04 10:59:08] [data] [███░░░░░░░░░░░░░░░░░]  16.7% frames 1344000/8069056 ep 52/56  1950 frames/s  ETA 3450s
[2026-08-04 10:59:09] [data] [███░░░░░░░░░░░░░░░░░]  16.7% frames 1346000/8069056 ep 52/56  1950 frames/s  ETA 3448s
[2026-08-04 10:59:10] [data] [███░░░░░░░░░░░░░░░░░]  16.7% frames 1348000/8069056 ep 52/56  1950 frames/s  ETA 3447s
[2026-08-04 10:59:11] [data] [███░░░░░░░░░░░░░░░░░]  16.7% frames 1350000/8069056 ep 52/56  1950 frames/s  ETA 3446s
[2026-08-04 10:59:12] [data] [███░░░░░░░░░░░░░░░░░]  16.8% frames 1352000/8069056 ep 52/56  1950 frames/s  ETA 3444s
[2026-08-04 10:59:13] [data] [███░░░░░░░░░░░░░░░░░]  16.8% frames 1354000/8069056 ep 52/56  1950 frames/s  ETA 3443s
[2026-08-04 10:59:14] [data] [███░░░░░░░░░░░░░░░░░]  16.8% frames 1356000/8069056 ep 52/56  1950 frames/s  ETA 3442s
[2026-08-04 10:59:15] [data] [███░░░░░░░░░░░░░░░░░]  16.8% frames 1358000/8069056 ep 52/56  1951 frames/s  ETA 3440s
[2026-08-04 10:59:16] [data] [███░░░░░░░░░░░░░░░░░]  16.9% frames 1360000/8069056 ep 52/56  1951 frames/s  ETA 3439s
[2026-08-04 10:59:17] [data] [███░░░░░░░░░░░░░░░░░]  16.9% frames 1362000/8069056 ep 52/56  1951 frames/s  ETA 3438s
[2026-08-04 10:59:18] [data] [███░░░░░░░░░░░░░░░░░]  16.9% frames 1364000/8069056 ep 52/56  1951 frames/s  ETA 3437s
[2026-08-04 10:59:19] [data] [███░░░░░░░░░░░░░░░░░]  16.9% frames 1366000/8069056 ep 52/56  1951 frames/s  ETA 3435s
[2026-08-04 10:59:20] [data] [███░░░░░░░░░░░░░░░░░]  17.0% frames 1368000/8069056 ep 52/56  1951 frames/s  ETA 3434s
[2026-08-04 10:59:21] [data] [███░░░░░░░░░░░░░░░░░]  17.0% frames 1370000/8069056 ep 52/56  1952 frames/s  ETA 3433s
[2026-08-04 10:59:22] [data] [███░░░░░░░░░░░░░░░░░]  17.0% frames 1372000/8069056 ep 52/56  1952 frames/s  ETA 3431s
[2026-08-04 10:59:23] [data] [███░░░░░░░░░░░░░░░░░]  17.0% frames 1374000/8069056 ep 52/56  1952 frames/s  ETA 3430s
[2026-08-04 10:59:24] [data] [███░░░░░░░░░░░░░░░░░]  17.1% frames 1376000/8069056 ep 52/56  1952 frames/s  ETA 3429s
[2026-08-04 10:59:25] [data] [███░░░░░░░░░░░░░░░░░]  17.1% frames 1378000/8069056 ep 52/56  1952 frames/s  ETA 3427s
[2026-08-04 10:59:26] [data] [███░░░░░░░░░░░░░░░░░]  17.1% frames 1380000/8069056 ep 52/56  1952 frames/s  ETA 3426s
[2026-08-04 10:59:27] [data] [███░░░░░░░░░░░░░░░░░]  17.1% frames 1382000/8069056 ep 52/56  1953 frames/s  ETA 3425s
[2026-08-04 10:59:27] [data] [███░░░░░░░░░░░░░░░░░]  17.2% frames 1384000/8069056 ep 52/56  1953 frames/s  ETA 3424s
[2026-08-04 10:59:28] [data] [███░░░░░░░░░░░░░░░░░]  17.2% frames 1386000/8069056 ep 52/56  1953 frames/s  ETA 3422s
[2026-08-04 10:59:29] [data] [███░░░░░░░░░░░░░░░░░]  17.2% frames 1388000/8069056 ep 52/56  1953 frames/s  ETA 3421s
[2026-08-04 10:59:30] [data] [███░░░░░░░░░░░░░░░░░]  17.2% frames 1390000/8069056 ep 52/56  1953 frames/s  ETA 3420s
[2026-08-04 10:59:31] [data] [███░░░░░░░░░░░░░░░░░]  17.3% frames 1392000/8069056 ep 52/56  1953 frames/s  ETA 3418s
[2026-08-04 10:59:32] [data] [███░░░░░░░░░░░░░░░░░]  17.3% frames 1394000/8069056 ep 52/56  1954 frames/s  ETA 3417s
[2026-08-04 10:59:33] [data] [███░░░░░░░░░░░░░░░░░]  17.3% frames 1396000/8069056 ep 52/56  1954 frames/s  ETA 3416s
[2026-08-04 10:59:34] [data] [███░░░░░░░░░░░░░░░░░]  17.3% frames 1398000/8069056 ep 52/56  1954 frames/s  ETA 3414s
[2026-08-04 10:59:35] [data] [███░░░░░░░░░░░░░░░░░]  17.4% frames 1400000/8069056 ep 52/56  1954 frames/s  ETA 3413s
[2026-08-04 10:59:36] [data] [███░░░░░░░░░░░░░░░░░]  17.4% frames 1402000/8069056 ep 52/56  1954 frames/s  ETA 3412s
[2026-08-04 10:59:37] [data] [███░░░░░░░░░░░░░░░░░]  17.4% frames 1404000/8069056 ep 52/56  1954 frames/s  ETA 3411s
[2026-08-04 10:59:38] [data] [███░░░░░░░░░░░░░░░░░]  17.4% frames 1406000/8069056 ep 52/56  1954 frames/s  ETA 3409s
[2026-08-04 10:59:39] [data] [███░░░░░░░░░░░░░░░░░]  17.4% frames 1408000/8069056 ep 52/56  1954 frames/s  ETA 3408s
[2026-08-04 10:59:40] [data] [███░░░░░░░░░░░░░░░░░]  17.5% frames 1410000/8069056 ep 52/56  1955 frames/s  ETA 3407s
[2026-08-04 10:59:41] [data] [███░░░░░░░░░░░░░░░░░]  17.5% frames 1412000/8069056 ep 52/56  1955 frames/s  ETA 3405s
[2026-08-04 10:59:42] [data] [███░░░░░░░░░░░░░░░░░]  17.5% frames 1414000/8069056 ep 52/56  1955 frames/s  ETA 3404s
[2026-08-04 10:59:43] [data] [███░░░░░░░░░░░░░░░░░]  17.5% frames 1416000/8069056 ep 52/56  1955 frames/s  ETA 3403s
[2026-08-04 10:59:44] [data] [███░░░░░░░░░░░░░░░░░]  17.6% frames 1418000/8069056 ep 52/56  1955 frames/s  ETA 3402s
[2026-08-04 10:59:45] [data] [███░░░░░░░░░░░░░░░░░]  17.6% frames 1420000/8069056 ep 52/56  1955 frames/s  ETA 3400s
[2026-08-04 10:59:46] [data] [███░░░░░░░░░░░░░░░░░]  17.6% frames 1422000/8069056 ep 52/56  1956 frames/s  ETA 3399s
[2026-08-04 10:59:47] [data] [███░░░░░░░░░░░░░░░░░]  17.6% frames 1424000/8069056 ep 52/56  1956 frames/s  ETA 3398s
[2026-08-04 10:59:48] [data] [███░░░░░░░░░░░░░░░░░]  17.7% frames 1426000/8069056 ep 52/56  1956 frames/s  ETA 3396s
[2026-08-04 10:59:49] [data] [███░░░░░░░░░░░░░░░░░]  17.7% frames 1428000/8069056 ep 52/56  1956 frames/s  ETA 3395s
[2026-08-04 10:59:50] [data] [███░░░░░░░░░░░░░░░░░]  17.7% frames 1430000/8069056 ep 52/56  1956 frames/s  ETA 3394s
[2026-08-04 10:59:51] [data] [███░░░░░░░░░░░░░░░░░]  17.7% frames 1432000/8069056 ep 52/56  1956 frames/s  ETA 3393s
[2026-08-04 10:59:52] [data] [███░░░░░░░░░░░░░░░░░]  17.8% frames 1434000/8069056 ep 52/56  1956 frames/s  ETA 3391s
[2026-08-04 10:59:53] [data] [███░░░░░░░░░░░░░░░░░]  17.8% frames 1436000/8069056 ep 52/56  1957 frames/s  ETA 3390s
[2026-08-04 10:59:54] [data] [███░░░░░░░░░░░░░░░░░]  17.8% frames 1438000/8069056 ep 52/56  1957 frames/s  ETA 3389s
[2026-08-04 10:59:55] [data] [███░░░░░░░░░░░░░░░░░]  17.8% frames 1440000/8069056 ep 52/56  1957 frames/s  ETA 3387s
[2026-08-04 10:59:56] [data] [███░░░░░░░░░░░░░░░░░]  17.9% frames 1442000/8069056 ep 52/56  1957 frames/s  ETA 3386s
[2026-08-04 10:59:56] [data] [███░░░░░░░░░░░░░░░░░]  17.9% frames 1444000/8069056 ep 52/56  1957 frames/s  ETA 3385s
[2026-08-04 10:59:57] [data] [███░░░░░░░░░░░░░░░░░]  17.9% frames 1446000/8069056 ep 52/56  1957 frames/s  ETA 3384s
[2026-08-04 10:59:58] [data] [███░░░░░░░░░░░░░░░░░]  17.9% frames 1448000/8069056 ep 52/56  1958 frames/s  ETA 3382s
[2026-08-04 10:59:59] [data] [███░░░░░░░░░░░░░░░░░]  18.0% frames 1450000/8069056 ep 52/56  1958 frames/s  ETA 3381s
[2026-08-04 11:00:00] [data] [███░░░░░░░░░░░░░░░░░]  18.0% frames 1452000/8069056 ep 52/56  1958 frames/s  ETA 3380s
[2026-08-04 11:00:01] [data] [███░░░░░░░░░░░░░░░░░]  18.0% frames 1454000/8069056 ep 52/56  1958 frames/s  ETA 3378s
[2026-08-04 11:00:02] [data] [███░░░░░░░░░░░░░░░░░]  18.0% frames 1456000/8069056 ep 52/56  1958 frames/s  ETA 3377s
[2026-08-04 11:00:03] [data] [███░░░░░░░░░░░░░░░░░]  18.1% frames 1458000/8069056 ep 52/56  1958 frames/s  ETA 3376s
[2026-08-04 11:00:04] [data] [███░░░░░░░░░░░░░░░░░]  18.1% frames 1460000/8069056 ep 52/56  1958 frames/s  ETA 3375s
[2026-08-04 11:00:05] [data] [███░░░░░░░░░░░░░░░░░]  18.1% frames 1462000/8069056 ep 52/56  1959 frames/s  ETA 3373s
[2026-08-04 11:00:06] [data] [███░░░░░░░░░░░░░░░░░]  18.1% frames 1464000/8069056 ep 52/56  1959 frames/s  ETA 3372s
[2026-08-04 11:00:07] [data] [███░░░░░░░░░░░░░░░░░]  18.2% frames 1466000/8069056 ep 52/56  1959 frames/s  ETA 3371s
[2026-08-04 11:00:08] [data] [███░░░░░░░░░░░░░░░░░]  18.2% frames 1468000/8069056 ep 52/56  1959 frames/s  ETA 3370s
[2026-08-04 11:00:09] [data] [███░░░░░░░░░░░░░░░░░]  18.2% frames 1470000/8069056 ep 52/56  1959 frames/s  ETA 3368s
[2026-08-04 11:00:10] [data] [███░░░░░░░░░░░░░░░░░]  18.2% frames 1472000/8069056 ep 52/56  1959 frames/s  ETA 3367s
[2026-08-04 11:00:11] [data] [███░░░░░░░░░░░░░░░░░]  18.3% frames 1474000/8069056 ep 52/56  1959 frames/s  ETA 3366s
[2026-08-04 11:00:12] [data] [███░░░░░░░░░░░░░░░░░]  18.3% frames 1476000/8069056 ep 52/56  1959 frames/s  ETA 3365s
[2026-08-04 11:00:13] [data] [███░░░░░░░░░░░░░░░░░]  18.3% frames 1478000/8069056 ep 52/56  1960 frames/s  ETA 3363s
[2026-08-04 11:00:14] [data] [███░░░░░░░░░░░░░░░░░]  18.3% frames 1480000/8069056 ep 52/56  1960 frames/s  ETA 3362s
[2026-08-04 11:00:15] [data] [███░░░░░░░░░░░░░░░░░]  18.4% frames 1482000/8069056 ep 52/56  1960 frames/s  ETA 3361s
[2026-08-04 11:00:16] [data] [███░░░░░░░░░░░░░░░░░]  18.4% frames 1484000/8069056 ep 52/56  1960 frames/s  ETA 3360s
[2026-08-04 11:00:17] [data] [███░░░░░░░░░░░░░░░░░]  18.4% frames 1486000/8069056 ep 52/56  1960 frames/s  ETA 3358s
[2026-08-04 11:00:18] [data] [███░░░░░░░░░░░░░░░░░]  18.4% frames 1488000/8069056 ep 52/56  1960 frames/s  ETA 3357s
[2026-08-04 11:00:19] [data] [███░░░░░░░░░░░░░░░░░]  18.5% frames 1490000/8069056 ep 52/56  1960 frames/s  ETA 3357s
[2026-08-04 11:00:20] [data] [███░░░░░░░░░░░░░░░░░]  18.5% frames 1492000/8069056 ep 52/56  1960 frames/s  ETA 3355s
[2026-08-04 11:00:21] [data] [███░░░░░░░░░░░░░░░░░]  18.5% frames 1494000/8069056 ep 52/56  1960 frames/s  ETA 3354s
[2026-08-04 11:00:22] [data] [███░░░░░░░░░░░░░░░░░]  18.5% frames 1496000/8069056 ep 52/56  1960 frames/s  ETA 3353s
[2026-08-04 11:00:23] [data] [███░░░░░░░░░░░░░░░░░]  18.6% frames 1498000/8069056 ep 52/56  1961 frames/s  ETA 3352s
[2026-08-04 11:00:24] [data] [███░░░░░░░░░░░░░░░░░]  18.6% frames 1500000/8069056 ep 52/56  1961 frames/s  ETA 3350s
[2026-08-04 11:00:25] [data] [███░░░░░░░░░░░░░░░░░]  18.6% frames 1502000/8069056 ep 52/56  1961 frames/s  ETA 3349s
[2026-08-04 11:00:26] [data] [███░░░░░░░░░░░░░░░░░]  18.6% frames 1504000/8069056 ep 52/56  1961 frames/s  ETA 3348s
[2026-08-04 11:00:27] [data] [███░░░░░░░░░░░░░░░░░]  18.7% frames 1506000/8069056 ep 52/56  1961 frames/s  ETA 3347s
[2026-08-04 11:00:28] [data] [███░░░░░░░░░░░░░░░░░]  18.7% frames 1508000/8069056 ep 52/56  1961 frames/s  ETA 3346s
[2026-08-04 11:00:29] [data] [███░░░░░░░░░░░░░░░░░]  18.7% frames 1510000/8069056 ep 52/56  1961 frames/s  ETA 3344s
[2026-08-04 11:00:30] [data] [███░░░░░░░░░░░░░░░░░]  18.7% frames 1512000/8069056 ep 52/56  1961 frames/s  ETA 3343s
[2026-08-04 11:00:31] [data] [███░░░░░░░░░░░░░░░░░]  18.8% frames 1514000/8069056 ep 52/56  1961 frames/s  ETA 3342s
[2026-08-04 11:00:32] [data] [███░░░░░░░░░░░░░░░░░]  18.8% frames 1516000/8069056 ep 52/56  1961 frames/s  ETA 3341s
[2026-08-04 11:00:33] [data] [███░░░░░░░░░░░░░░░░░]  18.8% frames 1518000/8069056 ep 52/56  1962 frames/s  ETA 3340s
[2026-08-04 11:00:34] [data] [███░░░░░░░░░░░░░░░░░]  18.8% frames 1520000/8069056 ep 52/56  1962 frames/s  ETA 3338s
[2026-08-04 11:00:35] [data] [███░░░░░░░░░░░░░░░░░]  18.9% frames 1522000/8069056 ep 52/56  1962 frames/s  ETA 3337s
[2026-08-04 11:00:35] [data] [███░░░░░░░░░░░░░░░░░]  18.9% frames 1524000/8069056 ep 52/56  1962 frames/s  ETA 3336s
[2026-08-04 11:00:36] [data] [███░░░░░░░░░░░░░░░░░]  18.9% frames 1526000/8069056 ep 52/56  1962 frames/s  ETA 3335s
[2026-08-04 11:00:37] [data] [███░░░░░░░░░░░░░░░░░]  18.9% frames 1528000/8069056 ep 52/56  1962 frames/s  ETA 3333s
[2026-08-04 11:00:38] [data] [███░░░░░░░░░░░░░░░░░]  19.0% frames 1530000/8069056 ep 52/56  1962 frames/s  ETA 3332s
[2026-08-04 11:00:39] [data] [███░░░░░░░░░░░░░░░░░]  19.0% frames 1532000/8069056 ep 52/56  1962 frames/s  ETA 3331s
[2026-08-04 11:00:40] [data] [███░░░░░░░░░░░░░░░░░]  19.0% frames 1534000/8069056 ep 52/56  1963 frames/s  ETA 3330s
[2026-08-04 11:00:41] [data] [███░░░░░░░░░░░░░░░░░]  19.0% frames 1536000/8069056 ep 52/56  1963 frames/s  ETA 3329s
[2026-08-04 11:00:42] [data] [███░░░░░░░░░░░░░░░░░]  19.1% frames 1538000/8069056 ep 52/56  1963 frames/s  ETA 3327s
[2026-08-04 11:00:43] [data] [███░░░░░░░░░░░░░░░░░]  19.1% frames 1540000/8069056 ep 52/56  1963 frames/s  ETA 3326s
[2026-08-04 11:00:44] [data] [███░░░░░░░░░░░░░░░░░]  19.1% frames 1542000/8069056 ep 52/56  1963 frames/s  ETA 3325s
[2026-08-04 11:00:45] [data] [███░░░░░░░░░░░░░░░░░]  19.1% frames 1544000/8069056 ep 52/56  1963 frames/s  ETA 3324s
[2026-08-04 11:00:46] [data] [███░░░░░░░░░░░░░░░░░]  19.2% frames 1546000/8069056 ep 52/56  1963 frames/s  ETA 3322s
[2026-08-04 11:00:47] [data] [███░░░░░░░░░░░░░░░░░]  19.2% frames 1548000/8069056 ep 52/56  1963 frames/s  ETA 3321s
[2026-08-04 11:00:48] [data] [███░░░░░░░░░░░░░░░░░]  19.2% frames 1550000/8069056 ep 52/56  1964 frames/s  ETA 3320s
[2026-08-04 11:00:49] [data] [███░░░░░░░░░░░░░░░░░]  19.2% frames 1552000/8069056 ep 52/56  1964 frames/s  ETA 3319s
[2026-08-04 11:00:50] [data] [███░░░░░░░░░░░░░░░░░]  19.3% frames 1554000/8069056 ep 52/56  1964 frames/s  ETA 3317s
[2026-08-04 11:00:51] [data] [███░░░░░░░░░░░░░░░░░]  19.3% frames 1556000/8069056 ep 52/56  1964 frames/s  ETA 3316s
[2026-08-04 11:00:52] [data] [███░░░░░░░░░░░░░░░░░]  19.3% frames 1558000/8069056 ep 52/56  1964 frames/s  ETA 3315s
[2026-08-04 11:00:53] [data] [███░░░░░░░░░░░░░░░░░]  19.3% frames 1560000/8069056 ep 52/56  1964 frames/s  ETA 3314s
[2026-08-04 11:00:54] [data] [███░░░░░░░░░░░░░░░░░]  19.4% frames 1562000/8069056 ep 52/56  1964 frames/s  ETA 3313s
[2026-08-04 11:00:55] [data] [███░░░░░░░░░░░░░░░░░]  19.4% frames 1564000/8069056 ep 52/56  1964 frames/s  ETA 3311s
[2026-08-04 11:00:56] [data] [███░░░░░░░░░░░░░░░░░]  19.4% frames 1566000/8069056 ep 52/56  1965 frames/s  ETA 3310s
[2026-08-04 11:00:57] [data] [███░░░░░░░░░░░░░░░░░]  19.4% frames 1568000/8069056 ep 52/56  1965 frames/s  ETA 3309s
[2026-08-04 11:00:58] [data] [███░░░░░░░░░░░░░░░░░]  19.5% frames 1570000/8069056 ep 52/56  1965 frames/s  ETA 3308s
[2026-08-04 11:00:59] [data] [███░░░░░░░░░░░░░░░░░]  19.5% frames 1572000/8069056 ep 52/56  1965 frames/s  ETA 3306s
[2026-08-04 11:01:00] [data] [███░░░░░░░░░░░░░░░░░]  19.5% frames 1574000/8069056 ep 52/56  1965 frames/s  ETA 3305s
[2026-08-04 11:01:01] [data] [███░░░░░░░░░░░░░░░░░]  19.5% frames 1576000/8069056 ep 52/56  1965 frames/s  ETA 3304s
[2026-08-04 11:01:02] [data] [███░░░░░░░░░░░░░░░░░]  19.6% frames 1578000/8069056 ep 52/56  1965 frames/s  ETA 3303s
[2026-08-04 11:01:03] [data] [███░░░░░░░░░░░░░░░░░]  19.6% frames 1580000/8069056 ep 52/56  1965 frames/s  ETA 3302s
[2026-08-04 11:01:04] [data] [███░░░░░░░░░░░░░░░░░]  19.6% frames 1582000/8069056 ep 52/56  1966 frames/s  ETA 3300s
[2026-08-04 11:01:05] [data] [███░░░░░░░░░░░░░░░░░]  19.6% frames 1584000/8069056 ep 52/56  1966 frames/s  ETA 3299s
[2026-08-04 11:01:05] [data] [███░░░░░░░░░░░░░░░░░]  19.7% frames 1586000/8069056 ep 52/56  1966 frames/s  ETA 3298s
[2026-08-04 11:01:06] [data] [███░░░░░░░░░░░░░░░░░]  19.7% frames 1588000/8069056 ep 52/56  1966 frames/s  ETA 3297s
[2026-08-04 11:01:07] [data] [███░░░░░░░░░░░░░░░░░]  19.7% frames 1590000/8069056 ep 52/56  1966 frames/s  ETA 3295s
[2026-08-04 11:01:08] [data] [███░░░░░░░░░░░░░░░░░]  19.7% frames 1592000/8069056 ep 52/56  1966 frames/s  ETA 3294s
[2026-08-04 11:01:09] [data] [███░░░░░░░░░░░░░░░░░]  19.8% frames 1594000/8069056 ep 52/56  1966 frames/s  ETA 3293s
[2026-08-04 11:01:10] [data] [███░░░░░░░░░░░░░░░░░]  19.8% frames 1596000/8069056 ep 52/56  1966 frames/s  ETA 3292s
[2026-08-04 11:01:11] [data] [███░░░░░░░░░░░░░░░░░]  19.8% frames 1598000/8069056 ep 52/56  1967 frames/s  ETA 3290s
[2026-08-04 11:01:12] [data] [███░░░░░░░░░░░░░░░░░]  19.8% frames 1600000/8069056 ep 52/56  1967 frames/s  ETA 3289s
[2026-08-04 11:01:13] [data] [███░░░░░░░░░░░░░░░░░]  19.9% frames 1602000/8069056 ep 52/56  1967 frames/s  ETA 3288s
[2026-08-04 11:01:14] [data] [███░░░░░░░░░░░░░░░░░]  19.9% frames 1604000/8069056 ep 52/56  1967 frames/s  ETA 3287s
[2026-08-04 11:01:15] [data] [███░░░░░░░░░░░░░░░░░]  19.9% frames 1606000/8069056 ep 52/56  1967 frames/s  ETA 3286s
[2026-08-04 11:01:16] [data] [███░░░░░░░░░░░░░░░░░]  19.9% frames 1608000/8069056 ep 52/56  1967 frames/s  ETA 3284s
[2026-08-04 11:01:17] [data] [███░░░░░░░░░░░░░░░░░]  20.0% frames 1610000/8069056 ep 52/56  1967 frames/s  ETA 3283s
[2026-08-04 11:01:18] [data] [███░░░░░░░░░░░░░░░░░]  20.0% frames 1612000/8069056 ep 52/56  1967 frames/s  ETA 3282s
[2026-08-04 11:01:19] [data] [████░░░░░░░░░░░░░░░░]  20.0% frames 1614000/8069056 ep 52/56  1968 frames/s  ETA 3281s
[2026-08-04 11:01:20] [data] [████░░░░░░░░░░░░░░░░]  20.0% frames 1616000/8069056 ep 52/56  1968 frames/s  ETA 3279s
[2026-08-04 11:01:21] [data] [████░░░░░░░░░░░░░░░░]  20.1% frames 1618000/8069056 ep 52/56  1968 frames/s  ETA 3278s
[2026-08-04 11:01:22] [data] [████░░░░░░░░░░░░░░░░]  20.1% frames 1620000/8069056 ep 52/56  1968 frames/s  ETA 3277s
[2026-08-04 11:01:23] [data] [████░░░░░░░░░░░░░░░░]  20.1% frames 1622000/8069056 ep 52/56  1968 frames/s  ETA 3276s
[2026-08-04 11:01:24] [data] [████░░░░░░░░░░░░░░░░]  20.1% frames 1624000/8069056 ep 52/56  1968 frames/s  ETA 3274s
[2026-08-04 11:01:25] [data] [████░░░░░░░░░░░░░░░░]  20.2% frames 1626000/8069056 ep 52/56  1968 frames/s  ETA 3273s
[2026-08-04 11:01:26] [data] [████░░░░░░░░░░░░░░░░]  20.2% frames 1628000/8069056 ep 52/56  1969 frames/s  ETA 3272s
[2026-08-04 11:01:27] [data] [████░░░░░░░░░░░░░░░░]  20.2% frames 1630000/8069056 ep 52/56  1969 frames/s  ETA 3271s
[2026-08-04 11:01:28] [data] [████░░░░░░░░░░░░░░░░]  20.2% frames 1632000/8069056 ep 52/56  1969 frames/s  ETA 3270s
[2026-08-04 11:01:29] [data] [████░░░░░░░░░░░░░░░░]  20.3% frames 1634000/8069056 ep 52/56  1969 frames/s  ETA 3269s
[2026-08-04 11:01:30] [data] [████░░░░░░░░░░░░░░░░]  20.3% frames 1636000/8069056 ep 52/56  1969 frames/s  ETA 3268s
[2026-08-04 11:01:31] [data] [████░░░░░░░░░░░░░░░░]  20.3% frames 1638000/8069056 ep 52/56  1969 frames/s  ETA 3267s
[2026-08-04 11:01:32] [data] [████░░░░░░░░░░░░░░░░]  20.3% frames 1640000/8069056 ep 52/56  1969 frames/s  ETA 3266s
[2026-08-04 11:01:33] [data] [████░░░░░░░░░░░░░░░░]  20.3% frames 1642000/8069056 ep 52/56  1969 frames/s  ETA 3264s
[2026-08-04 11:01:34] [data] [████░░░░░░░░░░░░░░░░]  20.4% frames 1644000/8069056 ep 52/56  1969 frames/s  ETA 3263s
[2026-08-04 11:01:35] [data] [████░░░░░░░░░░░░░░░░]  20.4% frames 1646000/8069056 ep 52/56  1969 frames/s  ETA 3262s
[2026-08-04 11:01:36] [data] [████░░░░░░░░░░░░░░░░]  20.4% frames 1648000/8069056 ep 52/56  1969 frames/s  ETA 3261s
[2026-08-04 11:01:37] [data] [████░░░░░░░░░░░░░░░░]  20.4% frames 1650000/8069056 ep 52/56  1969 frames/s  ETA 3260s
[2026-08-04 11:01:38] [data] [████░░░░░░░░░░░░░░░░]  20.5% frames 1652000/8069056 ep 52/56  1969 frames/s  ETA 3259s
[2026-08-04 11:01:39] [data] [████░░░░░░░░░░░░░░░░]  20.5% frames 1654000/8069056 ep 52/56  1969 frames/s  ETA 3258s
[2026-08-04 11:01:40] [data] [████░░░░░░░░░░░░░░░░]  20.5% frames 1656000/8069056 ep 52/56  1969 frames/s  ETA 3256s
[2026-08-04 11:01:41] [data] [████░░░░░░░░░░░░░░░░]  20.5% frames 1658000/8069056 ep 52/56  1970 frames/s  ETA 3255s
[2026-08-04 11:01:41] [data] [████░░░░░░░░░░░░░░░░]  20.6% frames 1660000/8069056 ep 52/56  1970 frames/s  ETA 3254s
[2026-08-04 11:01:42] [data] [████░░░░░░░░░░░░░░░░]  20.6% frames 1662000/8069056 ep 52/56  1970 frames/s  ETA 3253s
[2026-08-04 11:01:43] [data] [████░░░░░░░░░░░░░░░░]  20.6% frames 1664000/8069056 ep 52/56  1970 frames/s  ETA 3251s
[2026-08-04 11:01:44] [data] [████░░░░░░░░░░░░░░░░]  20.6% frames 1666000/8069056 ep 52/56  1970 frames/s  ETA 3250s
[2026-08-04 11:01:45] [data] [████░░░░░░░░░░░░░░░░]  20.7% frames 1668000/8069056 ep 52/56  1970 frames/s  ETA 3249s
[2026-08-04 11:01:46] [data] [████░░░░░░░░░░░░░░░░]  20.7% frames 1670000/8069056 ep 52/56  1970 frames/s  ETA 3248s
[2026-08-04 11:01:47] [data] [████░░░░░░░░░░░░░░░░]  20.7% frames 1672000/8069056 ep 52/56  1970 frames/s  ETA 3247s
[2026-08-04 11:01:48] [data] [████░░░░░░░░░░░░░░░░]  20.7% frames 1674000/8069056 ep 52/56  1971 frames/s  ETA 3245s
[2026-08-04 11:01:49] [data] [████░░░░░░░░░░░░░░░░]  20.8% frames 1676000/8069056 ep 52/56  1971 frames/s  ETA 3244s
[2026-08-04 11:01:50] [data] [████░░░░░░░░░░░░░░░░]  20.8% frames 1678000/8069056 ep 52/56  1971 frames/s  ETA 3243s
[2026-08-04 11:01:51] [data] [████░░░░░░░░░░░░░░░░]  20.8% frames 1680000/8069056 ep 52/56  1971 frames/s  ETA 3242s
[2026-08-04 11:01:52] [data] [████░░░░░░░░░░░░░░░░]  20.8% frames 1682000/8069056 ep 52/56  1971 frames/s  ETA 3241s
[2026-08-04 11:01:53] [data] [████░░░░░░░░░░░░░░░░]  20.9% frames 1684000/8069056 ep 52/56  1971 frames/s  ETA 3239s
[2026-08-04 11:01:54] [data] [████░░░░░░░░░░░░░░░░]  20.9% frames 1686000/8069056 ep 52/56  1971 frames/s  ETA 3238s
[2026-08-04 11:01:55] [data] [████░░░░░░░░░░░░░░░░]  20.9% frames 1688000/8069056 ep 52/56  1971 frames/s  ETA 3237s
[2026-08-04 11:01:56] [data] [████░░░░░░░░░░░░░░░░]  20.9% frames 1690000/8069056 ep 52/56  1971 frames/s  ETA 3236s
[2026-08-04 11:01:57] [data] [████░░░░░░░░░░░░░░░░]  21.0% frames 1692000/8069056 ep 52/56  1972 frames/s  ETA 3235s
[2026-08-04 11:01:58] [data] [████░░░░░░░░░░░░░░░░]  21.0% frames 1694000/8069056 ep 52/56  1972 frames/s  ETA 3233s
[2026-08-04 11:01:59] [data] [████░░░░░░░░░░░░░░░░]  21.0% frames 1696000/8069056 ep 52/56  1972 frames/s  ETA 3232s
[2026-08-04 11:02:00] [data] [████░░░░░░░░░░░░░░░░]  21.0% frames 1698000/8069056 ep 52/56  1972 frames/s  ETA 3231s
[2026-08-04 11:02:01] [data] [████░░░░░░░░░░░░░░░░]  21.1% frames 1700000/8069056 ep 52/56  1972 frames/s  ETA 3230s
[2026-08-04 11:02:02] [data] [████░░░░░░░░░░░░░░░░]  21.1% frames 1702000/8069056 ep 52/56  1972 frames/s  ETA 3229s
[2026-08-04 11:02:03] [data] [████░░░░░░░░░░░░░░░░]  21.1% frames 1704000/8069056 ep 52/56  1972 frames/s  ETA 3227s
[2026-08-04 11:02:04] [data] [████░░░░░░░░░░░░░░░░]  21.1% frames 1706000/8069056 ep 52/56  1972 frames/s  ETA 3226s
[2026-08-04 11:02:05] [data] [████░░░░░░░░░░░░░░░░]  21.2% frames 1708000/8069056 ep 52/56  1972 frames/s  ETA 3225s
[2026-08-04 11:02:06] [data] [████░░░░░░░░░░░░░░░░]  21.2% frames 1710000/8069056 ep 52/56  1972 frames/s  ETA 3224s
[2026-08-04 11:02:07] [data] [████░░░░░░░░░░░░░░░░]  21.2% frames 1712000/8069056 ep 52/56  1973 frames/s  ETA 3223s
[2026-08-04 11:02:08] [data] [████░░░░░░░░░░░░░░░░]  21.2% frames 1714000/8069056 ep 52/56  1973 frames/s  ETA 3221s
[2026-08-04 11:02:09] [data] [████░░░░░░░░░░░░░░░░]  21.3% frames 1716000/8069056 ep 52/56  1973 frames/s  ETA 3220s
[2026-08-04 11:02:10] [data] [████░░░░░░░░░░░░░░░░]  21.3% frames 1718000/8069056 ep 52/56  1973 frames/s  ETA 3219s
[2026-08-04 11:02:10] [data] [████░░░░░░░░░░░░░░░░]  21.3% frames 1720000/8069056 ep 52/56  1973 frames/s  ETA 3218s
[2026-08-04 11:02:11] [data] [████░░░░░░░░░░░░░░░░]  21.3% frames 1722000/8069056 ep 52/56  1973 frames/s  ETA 3217s
[2026-08-04 11:02:12] [data] [████░░░░░░░░░░░░░░░░]  21.4% frames 1724000/8069056 ep 52/56  1973 frames/s  ETA 3216s
[2026-08-04 11:02:13] [data] [████░░░░░░░░░░░░░░░░]  21.4% frames 1726000/8069056 ep 52/56  1973 frames/s  ETA 3215s
[2026-08-04 11:02:14] [data] [████░░░░░░░░░░░░░░░░]  21.4% frames 1728000/8069056 ep 52/56  1973 frames/s  ETA 3213s
[2026-08-04 11:02:15] [data] [████░░░░░░░░░░░░░░░░]  21.4% frames 1730000/8069056 ep 52/56  1973 frames/s  ETA 3212s
[2026-08-04 11:02:16] [data] [████░░░░░░░░░░░░░░░░]  21.5% frames 1732000/8069056 ep 52/56  1974 frames/s  ETA 3211s
[2026-08-04 11:02:17] [data] [████░░░░░░░░░░░░░░░░]  21.5% frames 1734000/8069056 ep 52/56  1974 frames/s  ETA 3210s
[2026-08-04 11:02:18] [data] [████░░░░░░░░░░░░░░░░]  21.5% frames 1736000/8069056 ep 52/56  1974 frames/s  ETA 3209s
[2026-08-04 11:02:19] [data] [████░░░░░░░░░░░░░░░░]  21.5% frames 1738000/8069056 ep 52/56  1974 frames/s  ETA 3208s
[2026-08-04 11:02:20] [data] [████░░░░░░░░░░░░░░░░]  21.6% frames 1740000/8069056 ep 52/56  1974 frames/s  ETA 3206s
[2026-08-04 11:02:21] [data] [████░░░░░░░░░░░░░░░░]  21.6% frames 1742000/8069056 ep 52/56  1974 frames/s  ETA 3205s
[2026-08-04 11:02:22] [data] [████░░░░░░░░░░░░░░░░]  21.6% frames 1744000/8069056 ep 52/56  1974 frames/s  ETA 3204s
[2026-08-04 11:02:23] [data] [████░░░░░░░░░░░░░░░░]  21.6% frames 1746000/8069056 ep 52/56  1974 frames/s  ETA 3203s
[2026-08-04 11:02:24] [data] [████░░░░░░░░░░░░░░░░]  21.7% frames 1748000/8069056 ep 52/56  1974 frames/s  ETA 3202s
[2026-08-04 11:02:25] [data] [████░░░░░░░░░░░░░░░░]  21.7% frames 1750000/8069056 ep 52/56  1974 frames/s  ETA 3201s
[2026-08-04 11:02:26] [data] [████░░░░░░░░░░░░░░░░]  21.7% frames 1752000/8069056 ep 52/56  1974 frames/s  ETA 3199s
[2026-08-04 11:02:27] [data] [████░░░░░░░░░░░░░░░░]  21.7% frames 1754000/8069056 ep 52/56  1975 frames/s  ETA 3198s
[2026-08-04 11:02:28] [data] [████░░░░░░░░░░░░░░░░]  21.8% frames 1756000/8069056 ep 52/56  1975 frames/s  ETA 3197s
[2026-08-04 11:02:29] [data] [████░░░░░░░░░░░░░░░░]  21.8% frames 1758000/8069056 ep 52/56  1975 frames/s  ETA 3196s
[2026-08-04 11:02:30] [data] [████░░░░░░░░░░░░░░░░]  21.8% frames 1760000/8069056 ep 52/56  1975 frames/s  ETA 3195s
[2026-08-04 11:02:31] [data] [████░░░░░░░░░░░░░░░░]  21.8% frames 1762000/8069056 ep 52/56  1975 frames/s  ETA 3194s
[2026-08-04 11:02:32] [data] [████░░░░░░░░░░░░░░░░]  21.9% frames 1764000/8069056 ep 52/56  1975 frames/s  ETA 3192s
[2026-08-04 11:02:33] [data] [████░░░░░░░░░░░░░░░░]  21.9% frames 1766000/8069056 ep 52/56  1975 frames/s  ETA 3191s
[2026-08-04 11:02:34] [data] [████░░░░░░░░░░░░░░░░]  21.9% frames 1768000/8069056 ep 52/56  1975 frames/s  ETA 3190s
[2026-08-04 11:02:35] [data] [████░░░░░░░░░░░░░░░░]  21.9% frames 1770000/8069056 ep 52/56  1975 frames/s  ETA 3189s
[2026-08-04 11:02:36] [data] [████░░░░░░░░░░░░░░░░]  22.0% frames 1772000/8069056 ep 52/56  1975 frames/s  ETA 3188s
[2026-08-04 11:02:37] [data] [████░░░░░░░░░░░░░░░░]  22.0% frames 1774000/8069056 ep 52/56  1975 frames/s  ETA 3187s
[2026-08-04 11:02:38] [data] [████░░░░░░░░░░░░░░░░]  22.0% frames 1776000/8069056 ep 52/56  1976 frames/s  ETA 3186s
[2026-08-04 11:02:39] [data] [████░░░░░░░░░░░░░░░░]  22.0% frames 1778000/8069056 ep 52/56  1976 frames/s  ETA 3184s
[2026-08-04 11:02:40] [data] [████░░░░░░░░░░░░░░░░]  22.1% frames 1780000/8069056 ep 52/56  1976 frames/s  ETA 3183s
[2026-08-04 11:02:41] [data] [████░░░░░░░░░░░░░░░░]  22.1% frames 1782000/8069056 ep 52/56  1976 frames/s  ETA 3182s
[2026-08-04 11:02:42] [data] [████░░░░░░░░░░░░░░░░]  22.1% frames 1784000/8069056 ep 52/56  1976 frames/s  ETA 3181s
[2026-08-04 11:02:43] [data] [████░░░░░░░░░░░░░░░░]  22.1% frames 1786000/8069056 ep 52/56  1976 frames/s  ETA 3180s
[2026-08-04 11:02:44] [data] [████░░░░░░░░░░░░░░░░]  22.2% frames 1788000/8069056 ep 52/56  1976 frames/s  ETA 3179s
[2026-08-04 11:02:45] [data] [████░░░░░░░░░░░░░░░░]  22.2% frames 1790000/8069056 ep 52/56  1976 frames/s  ETA 3178s
[2026-08-04 11:02:46] [data] [████░░░░░░░░░░░░░░░░]  22.2% frames 1792000/8069056 ep 52/56  1976 frames/s  ETA 3177s
[2026-08-04 11:02:47] [data] [████░░░░░░░░░░░░░░░░]  22.2% frames 1794000/8069056 ep 52/56  1976 frames/s  ETA 3176s
[2026-08-04 11:02:48] [data] [████░░░░░░░░░░░░░░░░]  22.3% frames 1796000/8069056 ep 52/56  1976 frames/s  ETA 3175s
[2026-08-04 11:02:49] [data] [████░░░░░░░░░░░░░░░░]  22.3% frames 1798000/8069056 ep 52/56  1976 frames/s  ETA 3174s
[2026-08-04 11:02:50] [data] [████░░░░░░░░░░░░░░░░]  22.3% frames 1800000/8069056 ep 52/56  1976 frames/s  ETA 3173s
[2026-08-04 11:02:51] [data] [████░░░░░░░░░░░░░░░░]  22.3% frames 1802000/8069056 ep 52/56  1976 frames/s  ETA 3172s
[2026-08-04 11:02:52] [data] [████░░░░░░░░░░░░░░░░]  22.4% frames 1804000/8069056 ep 52/56  1976 frames/s  ETA 3170s
[2026-08-04 11:02:53] [data] [████░░░░░░░░░░░░░░░░]  22.4% frames 1806000/8069056 ep 52/56  1976 frames/s  ETA 3169s
[2026-08-04 11:02:54] [data] [████░░░░░░░░░░░░░░░░]  22.4% frames 1808000/8069056 ep 52/56  1976 frames/s  ETA 3168s
[2026-08-04 11:02:55] [data] [████░░░░░░░░░░░░░░░░]  22.4% frames 1810000/8069056 ep 52/56  1976 frames/s  ETA 3167s
[2026-08-04 11:02:56] [data] [████░░░░░░░░░░░░░░░░]  22.5% frames 1812000/8069056 ep 52/56  1976 frames/s  ETA 3166s
[2026-08-04 11:02:57] [data] [████░░░░░░░░░░░░░░░░]  22.5% frames 1814000/8069056 ep 52/56  1976 frames/s  ETA 3165s
[2026-08-04 11:02:58] [data] [████░░░░░░░░░░░░░░░░]  22.5% frames 1816000/8069056 ep 52/56  1976 frames/s  ETA 3164s
[2026-08-04 11:02:59] [data] [████░░░░░░░░░░░░░░░░]  22.5% frames 1818000/8069056 ep 52/56  1977 frames/s  ETA 3163s
[2026-08-04 11:02:59] [data] [████░░░░░░░░░░░░░░░░]  22.6% frames 1820000/8069056 ep 52/56  1977 frames/s  ETA 3162s
[2026-08-04 11:03:00] [data] [████░░░░░░░░░░░░░░░░]  22.6% frames 1822000/8069056 ep 52/56  1977 frames/s  ETA 3160s
[2026-08-04 11:03:01] [data] [████░░░░░░░░░░░░░░░░]  22.6% frames 1824000/8069056 ep 52/56  1977 frames/s  ETA 3159s
[2026-08-04 11:03:02] [data] [████░░░░░░░░░░░░░░░░]  22.6% frames 1826000/8069056 ep 52/56  1977 frames/s  ETA 3158s
[2026-08-04 11:03:03] [data] [████░░░░░░░░░░░░░░░░]  22.7% frames 1828000/8069056 ep 52/56  1977 frames/s  ETA 3157s
[2026-08-04 11:03:04] [data] [████░░░░░░░░░░░░░░░░]  22.7% frames 1830000/8069056 ep 52/56  1977 frames/s  ETA 3156s
[2026-08-04 11:03:05] [data] [████░░░░░░░░░░░░░░░░]  22.7% frames 1832000/8069056 ep 52/56  1977 frames/s  ETA 3155s
[2026-08-04 11:03:06] [data] [████░░░░░░░░░░░░░░░░]  22.7% frames 1834000/8069056 ep 52/56  1977 frames/s  ETA 3154s
[2026-08-04 11:03:07] [data] [████░░░░░░░░░░░░░░░░]  22.8% frames 1836000/8069056 ep 52/56  1977 frames/s  ETA 3152s
[2026-08-04 11:03:08] [data] [████░░░░░░░░░░░░░░░░]  22.8% frames 1838000/8069056 ep 52/56  1977 frames/s  ETA 3151s
[2026-08-04 11:03:09] [data] [████░░░░░░░░░░░░░░░░]  22.8% frames 1840000/8069056 ep 52/56  1977 frames/s  ETA 3150s
[2026-08-04 11:03:10] [data] [████░░░░░░░░░░░░░░░░]  22.8% frames 1842000/8069056 ep 52/56  1977 frames/s  ETA 3149s
[2026-08-04 11:03:11] [data] [████░░░░░░░░░░░░░░░░]  22.9% frames 1844000/8069056 ep 52/56  1978 frames/s  ETA 3148s
[2026-08-04 11:03:12] [data] [████░░░░░░░░░░░░░░░░]  22.9% frames 1846000/8069056 ep 52/56  1978 frames/s  ETA 3147s
[2026-08-04 11:03:13] [data] [████░░░░░░░░░░░░░░░░]  22.9% frames 1848000/8069056 ep 52/56  1978 frames/s  ETA 3146s
[2026-08-04 11:03:14] [data] [████░░░░░░░░░░░░░░░░]  22.9% frames 1850000/8069056 ep 52/56  1978 frames/s  ETA 3145s
[2026-08-04 11:03:15] [data] [████░░░░░░░░░░░░░░░░]  23.0% frames 1852000/8069056 ep 52/56  1978 frames/s  ETA 3143s
[2026-08-04 11:03:16] [data] [████░░░░░░░░░░░░░░░░]  23.0% frames 1854000/8069056 ep 52/56  1978 frames/s  ETA 3142s
[2026-08-04 11:03:17] [data] [████░░░░░░░░░░░░░░░░]  23.0% frames 1856000/8069056 ep 52/56  1978 frames/s  ETA 3141s
[2026-08-04 11:03:18] [data] [████░░░░░░░░░░░░░░░░]  23.0% frames 1858000/8069056 ep 52/56  1978 frames/s  ETA 3140s
[2026-08-04 11:03:19] [data] [████░░░░░░░░░░░░░░░░]  23.1% frames 1860000/8069056 ep 52/56  1978 frames/s  ETA 3139s
[2026-08-04 11:03:20] [data] [████░░░░░░░░░░░░░░░░]  23.1% frames 1862000/8069056 ep 52/56  1978 frames/s  ETA 3138s
[2026-08-04 11:03:21] [data] [████░░░░░░░░░░░░░░░░]  23.1% frames 1864000/8069056 ep 52/56  1978 frames/s  ETA 3137s
[2026-08-04 11:03:22] [data] [████░░░░░░░░░░░░░░░░]  23.1% frames 1866000/8069056 ep 52/56  1978 frames/s  ETA 3135s
[2026-08-04 11:03:23] [data] [████░░░░░░░░░░░░░░░░]  23.2% frames 1868000/8069056 ep 52/56  1979 frames/s  ETA 3134s
[2026-08-04 11:03:24] [data] [████░░░░░░░░░░░░░░░░]  23.2% frames 1870000/8069056 ep 52/56  1979 frames/s  ETA 3133s
[2026-08-04 11:03:25] [data] [████░░░░░░░░░░░░░░░░]  23.2% frames 1872000/8069056 ep 52/56  1979 frames/s  ETA 3132s
[2026-08-04 11:03:26] [data] [████░░░░░░░░░░░░░░░░]  23.2% frames 1874000/8069056 ep 52/56  1979 frames/s  ETA 3131s
[2026-08-04 11:03:27] [data] [████░░░░░░░░░░░░░░░░]  23.2% frames 1876000/8069056 ep 52/56  1979 frames/s  ETA 3130s
[2026-08-04 11:03:28] [data] [████░░░░░░░░░░░░░░░░]  23.3% frames 1878000/8069056 ep 52/56  1979 frames/s  ETA 3128s
[2026-08-04 11:03:29] [data] [████░░░░░░░░░░░░░░░░]  23.3% frames 1880000/8069056 ep 52/56  1979 frames/s  ETA 3127s
[2026-08-04 11:03:30] [data] [████░░░░░░░░░░░░░░░░]  23.3% frames 1882000/8069056 ep 52/56  1979 frames/s  ETA 3126s
[2026-08-04 11:03:31] [data] [████░░░░░░░░░░░░░░░░]  23.3% frames 1884000/8069056 ep 52/56  1979 frames/s  ETA 3125s
[2026-08-04 11:03:32] [data] [████░░░░░░░░░░░░░░░░]  23.4% frames 1886000/8069056 ep 52/56  1979 frames/s  ETA 3124s
[2026-08-04 11:03:33] [data] [████░░░░░░░░░░░░░░░░]  23.4% frames 1888000/8069056 ep 52/56  1979 frames/s  ETA 3123s
[2026-08-04 11:03:33] [data] [████░░░░░░░░░░░░░░░░]  23.4% frames 1890000/8069056 ep 52/56  1980 frames/s  ETA 3121s
[2026-08-04 11:03:34] [data] [████░░░░░░░░░░░░░░░░]  23.4% frames 1892000/8069056 ep 52/56  1980 frames/s  ETA 3120s
[2026-08-04 11:03:35] [data] [████░░░░░░░░░░░░░░░░]  23.5% frames 1894000/8069056 ep 52/56  1980 frames/s  ETA 3119s
[2026-08-04 11:03:36] [data] [████░░░░░░░░░░░░░░░░]  23.5% frames 1896000/8069056 ep 52/56  1980 frames/s  ETA 3118s
[2026-08-04 11:03:37] [data] [████░░░░░░░░░░░░░░░░]  23.5% frames 1898000/8069056 ep 52/56  1980 frames/s  ETA 3117s
[2026-08-04 11:03:38] [data] [████░░░░░░░░░░░░░░░░]  23.5% frames 1900000/8069056 ep 52/56  1980 frames/s  ETA 3116s
[2026-08-04 11:03:39] [data] [████░░░░░░░░░░░░░░░░]  23.6% frames 1902000/8069056 ep 52/56  1980 frames/s  ETA 3115s
[2026-08-04 11:03:40] [data] [████░░░░░░░░░░░░░░░░]  23.6% frames 1904000/8069056 ep 52/56  1980 frames/s  ETA 3114s
[2026-08-04 11:03:41] [data] [████░░░░░░░░░░░░░░░░]  23.6% frames 1906000/8069056 ep 52/56  1980 frames/s  ETA 3112s
[2026-08-04 11:03:42] [data] [████░░░░░░░░░░░░░░░░]  23.6% frames 1908000/8069056 ep 52/56  1980 frames/s  ETA 3111s
[2026-08-04 11:03:43] [data] [████░░░░░░░░░░░░░░░░]  23.7% frames 1910000/8069056 ep 52/56  1980 frames/s  ETA 3110s
[2026-08-04 11:03:44] [data] [████░░░░░░░░░░░░░░░░]  23.7% frames 1912000/8069056 ep 52/56  1981 frames/s  ETA 3109s
[2026-08-04 11:03:45] [data] [████░░░░░░░░░░░░░░░░]  23.7% frames 1914000/8069056 ep 52/56  1981 frames/s  ETA 3108s
[2026-08-04 11:03:46] [data] [████░░░░░░░░░░░░░░░░]  23.7% frames 1916000/8069056 ep 52/56  1981 frames/s  ETA 3106s
[2026-08-04 11:03:47] [data] [████░░░░░░░░░░░░░░░░]  23.8% frames 1918000/8069056 ep 52/56  1981 frames/s  ETA 3105s
[2026-08-04 11:03:48] [data] [████░░░░░░░░░░░░░░░░]  23.8% frames 1920000/8069056 ep 52/56  1981 frames/s  ETA 3104s
[2026-08-04 11:03:49] [data] [████░░░░░░░░░░░░░░░░]  23.8% frames 1922000/8069056 ep 52/56  1981 frames/s  ETA 3103s
[2026-08-04 11:03:50] [data] [████░░░░░░░░░░░░░░░░]  23.8% frames 1924000/8069056 ep 52/56  1981 frames/s  ETA 3102s
[2026-08-04 11:03:51] [data] [████░░░░░░░░░░░░░░░░]  23.9% frames 1926000/8069056 ep 52/56  1981 frames/s  ETA 3101s
[2026-08-04 11:03:52] [data] [████░░░░░░░░░░░░░░░░]  23.9% frames 1928000/8069056 ep 52/56  1981 frames/s  ETA 3100s
[2026-08-04 11:03:53] [data] [████░░░░░░░░░░░░░░░░]  23.9% frames 1930000/8069056 ep 52/56  1981 frames/s  ETA 3099s
[2026-08-04 11:03:54] [data] [████░░░░░░░░░░░░░░░░]  23.9% frames 1932000/8069056 ep 52/56  1981 frames/s  ETA 3097s
[2026-08-04 11:03:55] [data] [████░░░░░░░░░░░░░░░░]  24.0% frames 1934000/8069056 ep 52/56  1981 frames/s  ETA 3096s
[2026-08-04 11:03:56] [data] [████░░░░░░░░░░░░░░░░]  24.0% frames 1936000/8069056 ep 52/56  1982 frames/s  ETA 3095s
[2026-08-04 11:03:57] [data] [████░░░░░░░░░░░░░░░░]  24.0% frames 1938000/8069056 ep 52/56  1982 frames/s  ETA 3094s
[2026-08-04 11:03:58] [data] [████░░░░░░░░░░░░░░░░]  24.0% frames 1940000/8069056 ep 52/56  1982 frames/s  ETA 3093s
[2026-08-04 11:03:59] [data] [████░░░░░░░░░░░░░░░░]  24.1% frames 1942000/8069056 ep 52/56  1982 frames/s  ETA 3092s
[2026-08-04 11:04:00] [data] [████░░░░░░░░░░░░░░░░]  24.1% frames 1944000/8069056 ep 52/56  1982 frames/s  ETA 3091s
[2026-08-04 11:04:01] [data] [████░░░░░░░░░░░░░░░░]  24.1% frames 1946000/8069056 ep 52/56  1982 frames/s  ETA 3090s
[2026-08-04 11:04:02] [data] [████░░░░░░░░░░░░░░░░]  24.1% frames 1948000/8069056 ep 52/56  1982 frames/s  ETA 3088s
[2026-08-04 11:04:03] [data] [████░░░░░░░░░░░░░░░░]  24.2% frames 1950000/8069056 ep 52/56  1982 frames/s  ETA 3087s
[2026-08-04 11:04:03] [data] [████░░░░░░░░░░░░░░░░]  24.2% frames 1952000/8069056 ep 52/56  1982 frames/s  ETA 3086s
[2026-08-04 11:04:04] [data] [████░░░░░░░░░░░░░░░░]  24.2% frames 1954000/8069056 ep 52/56  1982 frames/s  ETA 3085s
[2026-08-04 11:04:05] [data] [████░░░░░░░░░░░░░░░░]  24.2% frames 1956000/8069056 ep 52/56  1982 frames/s  ETA 3084s
[2026-08-04 11:04:06] [data] [████░░░░░░░░░░░░░░░░]  24.3% frames 1958000/8069056 ep 52/56  1983 frames/s  ETA 3082s
[2026-08-04 11:04:07] [data] [████░░░░░░░░░░░░░░░░]  24.3% frames 1960000/8069056 ep 52/56  1983 frames/s  ETA 3081s
[2026-08-04 11:04:08] [data] [████░░░░░░░░░░░░░░░░]  24.3% frames 1962000/8069056 ep 52/56  1983 frames/s  ETA 3080s
[2026-08-04 11:04:09] [data] [████░░░░░░░░░░░░░░░░]  24.3% frames 1964000/8069056 ep 52/56  1983 frames/s  ETA 3079s
[2026-08-04 11:04:10] [data] [████░░░░░░░░░░░░░░░░]  24.4% frames 1966000/8069056 ep 52/56  1983 frames/s  ETA 3078s
[2026-08-04 11:04:11] [data] [████░░░░░░░░░░░░░░░░]  24.4% frames 1968000/8069056 ep 52/56  1983 frames/s  ETA 3077s
[2026-08-04 11:04:12] [data] [████░░░░░░░░░░░░░░░░]  24.4% frames 1970000/8069056 ep 52/56  1983 frames/s  ETA 3075s
[2026-08-04 11:04:13] [data] [████░░░░░░░░░░░░░░░░]  24.4% frames 1972000/8069056 ep 52/56  1983 frames/s  ETA 3075s
[2026-08-04 11:04:14] [data] [████░░░░░░░░░░░░░░░░]  24.5% frames 1974000/8069056 ep 52/56  1983 frames/s  ETA 3074s
[2026-08-04 11:04:15] [data] [████░░░░░░░░░░░░░░░░]  24.5% frames 1976000/8069056 ep 52/56  1983 frames/s  ETA 3073s
[2026-08-04 11:04:16] [data] [████░░░░░░░░░░░░░░░░]  24.5% frames 1978000/8069056 ep 52/56  1983 frames/s  ETA 3072s
[2026-08-04 11:04:17] [data] [████░░░░░░░░░░░░░░░░]  24.5% frames 1980000/8069056 ep 52/56  1983 frames/s  ETA 3071s
[2026-08-04 11:04:18] [data] [████░░░░░░░░░░░░░░░░]  24.6% frames 1982000/8069056 ep 52/56  1983 frames/s  ETA 3069s
[2026-08-04 11:04:19] [data] [████░░░░░░░░░░░░░░░░]  24.6% frames 1984000/8069056 ep 52/56  1983 frames/s  ETA 3068s
[2026-08-04 11:04:20] [data] [████░░░░░░░░░░░░░░░░]  24.6% frames 1986000/8069056 ep 52/56  1983 frames/s  ETA 3067s
[2026-08-04 11:04:21] [data] [████░░░░░░░░░░░░░░░░]  24.6% frames 1988000/8069056 ep 52/56  1983 frames/s  ETA 3066s
[2026-08-04 11:04:22] [data] [████░░░░░░░░░░░░░░░░]  24.7% frames 1990000/8069056 ep 52/56  1983 frames/s  ETA 3065s
[2026-08-04 11:04:23] [data] [████░░░░░░░░░░░░░░░░]  24.7% frames 1992000/8069056 ep 52/56  1983 frames/s  ETA 3064s
[2026-08-04 11:04:24] [data] [████░░░░░░░░░░░░░░░░]  24.7% frames 1994000/8069056 ep 52/56  1983 frames/s  ETA 3063s
[2026-08-04 11:04:25] [data] [████░░░░░░░░░░░░░░░░]  24.7% frames 1996000/8069056 ep 52/56  1983 frames/s  ETA 3062s
[2026-08-04 11:04:26] [data] [████░░░░░░░░░░░░░░░░]  24.8% frames 1998000/8069056 ep 52/56  1983 frames/s  ETA 3061s
[2026-08-04 11:04:27] [data] [████░░░░░░░░░░░░░░░░]  24.8% frames 2000000/8069056 ep 52/56  1983 frames/s  ETA 3060s
[2026-08-04 11:04:28] [data] [████░░░░░░░░░░░░░░░░]  24.8% frames 2002000/8069056 ep 52/56  1983 frames/s  ETA 3059s
[2026-08-04 11:04:29] [data] [████░░░░░░░░░░░░░░░░]  24.8% frames 2004000/8069056 ep 52/56  1984 frames/s  ETA 3058s
[2026-08-04 11:04:30] [data] [████░░░░░░░░░░░░░░░░]  24.9% frames 2006000/8069056 ep 52/56  1984 frames/s  ETA 3057s
[2026-08-04 11:04:31] [data] [████░░░░░░░░░░░░░░░░]  24.9% frames 2008000/8069056 ep 52/56  1984 frames/s  ETA 3055s
[2026-08-04 11:04:32] [data] [████░░░░░░░░░░░░░░░░]  24.9% frames 2010000/8069056 ep 52/56  1984 frames/s  ETA 3054s
[2026-08-04 11:04:33] [data] [████░░░░░░░░░░░░░░░░]  24.9% frames 2012000/8069056 ep 52/56  1984 frames/s  ETA 3053s
[2026-08-04 11:04:34] [data] [████░░░░░░░░░░░░░░░░]  25.0% frames 2014000/8069056 ep 52/56  1984 frames/s  ETA 3052s
[2026-08-04 11:04:35] [data] [████░░░░░░░░░░░░░░░░]  25.0% frames 2016000/8069056 ep 52/56  1984 frames/s  ETA 3051s
[2026-08-04 11:04:36] [data] [█████░░░░░░░░░░░░░░░]  25.0% frames 2018000/8069056 ep 52/56  1984 frames/s  ETA 3050s
[2026-08-04 11:04:37] [data] [█████░░░░░░░░░░░░░░░]  25.0% frames 2020000/8069056 ep 52/56  1984 frames/s  ETA 3048s
[2026-08-04 11:04:38] [data] [█████░░░░░░░░░░░░░░░]  25.1% frames 2022000/8069056 ep 52/56  1984 frames/s  ETA 3047s
[2026-08-04 11:04:39] [data] [█████░░░░░░░░░░░░░░░]  25.1% frames 2024000/8069056 ep 52/56  1985 frames/s  ETA 3046s
[2026-08-04 11:04:40] [data] [█████░░░░░░░░░░░░░░░]  25.1% frames 2026000/8069056 ep 52/56  1985 frames/s  ETA 3045s
[2026-08-04 11:04:41] [data] [█████░░░░░░░░░░░░░░░]  25.1% frames 2028000/8069056 ep 52/56  1985 frames/s  ETA 3044s
[2026-08-04 11:04:41] [data] [█████░░░░░░░░░░░░░░░]  25.2% frames 2030000/8069056 ep 52/56  1985 frames/s  ETA 3043s
[2026-08-04 11:04:42] [data] [█████░░░░░░░░░░░░░░░]  25.2% frames 2032000/8069056 ep 52/56  1985 frames/s  ETA 3041s
[2026-08-04 11:04:43] [data] [█████░░░░░░░░░░░░░░░]  25.2% frames 2034000/8069056 ep 52/56  1985 frames/s  ETA 3040s
[2026-08-04 11:04:44] [data] [█████░░░░░░░░░░░░░░░]  25.2% frames 2036000/8069056 ep 52/56  1985 frames/s  ETA 3039s
[2026-08-04 11:04:45] [data] [█████░░░░░░░░░░░░░░░]  25.3% frames 2038000/8069056 ep 52/56  1985 frames/s  ETA 3038s
[2026-08-04 11:04:46] [data] [█████░░░░░░░░░░░░░░░]  25.3% frames 2040000/8069056 ep 52/56  1985 frames/s  ETA 3037s
[2026-08-04 11:04:47] [data] [█████░░░░░░░░░░░░░░░]  25.3% frames 2042000/8069056 ep 52/56  1985 frames/s  ETA 3036s
[2026-08-04 11:04:48] [data] [█████░░░░░░░░░░░░░░░]  25.3% frames 2044000/8069056 ep 52/56  1985 frames/s  ETA 3035s
[2026-08-04 11:04:49] [data] [█████░░░░░░░░░░░░░░░]  25.4% frames 2046000/8069056 ep 52/56  1986 frames/s  ETA 3033s
[2026-08-04 11:04:50] [data] [█████░░░░░░░░░░░░░░░]  25.4% frames 2048000/8069056 ep 52/56  1986 frames/s  ETA 3032s
[2026-08-04 11:04:51] [data] [█████░░░░░░░░░░░░░░░]  25.4% frames 2050000/8069056 ep 52/56  1986 frames/s  ETA 3031s
[2026-08-04 11:04:52] [data] [█████░░░░░░░░░░░░░░░]  25.4% frames 2052000/8069056 ep 52/56  1986 frames/s  ETA 3030s
[2026-08-04 11:04:53] [data] [█████░░░░░░░░░░░░░░░]  25.5% frames 2054000/8069056 ep 52/56  1986 frames/s  ETA 3029s
[2026-08-04 11:04:54] [data] [█████░░░░░░░░░░░░░░░]  25.5% frames 2056000/8069056 ep 52/56  1986 frames/s  ETA 3028s
[2026-08-04 11:04:55] [data] [█████░░░░░░░░░░░░░░░]  25.5% frames 2058000/8069056 ep 52/56  1986 frames/s  ETA 3026s
[2026-08-04 11:04:56] [data] [█████░░░░░░░░░░░░░░░]  25.5% frames 2060000/8069056 ep 52/56  1986 frames/s  ETA 3025s
[2026-08-04 11:04:57] [data] [█████░░░░░░░░░░░░░░░]  25.6% frames 2062000/8069056 ep 52/56  1986 frames/s  ETA 3024s
[2026-08-04 11:04:58] [data] [█████░░░░░░░░░░░░░░░]  25.6% frames 2064000/8069056 ep 52/56  1986 frames/s  ETA 3023s
[2026-08-04 11:04:59] [data] [█████░░░░░░░░░░░░░░░]  25.6% frames 2066000/8069056 ep 52/56  1987 frames/s  ETA 3022s
[2026-08-04 11:05:00] [data] [█████░░░░░░░░░░░░░░░]  25.6% frames 2068000/8069056 ep 52/56  1987 frames/s  ETA 3021s
[2026-08-04 11:05:01] [data] [█████░░░░░░░░░░░░░░░]  25.7% frames 2070000/8069056 ep 52/56  1987 frames/s  ETA 3019s
[2026-08-04 11:05:02] [data] [█████░░░░░░░░░░░░░░░]  25.7% frames 2072000/8069056 ep 52/56  1987 frames/s  ETA 3018s
[2026-08-04 11:05:02] [data] [█████░░░░░░░░░░░░░░░]  25.7% frames 2074000/8069056 ep 52/56  1987 frames/s  ETA 3017s
[2026-08-04 11:05:03] [data] [█████░░░░░░░░░░░░░░░]  25.7% frames 2076000/8069056 ep 52/56  1987 frames/s  ETA 3016s
[2026-08-04 11:05:04] [data] [█████░░░░░░░░░░░░░░░]  25.8% frames 2078000/8069056 ep 52/56  1987 frames/s  ETA 3015s
[2026-08-04 11:05:05] [data] [█████░░░░░░░░░░░░░░░]  25.8% frames 2080000/8069056 ep 52/56  1987 frames/s  ETA 3014s
[2026-08-04 11:05:06] [data] [█████░░░░░░░░░░░░░░░]  25.8% frames 2082000/8069056 ep 52/56  1987 frames/s  ETA 3012s
[2026-08-04 11:05:07] [data] [█████░░░░░░░░░░░░░░░]  25.8% frames 2084000/8069056 ep 52/56  1988 frames/s  ETA 3011s
[2026-08-04 11:05:08] [data] [█████░░░░░░░░░░░░░░░]  25.9% frames 2086000/8069056 ep 52/56  1988 frames/s  ETA 3010s
[2026-08-04 11:05:09] [data] [█████░░░░░░░░░░░░░░░]  25.9% frames 2088000/8069056 ep 52/56  1988 frames/s  ETA 3009s
[2026-08-04 11:05:10] [data] [█████░░░░░░░░░░░░░░░]  25.9% frames 2090000/8069056 ep 52/56  1988 frames/s  ETA 3008s
[2026-08-04 11:05:11] [data] [█████░░░░░░░░░░░░░░░]  25.9% frames 2092000/8069056 ep 52/56  1988 frames/s  ETA 3007s
[2026-08-04 11:05:12] [data] [█████░░░░░░░░░░░░░░░]  26.0% frames 2094000/8069056 ep 52/56  1988 frames/s  ETA 3005s
[2026-08-04 11:05:13] [data] [█████░░░░░░░░░░░░░░░]  26.0% frames 2096000/8069056 ep 52/56  1988 frames/s  ETA 3004s
[2026-08-04 11:05:14] [data] [█████░░░░░░░░░░░░░░░]  26.0% frames 2098000/8069056 ep 52/56  1988 frames/s  ETA 3003s
[2026-08-04 11:05:15] [data] [█████░░░░░░░░░░░░░░░]  26.0% frames 2100000/8069056 ep 52/56  1988 frames/s  ETA 3002s
[2026-08-04 11:05:16] [data] [█████░░░░░░░░░░░░░░░]  26.1% frames 2102000/8069056 ep 52/56  1989 frames/s  ETA 3001s
[2026-08-04 11:05:17] [data] [█████░░░░░░░░░░░░░░░]  26.1% frames 2104000/8069056 ep 52/56  1989 frames/s  ETA 3000s
[2026-08-04 11:05:18] [data] [█████░░░░░░░░░░░░░░░]  26.1% frames 2106000/8069056 ep 52/56  1989 frames/s  ETA 2998s
[2026-08-04 11:05:19] [data] [█████░░░░░░░░░░░░░░░]  26.1% frames 2108000/8069056 ep 52/56  1989 frames/s  ETA 2997s
[2026-08-04 11:05:20] [data] [█████░░░░░░░░░░░░░░░]  26.1% frames 2110000/8069056 ep 52/56  1989 frames/s  ETA 2996s
[2026-08-04 11:05:21] [data] [█████░░░░░░░░░░░░░░░]  26.2% frames 2112000/8069056 ep 52/56  1989 frames/s  ETA 2995s
[2026-08-04 11:05:21] [data] [█████░░░░░░░░░░░░░░░]  26.2% frames 2114000/8069056 ep 52/56  1989 frames/s  ETA 2994s
[2026-08-04 11:05:22] [data] [█████░░░░░░░░░░░░░░░]  26.2% frames 2116000/8069056 ep 52/56  1989 frames/s  ETA 2993s
[2026-08-04 11:05:23] [data] [█████░░░░░░░░░░░░░░░]  26.2% frames 2118000/8069056 ep 52/56  1989 frames/s  ETA 2991s
[2026-08-04 11:05:24] [data] [█████░░░░░░░░░░░░░░░]  26.3% frames 2120000/8069056 ep 52/56  1989 frames/s  ETA 2990s
[2026-08-04 11:05:25] [data] [█████░░░░░░░░░░░░░░░]  26.3% frames 2122000/8069056 ep 52/56  1989 frames/s  ETA 2989s
[2026-08-04 11:05:26] [data] [█████░░░░░░░░░░░░░░░]  26.3% frames 2124000/8069056 ep 52/56  1990 frames/s  ETA 2988s
[2026-08-04 11:05:27] [data] [█████░░░░░░░░░░░░░░░]  26.3% frames 2126000/8069056 ep 52/56  1990 frames/s  ETA 2987s
[2026-08-04 11:05:28] [data] [█████░░░░░░░░░░░░░░░]  26.4% frames 2128000/8069056 ep 52/56  1990 frames/s  ETA 2986s
[2026-08-04 11:05:29] [data] [█████░░░░░░░░░░░░░░░]  26.4% frames 2130000/8069056 ep 52/56  1990 frames/s  ETA 2985s
[2026-08-04 11:05:30] [data] [█████░░░░░░░░░░░░░░░]  26.4% frames 2132000/8069056 ep 52/56  1990 frames/s  ETA 2984s
[2026-08-04 11:05:31] [data] [█████░░░░░░░░░░░░░░░]  26.4% frames 2134000/8069056 ep 52/56  1990 frames/s  ETA 2982s
[2026-08-04 11:05:32] [data] [█████░░░░░░░░░░░░░░░]  26.5% frames 2136000/8069056 ep 52/56  1990 frames/s  ETA 2982s
[2026-08-04 11:05:33] [data] [█████░░░░░░░░░░░░░░░]  26.5% frames 2138000/8069056 ep 52/56  1990 frames/s  ETA 2981s
[2026-08-04 11:05:34] [data] [█████░░░░░░░░░░░░░░░]  26.5% frames 2140000/8069056 ep 52/56  1990 frames/s  ETA 2979s
[2026-08-04 11:05:35] [data] [█████░░░░░░░░░░░░░░░]  26.5% frames 2142000/8069056 ep 52/56  1990 frames/s  ETA 2978s
[2026-08-04 11:05:36] [data] [█████░░░░░░░░░░░░░░░]  26.6% frames 2144000/8069056 ep 52/56  1990 frames/s  ETA 2977s
[2026-08-04 11:05:37] [data] [█████░░░░░░░░░░░░░░░]  26.6% frames 2146000/8069056 ep 52/56  1990 frames/s  ETA 2976s
[2026-08-04 11:05:38] [data] [█████░░░░░░░░░░░░░░░]  26.6% frames 2148000/8069056 ep 52/56  1990 frames/s  ETA 2975s
[2026-08-04 11:05:39] [data] [█████░░░░░░░░░░░░░░░]  26.6% frames 2150000/8069056 ep 52/56  1991 frames/s  ETA 2974s
[2026-08-04 11:05:40] [data] [█████░░░░░░░░░░░░░░░]  26.7% frames 2152000/8069056 ep 52/56  1991 frames/s  ETA 2972s
[2026-08-04 11:05:41] [data] [█████░░░░░░░░░░░░░░░]  26.7% frames 2154000/8069056 ep 52/56  1991 frames/s  ETA 2971s
[2026-08-04 11:05:42] [data] [█████░░░░░░░░░░░░░░░]  26.7% frames 2156000/8069056 ep 52/56  1991 frames/s  ETA 2970s
[2026-08-04 11:05:43] [data] [█████░░░░░░░░░░░░░░░]  26.7% frames 2158000/8069056 ep 52/56  1991 frames/s  ETA 2969s
[2026-08-04 11:05:44] [data] [█████░░░░░░░░░░░░░░░]  26.8% frames 2160000/8069056 ep 52/56  1991 frames/s  ETA 2968s
[2026-08-04 11:05:44] [data] [█████░░░░░░░░░░░░░░░]  26.8% frames 2162000/8069056 ep 52/56  1991 frames/s  ETA 2967s
[2026-08-04 11:05:45] [data] [█████░░░░░░░░░░░░░░░]  26.8% frames 2164000/8069056 ep 52/56  1991 frames/s  ETA 2965s
[2026-08-04 11:05:46] [data] [█████░░░░░░░░░░░░░░░]  26.8% frames 2166000/8069056 ep 52/56  1991 frames/s  ETA 2964s
[2026-08-04 11:05:47] [data] [█████░░░░░░░░░░░░░░░]  26.9% frames 2168000/8069056 ep 52/56  1992 frames/s  ETA 2963s
[2026-08-04 11:05:48] [data] [█████░░░░░░░░░░░░░░░]  26.9% frames 2170000/8069056 ep 52/56  1992 frames/s  ETA 2962s
[2026-08-04 11:05:49] [data] [█████░░░░░░░░░░░░░░░]  26.9% frames 2172000/8069056 ep 52/56  1992 frames/s  ETA 2961s
[2026-08-04 11:05:50] [data] [█████░░░░░░░░░░░░░░░]  26.9% frames 2174000/8069056 ep 52/56  1992 frames/s  ETA 2960s
[2026-08-04 11:05:51] [data] [█████░░░░░░░░░░░░░░░]  27.0% frames 2176000/8069056 ep 52/56  1992 frames/s  ETA 2958s
[2026-08-04 11:05:52] [data] [█████░░░░░░░░░░░░░░░]  27.0% frames 2178000/8069056 ep 52/56  1992 frames/s  ETA 2957s
[2026-08-04 11:05:53] [data] [█████░░░░░░░░░░░░░░░]  27.0% frames 2180000/8069056 ep 52/56  1992 frames/s  ETA 2956s
[2026-08-04 11:05:54] [data] [█████░░░░░░░░░░░░░░░]  27.0% frames 2182000/8069056 ep 52/56  1992 frames/s  ETA 2955s
[2026-08-04 11:05:55] [data] [█████░░░░░░░░░░░░░░░]  27.1% frames 2184000/8069056 ep 52/56  1992 frames/s  ETA 2954s
[2026-08-04 11:05:56] [data] [█████░░░░░░░░░░░░░░░]  27.1% frames 2186000/8069056 ep 52/56  1993 frames/s  ETA 2953s
[2026-08-04 11:05:57] [data] [█████░░░░░░░░░░░░░░░]  27.1% frames 2188000/8069056 ep 52/56  1993 frames/s  ETA 2951s
[2026-08-04 11:05:58] [data] [█████░░░░░░░░░░░░░░░]  27.1% frames 2190000/8069056 ep 52/56  1993 frames/s  ETA 2950s
[2026-08-04 11:05:59] [data] [█████░░░░░░░░░░░░░░░]  27.2% frames 2192000/8069056 ep 52/56  1993 frames/s  ETA 2949s
[2026-08-04 11:06:00] [data] [█████░░░░░░░░░░░░░░░]  27.2% frames 2194000/8069056 ep 52/56  1993 frames/s  ETA 2948s
[2026-08-04 11:06:01] [data] [█████░░░░░░░░░░░░░░░]  27.2% frames 2196000/8069056 ep 52/56  1993 frames/s  ETA 2947s
[2026-08-04 11:06:02] [data] [█████░░░░░░░░░░░░░░░]  27.2% frames 2198000/8069056 ep 52/56  1993 frames/s  ETA 2946s
[2026-08-04 11:06:02] [data] [█████░░░░░░░░░░░░░░░]  27.3% frames 2200000/8069056 ep 52/56  1993 frames/s  ETA 2945s
[2026-08-04 11:06:03] [data] [█████░░░░░░░░░░░░░░░]  27.3% frames 2202000/8069056 ep 52/56  1993 frames/s  ETA 2943s
[2026-08-04 11:06:05] [data] [█████░░░░░░░░░░░░░░░]  27.3% frames 2204000/8069056 ep 52/56  1993 frames/s  ETA 2943s
[2026-08-04 11:06:06] [data] [█████░░░░░░░░░░░░░░░]  27.3% frames 2206000/8069056 ep 52/56  1993 frames/s  ETA 2942s
[2026-08-04 11:06:07] [data] [█████░░░░░░░░░░░░░░░]  27.4% frames 2208000/8069056 ep 52/56  1993 frames/s  ETA 2941s
[2026-08-04 11:06:08] [data] [█████░░░░░░░░░░░░░░░]  27.4% frames 2210000/8069056 ep 52/56  1993 frames/s  ETA 2940s
[2026-08-04 11:06:09] [data] [█████░░░░░░░░░░░░░░░]  27.4% frames 2212000/8069056 ep 52/56  1993 frames/s  ETA 2939s
[2026-08-04 11:06:10] [data] [█████░░░░░░░░░░░░░░░]  27.4% frames 2214000/8069056 ep 52/56  1993 frames/s  ETA 2938s
[2026-08-04 11:06:11] [data] [█████░░░░░░░░░░░░░░░]  27.5% frames 2216000/8069056 ep 52/56  1993 frames/s  ETA 2937s
[2026-08-04 11:06:12] [data] [█████░░░░░░░░░░░░░░░]  27.5% frames 2218000/8069056 ep 52/56  1993 frames/s  ETA 2936s
[2026-08-04 11:06:12] [data] [█████░░░░░░░░░░░░░░░]  27.5% frames 2220000/8069056 ep 52/56  1993 frames/s  ETA 2934s
[2026-08-04 11:06:13] [data] [█████░░░░░░░░░░░░░░░]  27.5% frames 2222000/8069056 ep 52/56  1993 frames/s  ETA 2933s
[2026-08-04 11:06:14] [data] [█████░░░░░░░░░░░░░░░]  27.6% frames 2224000/8069056 ep 52/56  1993 frames/s  ETA 2932s
[2026-08-04 11:06:15] [data] [█████░░░░░░░░░░░░░░░]  27.6% frames 2226000/8069056 ep 52/56  1993 frames/s  ETA 2931s
[2026-08-04 11:06:16] [data] [█████░░░░░░░░░░░░░░░]  27.6% frames 2228000/8069056 ep 52/56  1994 frames/s  ETA 2930s
[2026-08-04 11:06:17] [data] [█████░░░░░░░░░░░░░░░]  27.6% frames 2230000/8069056 ep 52/56  1994 frames/s  ETA 2929s
[2026-08-04 11:06:18] [data] [█████░░░░░░░░░░░░░░░]  27.7% frames 2232000/8069056 ep 52/56  1994 frames/s  ETA 2928s
[2026-08-04 11:06:19] [data] [█████░░░░░░░░░░░░░░░]  27.7% frames 2234000/8069056 ep 52/56  1994 frames/s  ETA 2927s
[2026-08-04 11:06:20] [data] [█████░░░░░░░░░░░░░░░]  27.7% frames 2236000/8069056 ep 52/56  1994 frames/s  ETA 2925s
[2026-08-04 11:06:21] [data] [█████░░░░░░░░░░░░░░░]  27.7% frames 2238000/8069056 ep 52/56  1994 frames/s  ETA 2924s
[2026-08-04 11:06:22] [data] [█████░░░░░░░░░░░░░░░]  27.8% frames 2240000/8069056 ep 52/56  1994 frames/s  ETA 2923s
[2026-08-04 11:06:23] [data] [█████░░░░░░░░░░░░░░░]  27.8% frames 2242000/8069056 ep 52/56  1994 frames/s  ETA 2922s
[2026-08-04 11:06:24] [data] [█████░░░░░░░░░░░░░░░]  27.8% frames 2244000/8069056 ep 52/56  1994 frames/s  ETA 2921s
[2026-08-04 11:06:25] [data] [█████░░░░░░░░░░░░░░░]  27.8% frames 2246000/8069056 ep 52/56  1994 frames/s  ETA 2920s
[2026-08-04 11:06:26] [data] [█████░░░░░░░░░░░░░░░]  27.9% frames 2248000/8069056 ep 52/56  1995 frames/s  ETA 2919s
[2026-08-04 11:06:27] [data] [█████░░░░░░░░░░░░░░░]  27.9% frames 2250000/8069056 ep 52/56  1995 frames/s  ETA 2917s
[2026-08-04 11:06:28] [data] [█████░░░░░░░░░░░░░░░]  27.9% frames 2252000/8069056 ep 52/56  1995 frames/s  ETA 2916s
[2026-08-04 11:06:29] [data] [█████░░░░░░░░░░░░░░░]  27.9% frames 2254000/8069056 ep 52/56  1995 frames/s  ETA 2915s
[2026-08-04 11:06:30] [data] [█████░░░░░░░░░░░░░░░]  28.0% frames 2256000/8069056 ep 52/56  1995 frames/s  ETA 2914s
[2026-08-04 11:06:31] [data] [█████░░░░░░░░░░░░░░░]  28.0% frames 2258000/8069056 ep 52/56  1995 frames/s  ETA 2913s
[2026-08-04 11:06:31] [data] [█████░░░░░░░░░░░░░░░]  28.0% frames 2260000/8069056 ep 52/56  1995 frames/s  ETA 2912s
[2026-08-04 11:06:32] [data] [█████░░░░░░░░░░░░░░░]  28.0% frames 2262000/8069056 ep 52/56  1995 frames/s  ETA 2911s
[2026-08-04 11:06:33] [data] [█████░░░░░░░░░░░░░░░]  28.1% frames 2264000/8069056 ep 52/56  1995 frames/s  ETA 2909s
[2026-08-04 11:06:34] [data] [█████░░░░░░░░░░░░░░░]  28.1% frames 2266000/8069056 ep 52/56  1995 frames/s  ETA 2908s
[2026-08-04 11:06:35] [data] [█████░░░░░░░░░░░░░░░]  28.1% frames 2268000/8069056 ep 52/56  1995 frames/s  ETA 2907s
[2026-08-04 11:06:36] [data] [█████░░░░░░░░░░░░░░░]  28.1% frames 2270000/8069056 ep 52/56  1996 frames/s  ETA 2906s
[2026-08-04 11:06:37] [data] [█████░░░░░░░░░░░░░░░]  28.2% frames 2272000/8069056 ep 52/56  1996 frames/s  ETA 2905s
[2026-08-04 11:06:38] [data] [█████░░░░░░░░░░░░░░░]  28.2% frames 2274000/8069056 ep 52/56  1996 frames/s  ETA 2904s
[2026-08-04 11:06:39] [data] [█████░░░░░░░░░░░░░░░]  28.2% frames 2276000/8069056 ep 52/56  1996 frames/s  ETA 2903s
[2026-08-04 11:06:40] [data] [█████░░░░░░░░░░░░░░░]  28.2% frames 2278000/8069056 ep 52/56  1996 frames/s  ETA 2901s
[2026-08-04 11:06:41] [data] [█████░░░░░░░░░░░░░░░]  28.3% frames 2280000/8069056 ep 52/56  1996 frames/s  ETA 2900s
[2026-08-04 11:06:42] [data] [█████░░░░░░░░░░░░░░░]  28.3% frames 2282000/8069056 ep 52/56  1996 frames/s  ETA 2899s
[2026-08-04 11:06:43] [data] [█████░░░░░░░░░░░░░░░]  28.3% frames 2284000/8069056 ep 52/56  1996 frames/s  ETA 2898s
[2026-08-04 11:06:44] [data] [█████░░░░░░░░░░░░░░░]  28.3% frames 2286000/8069056 ep 52/56  1996 frames/s  ETA 2897s
[2026-08-04 11:06:45] [data] [█████░░░░░░░░░░░░░░░]  28.4% frames 2288000/8069056 ep 52/56  1996 frames/s  ETA 2896s
[2026-08-04 11:06:46] [data] [█████░░░░░░░░░░░░░░░]  28.4% frames 2290000/8069056 ep 52/56  1996 frames/s  ETA 2895s
[2026-08-04 11:06:47] [data] [█████░░░░░░░░░░░░░░░]  28.4% frames 2292000/8069056 ep 52/56  1996 frames/s  ETA 2894s
[2026-08-04 11:06:48] [data] [█████░░░░░░░░░░░░░░░]  28.4% frames 2294000/8069056 ep 52/56  1997 frames/s  ETA 2893s
[2026-08-04 11:06:49] [data] [█████░░░░░░░░░░░░░░░]  28.5% frames 2296000/8069056 ep 52/56  1997 frames/s  ETA 2891s
[2026-08-04 11:06:50] [data] [█████░░░░░░░░░░░░░░░]  28.5% frames 2298000/8069056 ep 52/56  1997 frames/s  ETA 2890s
[2026-08-04 11:06:51] [data] [█████░░░░░░░░░░░░░░░]  28.5% frames 2300000/8069056 ep 52/56  1997 frames/s  ETA 2889s
[2026-08-04 11:06:52] [data] [█████░░░░░░░░░░░░░░░]  28.5% frames 2302000/8069056 ep 52/56  1997 frames/s  ETA 2888s
[2026-08-04 11:06:52] [data] [█████░░░░░░░░░░░░░░░]  28.6% frames 2304000/8069056 ep 52/56  1997 frames/s  ETA 2887s
[2026-08-04 11:06:53] [data] [█████░░░░░░░░░░░░░░░]  28.6% frames 2306000/8069056 ep 52/56  1997 frames/s  ETA 2886s
[2026-08-04 11:06:54] [data] [█████░░░░░░░░░░░░░░░]  28.6% frames 2308000/8069056 ep 52/56  1997 frames/s  ETA 2885s
[2026-08-04 11:06:55] [data] [█████░░░░░░░░░░░░░░░]  28.6% frames 2310000/8069056 ep 52/56  1997 frames/s  ETA 2884s
[2026-08-04 11:06:56] [data] [█████░░░░░░░░░░░░░░░]  28.7% frames 2312000/8069056 ep 52/56  1997 frames/s  ETA 2882s
[2026-08-04 11:06:57] [data] [█████░░░░░░░░░░░░░░░]  28.7% frames 2314000/8069056 ep 52/56  1997 frames/s  ETA 2881s
[2026-08-04 11:06:58] [data] [█████░░░░░░░░░░░░░░░]  28.7% frames 2316000/8069056 ep 52/56  1997 frames/s  ETA 2880s
[2026-08-04 11:06:59] [data] [█████░░░░░░░░░░░░░░░]  28.7% frames 2318000/8069056 ep 52/56  1998 frames/s  ETA 2879s
[2026-08-04 11:07:00] [data] [█████░░░░░░░░░░░░░░░]  28.8% frames 2320000/8069056 ep 52/56  1998 frames/s  ETA 2878s
[2026-08-04 11:07:01] [data] [█████░░░░░░░░░░░░░░░]  28.8% frames 2322000/8069056 ep 52/56  1998 frames/s  ETA 2877s
[2026-08-04 11:07:02] [data] [█████░░░░░░░░░░░░░░░]  28.8% frames 2324000/8069056 ep 52/56  1998 frames/s  ETA 2876s
[2026-08-04 11:07:03] [data] [█████░░░░░░░░░░░░░░░]  28.8% frames 2326000/8069056 ep 52/56  1998 frames/s  ETA 2874s
[2026-08-04 11:07:04] [data] [█████░░░░░░░░░░░░░░░]  28.9% frames 2328000/8069056 ep 52/56  1998 frames/s  ETA 2873s
[2026-08-04 11:07:05] [data] [█████░░░░░░░░░░░░░░░]  28.9% frames 2330000/8069056 ep 52/56  1998 frames/s  ETA 2872s
[2026-08-04 11:07:06] [data] [█████░░░░░░░░░░░░░░░]  28.9% frames 2332000/8069056 ep 52/56  1998 frames/s  ETA 2871s
[2026-08-04 11:07:07] [data] [█████░░░░░░░░░░░░░░░]  28.9% frames 2334000/8069056 ep 52/56  1998 frames/s  ETA 2870s
[2026-08-04 11:07:08] [data] [█████░░░░░░░░░░░░░░░]  29.0% frames 2336000/8069056 ep 52/56  1998 frames/s  ETA 2869s
[2026-08-04 11:07:09] [data] [█████░░░░░░░░░░░░░░░]  29.0% frames 2338000/8069056 ep 52/56  1999 frames/s  ETA 2868s
[2026-08-04 11:07:10] [data] [█████░░░░░░░░░░░░░░░]  29.0% frames 2340000/8069056 ep 52/56  1999 frames/s  ETA 2866s
[2026-08-04 11:07:10] [data] [█████░░░░░░░░░░░░░░░]  29.0% frames 2342000/8069056 ep 52/56  1999 frames/s  ETA 2865s
[2026-08-04 11:07:11] [data] [█████░░░░░░░░░░░░░░░]  29.0% frames 2344000/8069056 ep 52/56  1999 frames/s  ETA 2864s
[2026-08-04 11:07:12] [data] [█████░░░░░░░░░░░░░░░]  29.1% frames 2346000/8069056 ep 52/56  1999 frames/s  ETA 2863s
[2026-08-04 11:07:13] [data] [█████░░░░░░░░░░░░░░░]  29.1% frames 2348000/8069056 ep 52/56  1999 frames/s  ETA 2862s
[2026-08-04 11:07:14] [data] [█████░░░░░░░░░░░░░░░]  29.1% frames 2350000/8069056 ep 52/56  1999 frames/s  ETA 2861s
[2026-08-04 11:07:15] [data] [█████░░░░░░░░░░░░░░░]  29.1% frames 2352000/8069056 ep 52/56  1999 frames/s  ETA 2860s
[2026-08-04 11:07:16] [data] [█████░░░░░░░░░░░░░░░]  29.2% frames 2354000/8069056 ep 52/56  1999 frames/s  ETA 2859s
[2026-08-04 11:07:17] [data] [█████░░░░░░░░░░░░░░░]  29.2% frames 2356000/8069056 ep 52/56  1999 frames/s  ETA 2857s
[2026-08-04 11:07:18] [data] [█████░░░░░░░░░░░░░░░]  29.2% frames 2358000/8069056 ep 52/56  1999 frames/s  ETA 2856s
[2026-08-04 11:07:19] [data] [█████░░░░░░░░░░░░░░░]  29.2% frames 2360000/8069056 ep 52/56  2000 frames/s  ETA 2855s
[2026-08-04 11:07:20] [data] [█████░░░░░░░░░░░░░░░]  29.3% frames 2362000/8069056 ep 52/56  2000 frames/s  ETA 2854s
[2026-08-04 11:07:21] [data] [█████░░░░░░░░░░░░░░░]  29.3% frames 2364000/8069056 ep 52/56  2000 frames/s  ETA 2853s
[2026-08-04 11:07:22] [data] [█████░░░░░░░░░░░░░░░]  29.3% frames 2366000/8069056 ep 52/56  2000 frames/s  ETA 2852s
[2026-08-04 11:07:23] [data] [█████░░░░░░░░░░░░░░░]  29.3% frames 2368000/8069056 ep 52/56  2000 frames/s  ETA 2851s
[2026-08-04 11:07:24] [data] [█████░░░░░░░░░░░░░░░]  29.4% frames 2370000/8069056 ep 52/56  2000 frames/s  ETA 2850s
[2026-08-04 11:07:25] [data] [█████░░░░░░░░░░░░░░░]  29.4% frames 2372000/8069056 ep 52/56  2000 frames/s  ETA 2848s
[2026-08-04 11:07:26] [data] [█████░░░░░░░░░░░░░░░]  29.4% frames 2374000/8069056 ep 52/56  2000 frames/s  ETA 2847s
[2026-08-04 11:07:27] [data] [█████░░░░░░░░░░░░░░░]  29.4% frames 2376000/8069056 ep 52/56  2000 frames/s  ETA 2846s
[2026-08-04 11:07:28] [data] [█████░░░░░░░░░░░░░░░]  29.5% frames 2378000/8069056 ep 52/56  2000 frames/s  ETA 2845s
[2026-08-04 11:07:28] [data] [█████░░░░░░░░░░░░░░░]  29.5% frames 2380000/8069056 ep 52/56  2000 frames/s  ETA 2844s
[2026-08-04 11:07:29] [data] [█████░░░░░░░░░░░░░░░]  29.5% frames 2382000/8069056 ep 52/56  2001 frames/s  ETA 2843s
[2026-08-04 11:07:30] [data] [█████░░░░░░░░░░░░░░░]  29.5% frames 2384000/8069056 ep 52/56  2001 frames/s  ETA 2842s
[2026-08-04 11:07:31] [data] [█████░░░░░░░░░░░░░░░]  29.6% frames 2386000/8069056 ep 52/56  2001 frames/s  ETA 2841s
[2026-08-04 11:07:32] [data] [█████░░░░░░░░░░░░░░░]  29.6% frames 2388000/8069056 ep 52/56  2001 frames/s  ETA 2839s
[2026-08-04 11:07:33] [data] [█████░░░░░░░░░░░░░░░]  29.6% frames 2390000/8069056 ep 52/56  2001 frames/s  ETA 2838s
[2026-08-04 11:07:34] [data] [█████░░░░░░░░░░░░░░░]  29.6% frames 2392000/8069056 ep 52/56  2001 frames/s  ETA 2837s
[2026-08-04 11:07:35] [data] [█████░░░░░░░░░░░░░░░]  29.7% frames 2394000/8069056 ep 52/56  2001 frames/s  ETA 2836s
[2026-08-04 11:07:36] [data] [█████░░░░░░░░░░░░░░░]  29.7% frames 2396000/8069056 ep 52/56  2001 frames/s  ETA 2835s
[2026-08-04 11:07:37] [data] [█████░░░░░░░░░░░░░░░]  29.7% frames 2398000/8069056 ep 52/56  2001 frames/s  ETA 2834s
[2026-08-04 11:07:38] [data] [█████░░░░░░░░░░░░░░░]  29.7% frames 2400000/8069056 ep 52/56  2001 frames/s  ETA 2833s
[2026-08-04 11:07:39] [data] [█████░░░░░░░░░░░░░░░]  29.8% frames 2402000/8069056 ep 52/56  2001 frames/s  ETA 2831s
[2026-08-04 11:07:40] [data] [█████░░░░░░░░░░░░░░░]  29.8% frames 2404000/8069056 ep 52/56  2002 frames/s  ETA 2830s
[2026-08-04 11:07:41] [data] [█████░░░░░░░░░░░░░░░]  29.8% frames 2406000/8069056 ep 52/56  2002 frames/s  ETA 2829s
[2026-08-04 11:07:42] [data] [█████░░░░░░░░░░░░░░░]  29.8% frames 2408000/8069056 ep 52/56  2002 frames/s  ETA 2828s
[2026-08-04 11:07:43] [data] [█████░░░░░░░░░░░░░░░]  29.9% frames 2410000/8069056 ep 52/56  2002 frames/s  ETA 2827s
[2026-08-04 11:07:44] [data] [█████░░░░░░░░░░░░░░░]  29.9% frames 2412000/8069056 ep 52/56  2002 frames/s  ETA 2826s
[2026-08-04 11:07:45] [data] [█████░░░░░░░░░░░░░░░]  29.9% frames 2414000/8069056 ep 52/56  2002 frames/s  ETA 2825s
[2026-08-04 11:07:46] [data] [█████░░░░░░░░░░░░░░░]  29.9% frames 2416000/8069056 ep 52/56  2002 frames/s  ETA 2824s
[2026-08-04 11:07:47] [data] [█████░░░░░░░░░░░░░░░]  30.0% frames 2418000/8069056 ep 52/56  2002 frames/s  ETA 2823s
[2026-08-04 11:07:48] [data] [█████░░░░░░░░░░░░░░░]  30.0% frames 2420000/8069056 ep 52/56  2002 frames/s  ETA 2822s
[2026-08-04 11:07:49] [data] [██████░░░░░░░░░░░░░░]  30.0% frames 2422000/8069056 ep 52/56  2002 frames/s  ETA 2821s
[2026-08-04 11:07:50] [data] [██████░░░░░░░░░░░░░░]  30.0% frames 2424000/8069056 ep 52/56  2002 frames/s  ETA 2820s
[2026-08-04 11:07:51] [data] [██████░░░░░░░░░░░░░░]  30.1% frames 2426000/8069056 ep 52/56  2002 frames/s  ETA 2819s
[2026-08-04 11:07:52] [data] [██████░░░░░░░░░░░░░░]  30.1% frames 2428000/8069056 ep 52/56  2002 frames/s  ETA 2818s
[2026-08-04 11:07:53] [data] [██████░░░░░░░░░░░░░░]  30.1% frames 2430000/8069056 ep 52/56  2002 frames/s  ETA 2817s
[2026-08-04 11:07:53] [data] [██████░░░░░░░░░░░░░░]  30.1% frames 2432000/8069056 ep 52/56  2002 frames/s  ETA 2816s
[2026-08-04 11:07:54] [data] [██████░░░░░░░░░░░░░░]  30.2% frames 2434000/8069056 ep 52/56  2002 frames/s  ETA 2815s
[2026-08-04 11:07:55] [data] [██████░░░░░░░░░░░░░░]  30.2% frames 2436000/8069056 ep 52/56  2002 frames/s  ETA 2813s
[2026-08-04 11:07:56] [data] [██████░░░░░░░░░░░░░░]  30.2% frames 2438000/8069056 ep 52/56  2002 frames/s  ETA 2812s
[2026-08-04 11:07:57] [data] [██████░░░░░░░░░░░░░░]  30.2% frames 2440000/8069056 ep 52/56  2002 frames/s  ETA 2811s
[2026-08-04 11:07:58] [data] [██████░░░░░░░░░░░░░░]  30.3% frames 2442000/8069056 ep 52/56  2002 frames/s  ETA 2810s
[2026-08-04 11:07:59] [data] [██████░░░░░░░░░░░░░░]  30.3% frames 2444000/8069056 ep 52/56  2003 frames/s  ETA 2809s
[2026-08-04 11:08:00] [data] [██████░░░░░░░░░░░░░░]  30.3% frames 2446000/8069056 ep 52/56  2003 frames/s  ETA 2808s
[2026-08-04 11:08:01] [data] [██████░░░░░░░░░░░░░░]  30.3% frames 2448000/8069056 ep 52/56  2003 frames/s  ETA 2807s
[2026-08-04 11:08:02] [data] [██████░░░░░░░░░░░░░░]  30.4% frames 2450000/8069056 ep 52/56  2003 frames/s  ETA 2805s
[2026-08-04 11:08:03] [data] [██████░░░░░░░░░░░░░░]  30.4% frames 2452000/8069056 ep 52/56  2003 frames/s  ETA 2804s
[2026-08-04 11:08:04] [data] [██████░░░░░░░░░░░░░░]  30.4% frames 2454000/8069056 ep 52/56  2003 frames/s  ETA 2803s
[2026-08-04 11:08:05] [data] [██████░░░░░░░░░░░░░░]  30.4% frames 2456000/8069056 ep 52/56  2003 frames/s  ETA 2802s
[2026-08-04 11:08:06] [data] [██████░░░░░░░░░░░░░░]  30.5% frames 2458000/8069056 ep 52/56  2003 frames/s  ETA 2801s
[2026-08-04 11:08:07] [data] [██████░░░░░░░░░░░░░░]  30.5% frames 2460000/8069056 ep 52/56  2003 frames/s  ETA 2800s
[2026-08-04 11:08:08] [data] [██████░░░░░░░░░░░░░░]  30.5% frames 2462000/8069056 ep 52/56  2003 frames/s  ETA 2799s
[2026-08-04 11:08:09] [data] [██████░░░░░░░░░░░░░░]  30.5% frames 2464000/8069056 ep 52/56  2004 frames/s  ETA 2798s
[2026-08-04 11:08:09] [data] [██████░░░░░░░░░░░░░░]  30.6% frames 2466000/8069056 ep 52/56  2004 frames/s  ETA 2796s
[2026-08-04 11:08:10] [data] [██████░░░░░░░░░░░░░░]  30.6% frames 2468000/8069056 ep 52/56  2004 frames/s  ETA 2795s
[2026-08-04 11:08:11] [data] [██████░░░░░░░░░░░░░░]  30.6% frames 2470000/8069056 ep 52/56  2004 frames/s  ETA 2794s
[2026-08-04 11:08:12] [data] [██████░░░░░░░░░░░░░░]  30.6% frames 2472000/8069056 ep 52/56  2004 frames/s  ETA 2793s
[2026-08-04 11:08:13] [data] [██████░░░░░░░░░░░░░░]  30.7% frames 2474000/8069056 ep 52/56  2004 frames/s  ETA 2792s
[2026-08-04 11:08:14] [data] [██████░░░░░░░░░░░░░░]  30.7% frames 2476000/8069056 ep 52/56  2004 frames/s  ETA 2791s
[2026-08-04 11:08:15] [data] [██████░░░░░░░░░░░░░░]  30.7% frames 2478000/8069056 ep 52/56  2004 frames/s  ETA 2790s
[2026-08-04 11:08:16] [data] [██████░░░░░░░░░░░░░░]  30.7% frames 2480000/8069056 ep 52/56  2004 frames/s  ETA 2789s
[2026-08-04 11:08:17] [data] [██████░░░░░░░░░░░░░░]  30.8% frames 2482000/8069056 ep 52/56  2004 frames/s  ETA 2788s
[2026-08-04 11:08:18] [data] [██████░░░░░░░░░░░░░░]  30.8% frames 2484000/8069056 ep 52/56  2004 frames/s  ETA 2787s
[2026-08-04 11:08:19] [data] [██████░░░░░░░░░░░░░░]  30.8% frames 2486000/8069056 ep 52/56  2004 frames/s  ETA 2786s
[2026-08-04 11:08:20] [data] [██████░░░░░░░░░░░░░░]  30.8% frames 2488000/8069056 ep 52/56  2004 frames/s  ETA 2784s
[2026-08-04 11:08:21] [data] [██████░░░░░░░░░░░░░░]  30.9% frames 2490000/8069056 ep 52/56  2004 frames/s  ETA 2783s
[2026-08-04 11:08:22] [data] [██████░░░░░░░░░░░░░░]  30.9% frames 2492000/8069056 ep 52/56  2005 frames/s  ETA 2782s
[2026-08-04 11:08:23] [data] [██████░░░░░░░░░░░░░░]  30.9% frames 2494000/8069056 ep 52/56  2005 frames/s  ETA 2781s
[2026-08-04 11:08:24] [data] [██████░░░░░░░░░░░░░░]  30.9% frames 2496000/8069056 ep 52/56  2005 frames/s  ETA 2780s
[2026-08-04 11:08:25] [data] [██████░░░░░░░░░░░░░░]  31.0% frames 2498000/8069056 ep 52/56  2005 frames/s  ETA 2779s
[2026-08-04 11:08:26] [data] [██████░░░░░░░░░░░░░░]  31.0% frames 2500000/8069056 ep 52/56  2005 frames/s  ETA 2778s
[2026-08-04 11:08:27] [data] [██████░░░░░░░░░░░░░░]  31.0% frames 2502000/8069056 ep 52/56  2005 frames/s  ETA 2777s
[2026-08-04 11:08:28] [data] [██████░░░░░░░░░░░░░░]  31.0% frames 2504000/8069056 ep 52/56  2005 frames/s  ETA 2776s
[2026-08-04 11:08:29] [data] [██████░░░░░░░░░░░░░░]  31.1% frames 2506000/8069056 ep 52/56  2005 frames/s  ETA 2775s
[2026-08-04 11:08:30] [data] [██████░░░░░░░░░░░░░░]  31.1% frames 2508000/8069056 ep 52/56  2005 frames/s  ETA 2774s
[2026-08-04 11:08:31] [data] [██████░░░░░░░░░░░░░░]  31.1% frames 2510000/8069056 ep 52/56  2005 frames/s  ETA 2772s
[2026-08-04 11:08:32] [data] [██████░░░░░░░░░░░░░░]  31.1% frames 2512000/8069056 ep 52/56  2005 frames/s  ETA 2771s
[2026-08-04 11:08:32] [data] [██████░░░░░░░░░░░░░░]  31.2% frames 2514000/8069056 ep 52/56  2005 frames/s  ETA 2770s
[2026-08-04 11:08:33] [data] [██████░░░░░░░░░░░░░░]  31.2% frames 2516000/8069056 ep 52/56  2005 frames/s  ETA 2769s
[2026-08-04 11:08:34] [data] [██████░░░░░░░░░░░░░░]  31.2% frames 2518000/8069056 ep 52/56  2005 frames/s  ETA 2768s
[2026-08-04 11:08:35] [data] [██████░░░░░░░░░░░░░░]  31.2% frames 2520000/8069056 ep 52/56  2005 frames/s  ETA 2767s
[2026-08-04 11:08:36] [data] [██████░░░░░░░░░░░░░░]  31.3% frames 2522000/8069056 ep 52/56  2005 frames/s  ETA 2766s
[2026-08-04 11:08:37] [data] [██████░░░░░░░░░░░░░░]  31.3% frames 2524000/8069056 ep 52/56  2006 frames/s  ETA 2765s
[2026-08-04 11:08:38] [data] [██████░░░░░░░░░░░░░░]  31.3% frames 2526000/8069056 ep 52/56  2006 frames/s  ETA 2764s
[2026-08-04 11:08:39] [data] [██████░░░░░░░░░░░░░░]  31.3% frames 2528000/8069056 ep 52/56  2006 frames/s  ETA 2763s
[2026-08-04 11:08:40] [data] [██████░░░░░░░░░░░░░░]  31.4% frames 2530000/8069056 ep 52/56  2006 frames/s  ETA 2762s
[2026-08-04 11:08:41] [data] [██████░░░░░░░░░░░░░░]  31.4% frames 2532000/8069056 ep 52/56  2006 frames/s  ETA 2761s
[2026-08-04 11:08:42] [data] [██████░░░░░░░░░░░░░░]  31.4% frames 2534000/8069056 ep 52/56  2006 frames/s  ETA 2759s
[2026-08-04 11:08:43] [data] [██████░░░░░░░░░░░░░░]  31.4% frames 2536000/8069056 ep 52/56  2006 frames/s  ETA 2758s
[2026-08-04 11:08:44] [data] [██████░░░░░░░░░░░░░░]  31.5% frames 2538000/8069056 ep 52/56  2006 frames/s  ETA 2757s
[2026-08-04 11:08:45] [data] [██████░░░░░░░░░░░░░░]  31.5% frames 2540000/8069056 ep 52/56  2006 frames/s  ETA 2756s
[2026-08-04 11:08:46] [data] [██████░░░░░░░░░░░░░░]  31.5% frames 2542000/8069056 ep 52/56  2006 frames/s  ETA 2755s
[2026-08-04 11:08:47] [data] [██████░░░░░░░░░░░░░░]  31.5% frames 2544000/8069056 ep 52/56  2006 frames/s  ETA 2754s
[2026-08-04 11:08:48] [data] [██████░░░░░░░░░░░░░░]  31.6% frames 2546000/8069056 ep 52/56  2006 frames/s  ETA 2753s
[2026-08-04 11:08:49] [data] [██████░░░░░░░░░░░░░░]  31.6% frames 2548000/8069056 ep 52/56  2006 frames/s  ETA 2752s
[2026-08-04 11:08:50] [data] [██████░░░░░░░░░░░░░░]  31.6% frames 2550000/8069056 ep 52/56  2007 frames/s  ETA 2751s
[2026-08-04 11:08:50] [data] [██████░░░░░░░░░░░░░░]  31.6% frames 2552000/8069056 ep 52/56  2007 frames/s  ETA 2749s
[2026-08-04 11:08:51] [data] [██████░░░░░░░░░░░░░░]  31.7% frames 2554000/8069056 ep 52/56  2007 frames/s  ETA 2748s
[2026-08-04 11:08:52] [data] [██████░░░░░░░░░░░░░░]  31.7% frames 2556000/8069056 ep 52/56  2007 frames/s  ETA 2747s
[2026-08-04 11:08:53] [data] [██████░░░░░░░░░░░░░░]  31.7% frames 2558000/8069056 ep 52/56  2007 frames/s  ETA 2746s
[2026-08-04 11:08:55] [data] [██████░░░░░░░░░░░░░░]  31.7% frames 2560000/8069056 ep 52/56  2007 frames/s  ETA 2745s
[2026-08-04 11:08:55] [data] [██████░░░░░░░░░░░░░░]  31.8% frames 2562000/8069056 ep 52/56  2007 frames/s  ETA 2744s
[2026-08-04 11:08:56] [data] [██████░░░░░░░░░░░░░░]  31.8% frames 2564000/8069056 ep 52/56  2007 frames/s  ETA 2743s
[2026-08-04 11:08:57] [data] [██████░░░░░░░░░░░░░░]  31.8% frames 2566000/8069056 ep 52/56  2007 frames/s  ETA 2742s
[2026-08-04 11:08:58] [data] [██████░░░░░░░░░░░░░░]  31.8% frames 2568000/8069056 ep 52/56  2007 frames/s  ETA 2741s
[2026-08-04 11:08:59] [data] [██████░░░░░░░░░░░░░░]  31.9% frames 2570000/8069056 ep 52/56  2007 frames/s  ETA 2740s
[2026-08-04 11:09:01] [data] [██████░░░░░░░░░░░░░░]  31.9% frames 2572000/8069056 ep 52/56  2007 frames/s  ETA 2740s
[2026-08-04 11:09:02] [data] [██████░░░░░░░░░░░░░░]  31.9% frames 2574000/8069056 ep 52/56  2007 frames/s  ETA 2739s
[2026-08-04 11:09:03] [data] [██████░░░░░░░░░░░░░░]  31.9% frames 2576000/8069056 ep 52/56  2006 frames/s  ETA 2738s
[2026-08-04 11:09:03] [data] [██████░░░░░░░░░░░░░░]  31.9% frames 2578000/8069056 ep 52/56  2007 frames/s  ETA 2737s
[2026-08-04 11:09:04] [data] [██████░░░░░░░░░░░░░░]  32.0% frames 2580000/8069056 ep 52/56  2007 frames/s  ETA 2735s
[2026-08-04 11:09:05] [data] [██████░░░░░░░░░░░░░░]  32.0% frames 2582000/8069056 ep 52/56  2007 frames/s  ETA 2734s
[2026-08-04 11:09:06] [data] [██████░░░░░░░░░░░░░░]  32.0% frames 2584000/8069056 ep 52/56  2007 frames/s  ETA 2733s
[2026-08-04 11:09:07] [data] [██████░░░░░░░░░░░░░░]  32.0% frames 2586000/8069056 ep 52/56  2007 frames/s  ETA 2732s
[2026-08-04 11:09:08] [data] [██████░░░░░░░░░░░░░░]  32.1% frames 2588000/8069056 ep 52/56  2007 frames/s  ETA 2731s
[2026-08-04 11:09:09] [data] [██████░░░░░░░░░░░░░░]  32.1% frames 2590000/8069056 ep 52/56  2007 frames/s  ETA 2730s
[2026-08-04 11:09:10] [data] [██████░░░░░░░░░░░░░░]  32.1% frames 2592000/8069056 ep 52/56  2007 frames/s  ETA 2729s
[2026-08-04 11:09:11] [data] [██████░░░░░░░░░░░░░░]  32.1% frames 2594000/8069056 ep 52/56  2007 frames/s  ETA 2728s
[2026-08-04 11:09:12] [data] [██████░░░░░░░░░░░░░░]  32.2% frames 2596000/8069056 ep 52/56  2007 frames/s  ETA 2727s
[2026-08-04 11:09:13] [data] [██████░░░░░░░░░░░░░░]  32.2% frames 2598000/8069056 ep 52/56  2007 frames/s  ETA 2725s
[2026-08-04 11:09:14] [data] [██████░░░░░░░░░░░░░░]  32.2% frames 2600000/8069056 ep 52/56  2008 frames/s  ETA 2724s
[2026-08-04 11:09:15] [data] [██████░░░░░░░░░░░░░░]  32.2% frames 2602000/8069056 ep 52/56  2008 frames/s  ETA 2723s
[2026-08-04 11:09:16] [data] [██████░░░░░░░░░░░░░░]  32.3% frames 2604000/8069056 ep 52/56  2008 frames/s  ETA 2722s
[2026-08-04 11:09:17] [data] [██████░░░░░░░░░░░░░░]  32.3% frames 2606000/8069056 ep 52/56  2008 frames/s  ETA 2721s
[2026-08-04 11:09:18] [data] [██████░░░░░░░░░░░░░░]  32.3% frames 2608000/8069056 ep 52/56  2008 frames/s  ETA 2720s
[2026-08-04 11:09:19] [data] [██████░░░░░░░░░░░░░░]  32.3% frames 2610000/8069056 ep 52/56  2008 frames/s  ETA 2719s
[2026-08-04 11:09:19] [data] [██████░░░░░░░░░░░░░░]  32.4% frames 2612000/8069056 ep 52/56  2008 frames/s  ETA 2718s
[2026-08-04 11:09:20] [data] [██████░░░░░░░░░░░░░░]  32.4% frames 2614000/8069056 ep 52/56  2008 frames/s  ETA 2716s
[2026-08-04 11:09:21] [data] [██████░░░░░░░░░░░░░░]  32.4% frames 2616000/8069056 ep 52/56  2008 frames/s  ETA 2715s
[2026-08-04 11:09:22] [data] [██████░░░░░░░░░░░░░░]  32.4% frames 2618000/8069056 ep 52/56  2008 frames/s  ETA 2714s
[2026-08-04 11:09:23] [data] [██████░░░░░░░░░░░░░░]  32.5% frames 2620000/8069056 ep 52/56  2008 frames/s  ETA 2713s
[2026-08-04 11:09:24] [data] [██████░░░░░░░░░░░░░░]  32.5% frames 2622000/8069056 ep 52/56  2008 frames/s  ETA 2712s
[2026-08-04 11:09:25] [data] [██████░░░░░░░░░░░░░░]  32.5% frames 2624000/8069056 ep 52/56  2009 frames/s  ETA 2711s
[2026-08-04 11:09:26] [data] [██████░░░░░░░░░░░░░░]  32.5% frames 2626000/8069056 ep 52/56  2009 frames/s  ETA 2710s
[2026-08-04 11:09:27] [data] [██████░░░░░░░░░░░░░░]  32.6% frames 2628000/8069056 ep 52/56  2009 frames/s  ETA 2709s
[2026-08-04 11:09:28] [data] [██████░░░░░░░░░░░░░░]  32.6% frames 2630000/8069056 ep 52/56  2009 frames/s  ETA 2708s
[2026-08-04 11:09:29] [data] [██████░░░░░░░░░░░░░░]  32.6% frames 2632000/8069056 ep 52/56  2009 frames/s  ETA 2707s
[2026-08-04 11:09:30] [data] [██████░░░░░░░░░░░░░░]  32.6% frames 2634000/8069056 ep 52/56  2009 frames/s  ETA 2705s
[2026-08-04 11:09:31] [data] [██████░░░░░░░░░░░░░░]  32.7% frames 2636000/8069056 ep 52/56  2009 frames/s  ETA 2704s
[2026-08-04 11:09:32] [data] [██████░░░░░░░░░░░░░░]  32.7% frames 2638000/8069056 ep 52/56  2009 frames/s  ETA 2703s
[2026-08-04 11:09:33] [data] [██████░░░░░░░░░░░░░░]  32.7% frames 2640000/8069056 ep 52/56  2009 frames/s  ETA 2702s
[2026-08-04 11:09:34] [data] [██████░░░░░░░░░░░░░░]  32.7% frames 2642000/8069056 ep 52/56  2009 frames/s  ETA 2701s
[2026-08-04 11:09:35] [data] [██████░░░░░░░░░░░░░░]  32.8% frames 2644000/8069056 ep 52/56  2009 frames/s  ETA 2700s
[2026-08-04 11:09:36] [data] [██████░░░░░░░░░░░░░░]  32.8% frames 2646000/8069056 ep 52/56  2009 frames/s  ETA 2699s
[2026-08-04 11:09:36] [data] [██████░░░░░░░░░░░░░░]  32.8% frames 2648000/8069056 ep 52/56  2009 frames/s  ETA 2698s
[2026-08-04 11:09:37] [data] [██████░░░░░░░░░░░░░░]  32.8% frames 2650000/8069056 ep 52/56  2010 frames/s  ETA 2697s
[2026-08-04 11:09:38] [data] [██████░░░░░░░░░░░░░░]  32.9% frames 2652000/8069056 ep 52/56  2010 frames/s  ETA 2696s
[2026-08-04 11:09:39] [data] [██████░░░░░░░░░░░░░░]  32.9% frames 2654000/8069056 ep 52/56  2010 frames/s  ETA 2694s
[2026-08-04 11:09:40] [data] [██████░░░░░░░░░░░░░░]  32.9% frames 2656000/8069056 ep 52/56  2010 frames/s  ETA 2693s
[2026-08-04 11:09:41] [data] [██████░░░░░░░░░░░░░░]  32.9% frames 2658000/8069056 ep 52/56  2010 frames/s  ETA 2692s
[2026-08-04 11:09:42] [data] [██████░░░░░░░░░░░░░░]  33.0% frames 2660000/8069056 ep 52/56  2010 frames/s  ETA 2691s
[2026-08-04 11:09:43] [data] [██████░░░░░░░░░░░░░░]  33.0% frames 2662000/8069056 ep 52/56  2010 frames/s  ETA 2690s
[2026-08-04 11:09:44] [data] [██████░░░░░░░░░░░░░░]  33.0% frames 2664000/8069056 ep 52/56  2010 frames/s  ETA 2689s
[2026-08-04 11:09:45] [data] [██████░░░░░░░░░░░░░░]  33.0% frames 2666000/8069056 ep 52/56  2010 frames/s  ETA 2688s
[2026-08-04 11:09:46] [data] [██████░░░░░░░░░░░░░░]  33.1% frames 2668000/8069056 ep 52/56  2010 frames/s  ETA 2687s
[2026-08-04 11:09:47] [data] [██████░░░░░░░░░░░░░░]  33.1% frames 2670000/8069056 ep 52/56  2010 frames/s  ETA 2686s
[2026-08-04 11:09:48] [data] [██████░░░░░░░░░░░░░░]  33.1% frames 2672000/8069056 ep 52/56  2010 frames/s  ETA 2685s
[2026-08-04 11:09:49] [data] [██████░░░░░░░░░░░░░░]  33.1% frames 2674000/8069056 ep 52/56  2010 frames/s  ETA 2684s
[2026-08-04 11:09:50] [data] [██████░░░░░░░░░░░░░░]  33.2% frames 2676000/8069056 ep 52/56  2010 frames/s  ETA 2683s
[2026-08-04 11:09:51] [data] [██████░░░░░░░░░░░░░░]  33.2% frames 2678000/8069056 ep 52/56  2010 frames/s  ETA 2681s
[2026-08-04 11:09:52] [data] [██████░░░░░░░░░░░░░░]  33.2% frames 2680000/8069056 ep 52/56  2011 frames/s  ETA 2680s
[2026-08-04 11:09:53] [data] [██████░░░░░░░░░░░░░░]  33.2% frames 2682000/8069056 ep 52/56  2011 frames/s  ETA 2679s
[2026-08-04 11:09:54] [data] [██████░░░░░░░░░░░░░░]  33.3% frames 2684000/8069056 ep 52/56  2011 frames/s  ETA 2678s
[2026-08-04 11:09:54] [data] [██████░░░░░░░░░░░░░░]  33.3% frames 2686000/8069056 ep 52/56  2011 frames/s  ETA 2677s
[2026-08-04 11:09:55] [data] [██████░░░░░░░░░░░░░░]  33.3% frames 2688000/8069056 ep 52/56  2011 frames/s  ETA 2676s
[2026-08-04 11:09:56] [data] [██████░░░░░░░░░░░░░░]  33.3% frames 2690000/8069056 ep 52/56  2011 frames/s  ETA 2675s
[2026-08-04 11:09:57] [data] [██████░░░░░░░░░░░░░░]  33.4% frames 2692000/8069056 ep 52/56  2011 frames/s  ETA 2674s
[2026-08-04 11:09:58] [data] [██████░░░░░░░░░░░░░░]  33.4% frames 2694000/8069056 ep 52/56  2011 frames/s  ETA 2673s
[2026-08-04 11:09:59] [data] [██████░░░░░░░░░░░░░░]  33.4% frames 2696000/8069056 ep 52/56  2011 frames/s  ETA 2672s
[2026-08-04 11:10:00] [data] [██████░░░░░░░░░░░░░░]  33.4% frames 2698000/8069056 ep 52/56  2011 frames/s  ETA 2671s
[2026-08-04 11:10:01] [data] [██████░░░░░░░░░░░░░░]  33.5% frames 2700000/8069056 ep 52/56  2011 frames/s  ETA 2670s
[2026-08-04 11:10:02] [data] [██████░░░░░░░░░░░░░░]  33.5% frames 2702000/8069056 ep 52/56  2011 frames/s  ETA 2669s
[2026-08-04 11:10:03] [data] [██████░░░░░░░░░░░░░░]  33.5% frames 2704000/8069056 ep 52/56  2011 frames/s  ETA 2668s
[2026-08-04 11:10:04] [data] [██████░░░░░░░░░░░░░░]  33.5% frames 2706000/8069056 ep 52/56  2011 frames/s  ETA 2666s
[2026-08-04 11:10:05] [data] [██████░░░░░░░░░░░░░░]  33.6% frames 2708000/8069056 ep 52/56  2011 frames/s  ETA 2665s
[2026-08-04 11:10:06] [data] [██████░░░░░░░░░░░░░░]  33.6% frames 2710000/8069056 ep 52/56  2011 frames/s  ETA 2664s
[2026-08-04 11:10:07] [data] [██████░░░░░░░░░░░░░░]  33.6% frames 2712000/8069056 ep 52/56  2011 frames/s  ETA 2663s
[2026-08-04 11:10:08] [data] [██████░░░░░░░░░░░░░░]  33.6% frames 2714000/8069056 ep 52/56  2012 frames/s  ETA 2662s
[2026-08-04 11:10:09] [data] [██████░░░░░░░░░░░░░░]  33.7% frames 2716000/8069056 ep 52/56  2012 frames/s  ETA 2661s
[2026-08-04 11:10:10] [data] [██████░░░░░░░░░░░░░░]  33.7% frames 2718000/8069056 ep 52/56  2012 frames/s  ETA 2660s
[2026-08-04 11:10:11] [data] [██████░░░░░░░░░░░░░░]  33.7% frames 2720000/8069056 ep 52/56  2012 frames/s  ETA 2659s
[2026-08-04 11:10:12] [data] [██████░░░░░░░░░░░░░░]  33.7% frames 2722000/8069056 ep 52/56  2012 frames/s  ETA 2658s
[2026-08-04 11:10:13] [data] [██████░░░░░░░░░░░░░░]  33.8% frames 2724000/8069056 ep 52/56  2012 frames/s  ETA 2657s
[2026-08-04 11:10:14] [data] [██████░░░░░░░░░░░░░░]  33.8% frames 2726000/8069056 ep 52/56  2012 frames/s  ETA 2656s
[2026-08-04 11:10:15] [data] [██████░░░░░░░░░░░░░░]  33.8% frames 2728000/8069056 ep 52/56  2012 frames/s  ETA 2655s
[2026-08-04 11:10:16] [data] [██████░░░░░░░░░░░░░░]  33.8% frames 2730000/8069056 ep 52/56  2012 frames/s  ETA 2654s
[2026-08-04 11:10:17] [data] [██████░░░░░░░░░░░░░░]  33.9% frames 2732000/8069056 ep 52/56  2012 frames/s  ETA 2653s
[2026-08-04 11:10:18] [data] [██████░░░░░░░░░░░░░░]  33.9% frames 2734000/8069056 ep 52/56  2012 frames/s  ETA 2652s
[2026-08-04 11:10:19] [data] [██████░░░░░░░░░░░░░░]  33.9% frames 2736000/8069056 ep 52/56  2012 frames/s  ETA 2651s
[2026-08-04 11:10:20] [data] [██████░░░░░░░░░░░░░░]  33.9% frames 2738000/8069056 ep 52/56  2012 frames/s  ETA 2650s
[2026-08-04 11:10:20] [data] [██████░░░░░░░░░░░░░░]  34.0% frames 2740000/8069056 ep 52/56  2012 frames/s  ETA 2648s
[2026-08-04 11:10:21] [data] [██████░░░░░░░░░░░░░░]  34.0% frames 2742000/8069056 ep 52/56  2012 frames/s  ETA 2647s
[2026-08-04 11:10:22] [data] [██████░░░░░░░░░░░░░░]  34.0% frames 2744000/8069056 ep 52/56  2012 frames/s  ETA 2646s
[2026-08-04 11:10:23] [data] [██████░░░░░░░░░░░░░░]  34.0% frames 2746000/8069056 ep 52/56  2012 frames/s  ETA 2645s
[2026-08-04 11:10:24] [data] [██████░░░░░░░░░░░░░░]  34.1% frames 2748000/8069056 ep 52/56  2012 frames/s  ETA 2644s
[2026-08-04 11:10:25] [data] [██████░░░░░░░░░░░░░░]  34.1% frames 2750000/8069056 ep 52/56  2012 frames/s  ETA 2643s
[2026-08-04 11:10:26] [data] [██████░░░░░░░░░░░░░░]  34.1% frames 2752000/8069056 ep 52/56  2012 frames/s  ETA 2642s
[2026-08-04 11:10:27] [data] [██████░░░░░░░░░░░░░░]  34.1% frames 2754000/8069056 ep 52/56  2013 frames/s  ETA 2641s
[2026-08-04 11:10:28] [data] [██████░░░░░░░░░░░░░░]  34.2% frames 2756000/8069056 ep 52/56  2013 frames/s  ETA 2640s
[2026-08-04 11:10:29] [data] [██████░░░░░░░░░░░░░░]  34.2% frames 2758000/8069056 ep 52/56  2013 frames/s  ETA 2639s
[2026-08-04 11:10:30] [data] [██████░░░░░░░░░░░░░░]  34.2% frames 2760000/8069056 ep 52/56  2013 frames/s  ETA 2638s
[2026-08-04 11:10:31] [data] [██████░░░░░░░░░░░░░░]  34.2% frames 2762000/8069056 ep 52/56  2013 frames/s  ETA 2637s
[2026-08-04 11:10:32] [data] [██████░░░░░░░░░░░░░░]  34.3% frames 2764000/8069056 ep 52/56  2013 frames/s  ETA 2636s
[2026-08-04 11:10:33] [data] [██████░░░░░░░░░░░░░░]  34.3% frames 2766000/8069056 ep 52/56  2013 frames/s  ETA 2634s
[2026-08-04 11:10:34] [data] [██████░░░░░░░░░░░░░░]  34.3% frames 2768000/8069056 ep 52/56  2013 frames/s  ETA 2633s
[2026-08-04 11:10:35] [data] [██████░░░░░░░░░░░░░░]  34.3% frames 2770000/8069056 ep 52/56  2013 frames/s  ETA 2632s
[2026-08-04 11:10:36] [data] [██████░░░░░░░░░░░░░░]  34.4% frames 2772000/8069056 ep 52/56  2013 frames/s  ETA 2631s
[2026-08-04 11:10:37] [data] [██████░░░░░░░░░░░░░░]  34.4% frames 2774000/8069056 ep 52/56  2013 frames/s  ETA 2630s
[2026-08-04 11:10:38] [data] [██████░░░░░░░░░░░░░░]  34.4% frames 2776000/8069056 ep 52/56  2013 frames/s  ETA 2629s
[2026-08-04 11:10:39] [data] [██████░░░░░░░░░░░░░░]  34.4% frames 2778000/8069056 ep 52/56  2013 frames/s  ETA 2628s
[2026-08-04 11:10:40] [data] [██████░░░░░░░░░░░░░░]  34.5% frames 2780000/8069056 ep 52/56  2013 frames/s  ETA 2627s
[2026-08-04 11:10:40] [data] [██████░░░░░░░░░░░░░░]  34.5% frames 2782000/8069056 ep 52/56  2013 frames/s  ETA 2626s
[2026-08-04 11:10:41] [data] [██████░░░░░░░░░░░░░░]  34.5% frames 2784000/8069056 ep 52/56  2013 frames/s  ETA 2625s
[2026-08-04 11:10:42] [data] [██████░░░░░░░░░░░░░░]  34.5% frames 2786000/8069056 ep 52/56  2014 frames/s  ETA 2624s
[2026-08-04 11:10:43] [data] [██████░░░░░░░░░░░░░░]  34.6% frames 2788000/8069056 ep 52/56  2014 frames/s  ETA 2623s
[2026-08-04 11:10:44] [data] [██████░░░░░░░░░░░░░░]  34.6% frames 2790000/8069056 ep 52/56  2014 frames/s  ETA 2622s
[2026-08-04 11:10:45] [data] [██████░░░░░░░░░░░░░░]  34.6% frames 2792000/8069056 ep 52/56  2014 frames/s  ETA 2621s
[2026-08-04 11:10:46] [data] [██████░░░░░░░░░░░░░░]  34.6% frames 2794000/8069056 ep 52/56  2014 frames/s  ETA 2619s
[2026-08-04 11:10:47] [data] [██████░░░░░░░░░░░░░░]  34.7% frames 2796000/8069056 ep 52/56  2014 frames/s  ETA 2618s
[2026-08-04 11:10:48] [data] [██████░░░░░░░░░░░░░░]  34.7% frames 2798000/8069056 ep 52/56  2014 frames/s  ETA 2617s
[2026-08-04 11:10:49] [data] [██████░░░░░░░░░░░░░░]  34.7% frames 2800000/8069056 ep 52/56  2014 frames/s  ETA 2616s
[2026-08-04 11:10:50] [data] [██████░░░░░░░░░░░░░░]  34.7% frames 2802000/8069056 ep 52/56  2014 frames/s  ETA 2615s
[2026-08-04 11:10:51] [data] [██████░░░░░░░░░░░░░░]  34.8% frames 2804000/8069056 ep 52/56  2014 frames/s  ETA 2614s
[2026-08-04 11:10:52] [data] [██████░░░░░░░░░░░░░░]  34.8% frames 2806000/8069056 ep 52/56  2014 frames/s  ETA 2613s
[2026-08-04 11:10:53] [data] [██████░░░░░░░░░░░░░░]  34.8% frames 2808000/8069056 ep 52/56  2014 frames/s  ETA 2612s
[2026-08-04 11:10:54] [data] [██████░░░░░░░░░░░░░░]  34.8% frames 2810000/8069056 ep 52/56  2014 frames/s  ETA 2611s
[2026-08-04 11:10:55] [data] [██████░░░░░░░░░░░░░░]  34.8% frames 2812000/8069056 ep 52/56  2014 frames/s  ETA 2610s
[2026-08-04 11:10:56] [data] [██████░░░░░░░░░░░░░░]  34.9% frames 2814000/8069056 ep 52/56  2015 frames/s  ETA 2609s
[2026-08-04 11:10:57] [data] [██████░░░░░░░░░░░░░░]  34.9% frames 2816000/8069056 ep 52/56  2015 frames/s  ETA 2608s
[2026-08-04 11:10:58] [data] [██████░░░░░░░░░░░░░░]  34.9% frames 2818000/8069056 ep 52/56  2015 frames/s  ETA 2607s
[2026-08-04 11:10:59] [data] [██████░░░░░░░░░░░░░░]  34.9% frames 2820000/8069056 ep 52/56  2014 frames/s  ETA 2606s
[2026-08-04 11:11:00] [data] [██████░░░░░░░░░░░░░░]  35.0% frames 2822000/8069056 ep 52/56  2014 frames/s  ETA 2605s
[2026-08-04 11:11:01] [data] [██████░░░░░░░░░░░░░░]  35.0% frames 2824000/8069056 ep 52/56  2014 frames/s  ETA 2604s
[2026-08-04 11:11:02] [data] [███████░░░░░░░░░░░░░]  35.0% frames 2826000/8069056 ep 52/56  2014 frames/s  ETA 2603s
[2026-08-04 11:11:03] [data] [███████░░░░░░░░░░░░░]  35.0% frames 2828000/8069056 ep 52/56  2014 frames/s  ETA 2602s
[2026-08-04 11:11:04] [data] [███████░░░░░░░░░░░░░]  35.1% frames 2830000/8069056 ep 52/56  2014 frames/s  ETA 2601s
[2026-08-04 11:11:05] [data] [███████░░░░░░░░░░░░░]  35.1% frames 2832000/8069056 ep 52/56  2014 frames/s  ETA 2600s
[2026-08-04 11:11:06] [data] [███████░░░░░░░░░░░░░]  35.1% frames 2834000/8069056 ep 52/56  2014 frames/s  ETA 2599s
[2026-08-04 11:11:07] [data] [███████░░░░░░░░░░░░░]  35.1% frames 2836000/8069056 ep 52/56  2014 frames/s  ETA 2598s
[2026-08-04 11:11:08] [data] [███████░░░░░░░░░░░░░]  35.2% frames 2838000/8069056 ep 52/56  2014 frames/s  ETA 2597s
[2026-08-04 11:11:08] [data] [███████░░░░░░░░░░░░░]  35.2% frames 2840000/8069056 ep 52/56  2015 frames/s  ETA 2596s
[2026-08-04 11:11:09] [data] [███████░░░░░░░░░░░░░]  35.2% frames 2842000/8069056 ep 52/56  2015 frames/s  ETA 2595s
[2026-08-04 11:11:10] [data] [███████░░░░░░░░░░░░░]  35.2% frames 2844000/8069056 ep 52/56  2015 frames/s  ETA 2594s
[2026-08-04 11:11:11] [data] [███████░░░░░░░░░░░░░]  35.3% frames 2846000/8069056 ep 52/56  2015 frames/s  ETA 2593s
[2026-08-04 11:11:12] [data] [███████░░░░░░░░░░░░░]  35.3% frames 2848000/8069056 ep 52/56  2015 frames/s  ETA 2592s
[2026-08-04 11:11:13] [data] [███████░░░░░░░░░░░░░]  35.3% frames 2850000/8069056 ep 52/56  2015 frames/s  ETA 2591s
[2026-08-04 11:11:14] [data] [███████░░░░░░░░░░░░░]  35.3% frames 2852000/8069056 ep 52/56  2015 frames/s  ETA 2590s
[2026-08-04 11:11:15] [data] [███████░░░░░░░░░░░░░]  35.4% frames 2854000/8069056 ep 52/56  2015 frames/s  ETA 2589s
[2026-08-04 11:11:16] [data] [███████░░░░░░░░░░░░░]  35.4% frames 2856000/8069056 ep 52/56  2015 frames/s  ETA 2588s
[2026-08-04 11:11:17] [data] [███████░░░░░░░░░░░░░]  35.4% frames 2858000/8069056 ep 52/56  2015 frames/s  ETA 2587s
[2026-08-04 11:11:18] [data] [███████░░░░░░░░░░░░░]  35.4% frames 2860000/8069056 ep 52/56  2015 frames/s  ETA 2586s
[2026-08-04 11:11:19] [data] [███████░░░░░░░░░░░░░]  35.5% frames 2862000/8069056 ep 52/56  2015 frames/s  ETA 2585s
[2026-08-04 11:11:20] [data] [███████░░░░░░░░░░░░░]  35.5% frames 2864000/8069056 ep 52/56  2015 frames/s  ETA 2584s
[2026-08-04 11:11:21] [data] [███████░░░░░░░░░░░░░]  35.5% frames 2866000/8069056 ep 52/56  2015 frames/s  ETA 2582s
[2026-08-04 11:11:22] [data] [███████░░░░░░░░░░░░░]  35.5% frames 2868000/8069056 ep 52/56  2015 frames/s  ETA 2581s
[2026-08-04 11:11:23] [data] [███████░░░░░░░░░░░░░]  35.6% frames 2870000/8069056 ep 52/56  2015 frames/s  ETA 2580s
[2026-08-04 11:11:24] [data] [███████░░░░░░░░░░░░░]  35.6% frames 2872000/8069056 ep 52/56  2015 frames/s  ETA 2579s
[2026-08-04 11:11:25] [data] [███████░░░░░░░░░░░░░]  35.6% frames 2874000/8069056 ep 52/56  2015 frames/s  ETA 2578s
[2026-08-04 11:11:26] [data] [███████░░░░░░░░░░░░░]  35.6% frames 2876000/8069056 ep 52/56  2015 frames/s  ETA 2577s
[2026-08-04 11:11:27] [data] [███████░░░░░░░░░░░░░]  35.7% frames 2878000/8069056 ep 52/56  2015 frames/s  ETA 2576s
[2026-08-04 11:11:28] [data] [███████░░░░░░░░░░░░░]  35.7% frames 2880000/8069056 ep 52/56  2015 frames/s  ETA 2575s
[2026-08-04 11:11:29] [data] [███████░░░░░░░░░░░░░]  35.7% frames 2882000/8069056 ep 52/56  2015 frames/s  ETA 2574s
[2026-08-04 11:11:30] [data] [███████░░░░░░░░░░░░░]  35.7% frames 2884000/8069056 ep 52/56  2015 frames/s  ETA 2573s
[2026-08-04 11:11:31] [data] [███████░░░░░░░░░░░░░]  35.8% frames 2886000/8069056 ep 52/56  2015 frames/s  ETA 2572s
[2026-08-04 11:11:32] [data] [███████░░░░░░░░░░░░░]  35.8% frames 2888000/8069056 ep 52/56  2015 frames/s  ETA 2571s
[2026-08-04 11:11:33] [data] [███████░░░░░░░░░░░░░]  35.8% frames 2890000/8069056 ep 52/56  2015 frames/s  ETA 2570s
[2026-08-04 11:11:34] [data] [███████░░░░░░░░░░░░░]  35.8% frames 2892000/8069056 ep 52/56  2015 frames/s  ETA 2569s
[2026-08-04 11:11:35] [data] [███████░░░░░░░░░░░░░]  35.9% frames 2894000/8069056 ep 52/56  2015 frames/s  ETA 2568s
[2026-08-04 11:11:36] [data] [███████░░░░░░░░░░░░░]  35.9% frames 2896000/8069056 ep 52/56  2015 frames/s  ETA 2567s
[2026-08-04 11:11:37] [data] [███████░░░░░░░░░░░░░]  35.9% frames 2898000/8069056 ep 52/56  2015 frames/s  ETA 2566s
[2026-08-04 11:11:38] [data] [███████░░░░░░░░░░░░░]  35.9% frames 2900000/8069056 ep 52/56  2015 frames/s  ETA 2565s
[2026-08-04 11:11:39] [data] [███████░░░░░░░░░░░░░]  36.0% frames 2902000/8069056 ep 52/56  2015 frames/s  ETA 2564s
[2026-08-04 11:11:40] [data] [███████░░░░░░░░░░░░░]  36.0% frames 2904000/8069056 ep 52/56  2015 frames/s  ETA 2563s
[2026-08-04 11:11:41] [data] [███████░░░░░░░░░░░░░]  36.0% frames 2906000/8069056 ep 52/56  2015 frames/s  ETA 2562s
[2026-08-04 11:11:42] [data] [███████░░░░░░░░░░░░░]  36.0% frames 2908000/8069056 ep 52/56  2015 frames/s  ETA 2561s
[2026-08-04 11:11:43] [data] [███████░░░░░░░░░░░░░]  36.1% frames 2910000/8069056 ep 52/56  2015 frames/s  ETA 2560s
[2026-08-04 11:11:44] [data] [███████░░░░░░░░░░░░░]  36.1% frames 2912000/8069056 ep 52/56  2015 frames/s  ETA 2559s
[2026-08-04 11:11:45] [data] [███████░░░░░░░░░░░░░]  36.1% frames 2914000/8069056 ep 52/56  2015 frames/s  ETA 2558s
[2026-08-04 11:11:45] [data] [███████░░░░░░░░░░░░░]  36.1% frames 2916000/8069056 ep 52/56  2016 frames/s  ETA 2557s
[2026-08-04 11:11:46] [data] [███████░░░░░░░░░░░░░]  36.2% frames 2918000/8069056 ep 52/56  2016 frames/s  ETA 2556s
[2026-08-04 11:11:47] [data] [███████░░░░░░░░░░░░░]  36.2% frames 2920000/8069056 ep 52/56  2016 frames/s  ETA 2555s
[2026-08-04 11:11:48] [data] [███████░░░░░░░░░░░░░]  36.2% frames 2922000/8069056 ep 52/56  2016 frames/s  ETA 2554s
[2026-08-04 11:11:49] [data] [███████░░░░░░░░░░░░░]  36.2% frames 2924000/8069056 ep 52/56  2016 frames/s  ETA 2553s
[2026-08-04 11:11:50] [data] [███████░░░░░░░░░░░░░]  36.3% frames 2926000/8069056 ep 52/56  2016 frames/s  ETA 2552s
[2026-08-04 11:11:51] [data] [███████░░░░░░░░░░░░░]  36.3% frames 2928000/8069056 ep 52/56  2016 frames/s  ETA 2551s
[2026-08-04 11:11:52] [data] [███████░░░░░░░░░░░░░]  36.3% frames 2930000/8069056 ep 52/56  2016 frames/s  ETA 2549s
[2026-08-04 11:11:53] [data] [███████░░░░░░░░░░░░░]  36.3% frames 2932000/8069056 ep 52/56  2016 frames/s  ETA 2548s
[2026-08-04 11:11:54] [data] [███████░░░░░░░░░░░░░]  36.4% frames 2934000/8069056 ep 52/56  2016 frames/s  ETA 2547s
[2026-08-04 11:11:55] [data] [███████░░░░░░░░░░░░░]  36.4% frames 2936000/8069056 ep 52/56  2016 frames/s  ETA 2546s
[2026-08-04 11:11:56] [data] [███████░░░░░░░░░░░░░]  36.4% frames 2938000/8069056 ep 52/56  2016 frames/s  ETA 2545s
[2026-08-04 11:11:57] [data] [███████░░░░░░░░░░░░░]  36.4% frames 2940000/8069056 ep 52/56  2016 frames/s  ETA 2544s
[2026-08-04 11:11:58] [data] [███████░░░░░░░░░░░░░]  36.5% frames 2942000/8069056 ep 52/56  2016 frames/s  ETA 2543s
[2026-08-04 11:11:59] [data] [███████░░░░░░░░░░░░░]  36.5% frames 2944000/8069056 ep 52/56  2016 frames/s  ETA 2542s
[2026-08-04 11:12:00] [data] [███████░░░░░░░░░░░░░]  36.5% frames 2946000/8069056 ep 52/56  2016 frames/s  ETA 2541s
[2026-08-04 11:12:01] [data] [███████░░░░░░░░░░░░░]  36.5% frames 2948000/8069056 ep 52/56  2016 frames/s  ETA 2540s
[2026-08-04 11:12:02] [data] [███████░░░░░░░░░░░░░]  36.6% frames 2950000/8069056 ep 52/56  2016 frames/s  ETA 2539s
[2026-08-04 11:12:03] [data] [███████░░░░░░░░░░░░░]  36.6% frames 2952000/8069056 ep 52/56  2016 frames/s  ETA 2538s
[2026-08-04 11:12:04] [data] [███████░░░░░░░░░░░░░]  36.6% frames 2954000/8069056 ep 52/56  2016 frames/s  ETA 2537s
[2026-08-04 11:12:05] [data] [███████░░░░░░░░░░░░░]  36.6% frames 2956000/8069056 ep 52/56  2016 frames/s  ETA 2536s
[2026-08-04 11:12:06] [data] [███████░░░░░░░░░░░░░]  36.7% frames 2958000/8069056 ep 52/56  2016 frames/s  ETA 2535s
[2026-08-04 11:12:07] [data] [███████░░░░░░░░░░░░░]  36.7% frames 2960000/8069056 ep 52/56  2016 frames/s  ETA 2534s
[2026-08-04 11:12:08] [data] [███████░░░░░░░░░░░░░]  36.7% frames 2962000/8069056 ep 52/56  2016 frames/s  ETA 2533s
[2026-08-04 11:12:09] [data] [███████░░░░░░░░░░░░░]  36.7% frames 2964000/8069056 ep 52/56  2016 frames/s  ETA 2532s
[2026-08-04 11:12:10] [data] [███████░░░░░░░░░░░░░]  36.8% frames 2966000/8069056 ep 52/56  2016 frames/s  ETA 2531s
[2026-08-04 11:12:11] [data] [███████░░░░░░░░░░░░░]  36.8% frames 2968000/8069056 ep 52/56  2016 frames/s  ETA 2530s
[2026-08-04 11:12:12] [data] [███████░░░░░░░░░░░░░]  36.8% frames 2970000/8069056 ep 52/56  2016 frames/s  ETA 2529s
[2026-08-04 11:12:13] [data] [███████░░░░░░░░░░░░░]  36.8% frames 2972000/8069056 ep 52/56  2016 frames/s  ETA 2528s
[2026-08-04 11:12:14] [data] [███████░░░░░░░░░░░░░]  36.9% frames 2974000/8069056 ep 52/56  2016 frames/s  ETA 2527s
[2026-08-04 11:12:15] [data] [███████░░░░░░░░░░░░░]  36.9% frames 2976000/8069056 ep 52/56  2016 frames/s  ETA 2526s
[2026-08-04 11:12:16] [data] [███████░░░░░░░░░░░░░]  36.9% frames 2978000/8069056 ep 52/56  2016 frames/s  ETA 2525s
[2026-08-04 11:12:17] [data] [███████░░░░░░░░░░░░░]  36.9% frames 2980000/8069056 ep 52/56  2016 frames/s  ETA 2524s
[2026-08-04 11:12:18] [data] [███████░░░░░░░░░░░░░]  37.0% frames 2982000/8069056 ep 52/56  2016 frames/s  ETA 2523s
[2026-08-04 11:12:19] [data] [███████░░░░░░░░░░░░░]  37.0% frames 2984000/8069056 ep 52/56  2016 frames/s  ETA 2522s
[2026-08-04 11:12:20] [data] [███████░░░░░░░░░░░░░]  37.0% frames 2986000/8069056 ep 52/56  2016 frames/s  ETA 2521s
[2026-08-04 11:12:21] [data] [███████░░░░░░░░░░░░░]  37.0% frames 2988000/8069056 ep 52/56  2016 frames/s  ETA 2520s
[2026-08-04 11:12:22] [data] [███████░░░░░░░░░░░░░]  37.1% frames 2990000/8069056 ep 52/56  2016 frames/s  ETA 2519s
[2026-08-04 11:12:23] [data] [███████░░░░░░░░░░░░░]  37.1% frames 2992000/8069056 ep 52/56  2016 frames/s  ETA 2518s
[2026-08-04 11:12:24] [data] [███████░░░░░░░░░░░░░]  37.1% frames 2994000/8069056 ep 52/56  2016 frames/s  ETA 2517s
[2026-08-04 11:12:25] [data] [███████░░░░░░░░░░░░░]  37.1% frames 2996000/8069056 ep 52/56  2016 frames/s  ETA 2516s
[2026-08-04 11:12:26] [data] [███████░░░░░░░░░░░░░]  37.2% frames 2998000/8069056 ep 52/56  2016 frames/s  ETA 2515s
[2026-08-04 11:12:27] [data] [███████░░░░░░░░░░░░░]  37.2% frames 3000000/8069056 ep 52/56  2016 frames/s  ETA 2514s
[2026-08-04 11:12:28] [data] [███████░░░░░░░░░░░░░]  37.2% frames 3002000/8069056 ep 52/56  2016 frames/s  ETA 2513s
[2026-08-04 11:12:29] [data] [███████░░░░░░░░░░░░░]  37.2% frames 3004000/8069056 ep 52/56  2016 frames/s  ETA 2512s
[2026-08-04 11:12:30] [data] [███████░░░░░░░░░░░░░]  37.3% frames 3006000/8069056 ep 52/56  2016 frames/s  ETA 2511s
[2026-08-04 11:12:30] [data] [███████░░░░░░░░░░░░░]  37.3% frames 3008000/8069056 ep 52/56  2016 frames/s  ETA 2510s
[2026-08-04 11:12:31] [data] [███████░░░░░░░░░░░░░]  37.3% frames 3010000/8069056 ep 52/56  2016 frames/s  ETA 2509s
[2026-08-04 11:12:32] [data] [███████░░░░░░░░░░░░░]  37.3% frames 3012000/8069056 ep 52/56  2016 frames/s  ETA 2508s
[2026-08-04 11:12:33] [data] [███████░░░░░░░░░░░░░]  37.4% frames 3014000/8069056 ep 52/56  2017 frames/s  ETA 2507s
[2026-08-04 11:12:34] [data] [███████░░░░░░░░░░░░░]  37.4% frames 3016000/8069056 ep 52/56  2017 frames/s  ETA 2506s
[2026-08-04 11:12:35] [data] [███████░░░░░░░░░░░░░]  37.4% frames 3018000/8069056 ep 52/56  2017 frames/s  ETA 2505s
[2026-08-04 11:12:36] [data] [███████░░░░░░░░░░░░░]  37.4% frames 3020000/8069056 ep 52/56  2017 frames/s  ETA 2504s
[2026-08-04 11:12:37] [data] [███████░░░░░░░░░░░░░]  37.5% frames 3022000/8069056 ep 52/56  2017 frames/s  ETA 2503s
[2026-08-04 11:12:38] [data] [███████░░░░░░░░░░░░░]  37.5% frames 3024000/8069056 ep 52/56  2017 frames/s  ETA 2502s
[2026-08-04 11:12:39] [data] [███████░░░░░░░░░░░░░]  37.5% frames 3026000/8069056 ep 52/56  2017 frames/s  ETA 2501s
[2026-08-04 11:12:40] [data] [███████░░░░░░░░░░░░░]  37.5% frames 3028000/8069056 ep 52/56  2017 frames/s  ETA 2500s
[2026-08-04 11:12:41] [data] [███████░░░░░░░░░░░░░]  37.6% frames 3030000/8069056 ep 52/56  2017 frames/s  ETA 2499s
[2026-08-04 11:12:42] [data] [███████░░░░░░░░░░░░░]  37.6% frames 3032000/8069056 ep 52/56  2017 frames/s  ETA 2498s
[2026-08-04 11:12:43] [data] [███████░░░░░░░░░░░░░]  37.6% frames 3034000/8069056 ep 52/56  2017 frames/s  ETA 2497s
[2026-08-04 11:12:44] [data] [███████░░░░░░░░░░░░░]  37.6% frames 3036000/8069056 ep 52/56  2017 frames/s  ETA 2496s
[2026-08-04 11:12:45] [data] [███████░░░░░░░░░░░░░]  37.7% frames 3038000/8069056 ep 52/56  2016 frames/s  ETA 2495s
[2026-08-04 11:12:46] [data] [███████░░░░░░░░░░░░░]  37.7% frames 3040000/8069056 ep 52/56  2016 frames/s  ETA 2494s
[2026-08-04 11:12:47] [data] [███████░░░░░░░░░░░░░]  37.7% frames 3042000/8069056 ep 52/56  2016 frames/s  ETA 2493s
[2026-08-04 11:12:48] [data] [███████░░░░░░░░░░░░░]  37.7% frames 3044000/8069056 ep 52/56  2017 frames/s  ETA 2492s
[2026-08-04 11:12:49] [data] [███████░░░░░░░░░░░░░]  37.7% frames 3046000/8069056 ep 52/56  2017 frames/s  ETA 2491s
[2026-08-04 11:12:50] [data] [███████░░░░░░░░░░░░░]  37.8% frames 3048000/8069056 ep 52/56  2017 frames/s  ETA 2490s
[2026-08-04 11:12:51] [data] [███████░░░░░░░░░░░░░]  37.8% frames 3050000/8069056 ep 52/56  2017 frames/s  ETA 2489s
[2026-08-04 11:12:52] [data] [███████░░░░░░░░░░░░░]  37.8% frames 3052000/8069056 ep 52/56  2017 frames/s  ETA 2488s
[2026-08-04 11:12:53] [data] [███████░░░░░░░░░░░░░]  37.8% frames 3054000/8069056 ep 52/56  2017 frames/s  ETA 2487s
[2026-08-04 11:12:54] [data] [███████░░░░░░░░░░░░░]  37.9% frames 3056000/8069056 ep 52/56  2017 frames/s  ETA 2486s
[2026-08-04 11:12:55] [data] [███████░░░░░░░░░░░░░]  37.9% frames 3058000/8069056 ep 52/56  2017 frames/s  ETA 2485s
[2026-08-04 11:12:56] [data] [███████░░░░░░░░░░░░░]  37.9% frames 3060000/8069056 ep 52/56  2017 frames/s  ETA 2484s
[2026-08-04 11:12:57] [data] [███████░░░░░░░░░░░░░]  37.9% frames 3062000/8069056 ep 52/56  2017 frames/s  ETA 2483s
[2026-08-04 11:12:58] [data] [███████░░░░░░░░░░░░░]  38.0% frames 3064000/8069056 ep 52/56  2017 frames/s  ETA 2482s
[2026-08-04 11:12:59] [data] [███████░░░░░░░░░░░░░]  38.0% frames 3066000/8069056 ep 52/56  2017 frames/s  ETA 2481s
[2026-08-04 11:13:00] [data] [███████░░░░░░░░░░░░░]  38.0% frames 3068000/8069056 ep 52/56  2017 frames/s  ETA 2480s
[2026-08-04 11:13:01] [data] [███████░░░░░░░░░░░░░]  38.0% frames 3070000/8069056 ep 52/56  2017 frames/s  ETA 2479s
[2026-08-04 11:13:02] [data] [███████░░░░░░░░░░░░░]  38.1% frames 3072000/8069056 ep 52/56  2017 frames/s  ETA 2478s
[2026-08-04 11:13:03] [data] [███████░░░░░░░░░░░░░]  38.1% frames 3074000/8069056 ep 52/56  2017 frames/s  ETA 2476s
[2026-08-04 11:13:04] [data] [███████░░░░░░░░░░░░░]  38.1% frames 3076000/8069056 ep 52/56  2017 frames/s  ETA 2475s
[2026-08-04 11:13:05] [data] [███████░░░░░░░░░░░░░]  38.1% frames 3078000/8069056 ep 52/56  2017 frames/s  ETA 2474s
[2026-08-04 11:13:06] [data] [███████░░░░░░░░░░░░░]  38.2% frames 3080000/8069056 ep 52/56  2017 frames/s  ETA 2473s
[2026-08-04 11:13:07] [data] [███████░░░░░░░░░░░░░]  38.2% frames 3082000/8069056 ep 52/56  2017 frames/s  ETA 2472s
[2026-08-04 11:13:08] [data] [███████░░░░░░░░░░░░░]  38.2% frames 3084000/8069056 ep 52/56  2017 frames/s  ETA 2471s
[2026-08-04 11:13:09] [data] [███████░░░░░░░░░░░░░]  38.2% frames 3086000/8069056 ep 52/56  2017 frames/s  ETA 2470s
[2026-08-04 11:13:10] [data] [███████░░░░░░░░░░░░░]  38.3% frames 3088000/8069056 ep 52/56  2017 frames/s  ETA 2469s
[2026-08-04 11:13:11] [data] [███████░░░░░░░░░░░░░]  38.3% frames 3090000/8069056 ep 52/56  2017 frames/s  ETA 2468s
[2026-08-04 11:13:12] [data] [███████░░░░░░░░░░░░░]  38.3% frames 3092000/8069056 ep 52/56  2017 frames/s  ETA 2467s
[2026-08-04 11:13:13] [data] [███████░░░░░░░░░░░░░]  38.3% frames 3094000/8069056 ep 52/56  2017 frames/s  ETA 2466s
[2026-08-04 11:13:14] [data] [███████░░░░░░░░░░░░░]  38.4% frames 3096000/8069056 ep 52/56  2017 frames/s  ETA 2465s
[2026-08-04 11:13:14] [data] [███████░░░░░░░░░░░░░]  38.4% frames 3098000/8069056 ep 52/56  2017 frames/s  ETA 2464s
[2026-08-04 11:13:15] [data] [███████░░░░░░░░░░░░░]  38.4% frames 3100000/8069056 ep 52/56  2017 frames/s  ETA 2463s
[2026-08-04 11:13:16] [data] [███████░░░░░░░░░░░░░]  38.4% frames 3102000/8069056 ep 52/56  2017 frames/s  ETA 2462s
[2026-08-04 11:13:17] [data] [███████░░░░░░░░░░░░░]  38.5% frames 3104000/8069056 ep 52/56  2017 frames/s  ETA 2461s
[2026-08-04 11:13:18] [data] [███████░░░░░░░░░░░░░]  38.5% frames 3106000/8069056 ep 52/56  2017 frames/s  ETA 2460s
[2026-08-04 11:13:19] [data] [███████░░░░░░░░░░░░░]  38.5% frames 3108000/8069056 ep 52/56  2017 frames/s  ETA 2459s
[2026-08-04 11:13:20] [data] [███████░░░░░░░░░░░░░]  38.5% frames 3110000/8069056 ep 52/56  2017 frames/s  ETA 2458s
[2026-08-04 11:13:21] [data] [███████░░░░░░░░░░░░░]  38.6% frames 3112000/8069056 ep 52/56  2017 frames/s  ETA 2457s
[2026-08-04 11:13:22] [data] [███████░░░░░░░░░░░░░]  38.6% frames 3114000/8069056 ep 52/56  2018 frames/s  ETA 2456s
[2026-08-04 11:13:23] [data] [███████░░░░░░░░░░░░░]  38.6% frames 3116000/8069056 ep 52/56  2018 frames/s  ETA 2455s
[2026-08-04 11:13:24] [data] [███████░░░░░░░░░░░░░]  38.6% frames 3118000/8069056 ep 52/56  2018 frames/s  ETA 2454s
[2026-08-04 11:13:25] [data] [███████░░░░░░░░░░░░░]  38.7% frames 3120000/8069056 ep 52/56  2018 frames/s  ETA 2453s
[2026-08-04 11:13:26] [data] [███████░░░░░░░░░░░░░]  38.7% frames 3122000/8069056 ep 52/56  2018 frames/s  ETA 2452s
[2026-08-04 11:13:27] [data] [███████░░░░░░░░░░░░░]  38.7% frames 3124000/8069056 ep 52/56  2018 frames/s  ETA 2451s
[2026-08-04 11:13:28] [data] [███████░░░░░░░░░░░░░]  38.7% frames 3126000/8069056 ep 52/56  2018 frames/s  ETA 2450s
[2026-08-04 11:13:29] [data] [███████░░░░░░░░░░░░░]  38.8% frames 3128000/8069056 ep 52/56  2018 frames/s  ETA 2449s
[2026-08-04 11:13:30] [data] [███████░░░░░░░░░░░░░]  38.8% frames 3130000/8069056 ep 52/56  2018 frames/s  ETA 2448s
[2026-08-04 11:13:31] [data] [███████░░░░░░░░░░░░░]  38.8% frames 3132000/8069056 ep 52/56  2017 frames/s  ETA 2447s
[2026-08-04 11:13:32] [data] [███████░░░░░░░░░░░░░]  38.8% frames 3134000/8069056 ep 52/56  2017 frames/s  ETA 2446s
[2026-08-04 11:13:33] [data] [███████░░░░░░░░░░░░░]  38.9% frames 3136000/8069056 ep 52/56  2017 frames/s  ETA 2445s
[2026-08-04 11:13:34] [data] [███████░░░░░░░░░░░░░]  38.9% frames 3138000/8069056 ep 52/56  2017 frames/s  ETA 2444s
[2026-08-04 11:13:35] [data] [███████░░░░░░░░░░░░░]  38.9% frames 3140000/8069056 ep 52/56  2017 frames/s  ETA 2443s
[2026-08-04 11:13:36] [data] [███████░░░░░░░░░░░░░]  38.9% frames 3142000/8069056 ep 52/56  2017 frames/s  ETA 2442s
[2026-08-04 11:13:37] [data] [███████░░░░░░░░░░░░░]  39.0% frames 3144000/8069056 ep 52/56  2017 frames/s  ETA 2441s
[2026-08-04 11:13:38] [data] [███████░░░░░░░░░░░░░]  39.0% frames 3146000/8069056 ep 52/56  2017 frames/s  ETA 2440s
[2026-08-04 11:13:39] [data] [███████░░░░░░░░░░░░░]  39.0% frames 3148000/8069056 ep 52/56  2017 frames/s  ETA 2439s
[2026-08-04 11:13:40] [data] [███████░░░░░░░░░░░░░]  39.0% frames 3150000/8069056 ep 52/56  2017 frames/s  ETA 2438s
[2026-08-04 11:13:41] [data] [███████░░░░░░░░░░░░░]  39.1% frames 3152000/8069056 ep 52/56  2017 frames/s  ETA 2437s
[2026-08-04 11:13:42] [data] [███████░░░░░░░░░░░░░]  39.1% frames 3154000/8069056 ep 52/56  2017 frames/s  ETA 2436s
[2026-08-04 11:13:43] [data] [███████░░░░░░░░░░░░░]  39.1% frames 3156000/8069056 ep 52/56  2018 frames/s  ETA 2435s
[2026-08-04 11:13:44] [data] [███████░░░░░░░░░░░░░]  39.1% frames 3158000/8069056 ep 52/56  2018 frames/s  ETA 2434s
[2026-08-04 11:13:45] [data] [███████░░░░░░░░░░░░░]  39.2% frames 3160000/8069056 ep 52/56  2018 frames/s  ETA 2433s
[2026-08-04 11:13:46] [data] [███████░░░░░░░░░░░░░]  39.2% frames 3162000/8069056 ep 52/56  2018 frames/s  ETA 2432s
[2026-08-04 11:13:47] [data] [███████░░░░░░░░░░░░░]  39.2% frames 3164000/8069056 ep 52/56  2018 frames/s  ETA 2431s
[2026-08-04 11:13:48] [data] [███████░░░░░░░░░░░░░]  39.2% frames 3166000/8069056 ep 52/56  2018 frames/s  ETA 2430s
[2026-08-04 11:13:49] [data] [███████░░░░░░░░░░░░░]  39.3% frames 3168000/8069056 ep 52/56  2018 frames/s  ETA 2429s
[2026-08-04 11:13:50] [data] [███████░░░░░░░░░░░░░]  39.3% frames 3170000/8069056 ep 52/56  2018 frames/s  ETA 2428s
[2026-08-04 11:13:51] [data] [███████░░░░░░░░░░░░░]  39.3% frames 3172000/8069056 ep 52/56  2018 frames/s  ETA 2427s
[2026-08-04 11:13:52] [data] [███████░░░░░░░░░░░░░]  39.3% frames 3174000/8069056 ep 52/56  2018 frames/s  ETA 2426s
[2026-08-04 11:13:53] [data] [███████░░░░░░░░░░░░░]  39.4% frames 3176000/8069056 ep 52/56  2018 frames/s  ETA 2425s
[2026-08-04 11:13:54] [data] [███████░░░░░░░░░░░░░]  39.4% frames 3178000/8069056 ep 52/56  2018 frames/s  ETA 2424s
[2026-08-04 11:13:55] [data] [███████░░░░░░░░░░░░░]  39.4% frames 3180000/8069056 ep 52/56  2018 frames/s  ETA 2423s
[2026-08-04 11:13:56] [data] [███████░░░░░░░░░░░░░]  39.4% frames 3182000/8069056 ep 52/56  2018 frames/s  ETA 2422s
[2026-08-04 11:13:57] [data] [███████░░░░░░░░░░░░░]  39.5% frames 3184000/8069056 ep 52/56  2018 frames/s  ETA 2421s
[2026-08-04 11:13:58] [data] [███████░░░░░░░░░░░░░]  39.5% frames 3186000/8069056 ep 52/56  2018 frames/s  ETA 2420s
[2026-08-04 11:13:58] [data] [███████░░░░░░░░░░░░░]  39.5% frames 3188000/8069056 ep 52/56  2018 frames/s  ETA 2419s
[2026-08-04 11:13:59] [data] [███████░░░░░░░░░░░░░]  39.5% frames 3190000/8069056 ep 52/56  2018 frames/s  ETA 2418s
[2026-08-04 11:14:01] [data] [███████░░░░░░░░░░░░░]  39.6% frames 3192000/8069056 ep 52/56  2018 frames/s  ETA 2417s
[2026-08-04 11:14:01] [data] [███████░░░░░░░░░░░░░]  39.6% frames 3194000/8069056 ep 52/56  2018 frames/s  ETA 2416s
[2026-08-04 11:14:02] [data] [███████░░░░░░░░░░░░░]  39.6% frames 3196000/8069056 ep 52/56  2018 frames/s  ETA 2415s
[2026-08-04 11:14:03] [data] [███████░░░░░░░░░░░░░]  39.6% frames 3198000/8069056 ep 52/56  2018 frames/s  ETA 2414s
[2026-08-04 11:14:04] [data] [███████░░░░░░░░░░░░░]  39.7% frames 3200000/8069056 ep 52/56  2018 frames/s  ETA 2413s
[2026-08-04 11:14:05] [data] [███████░░░░░░░░░░░░░]  39.7% frames 3202000/8069056 ep 52/56  2018 frames/s  ETA 2412s
[2026-08-04 11:14:06] [data] [███████░░░░░░░░░░░░░]  39.7% frames 3204000/8069056 ep 52/56  2018 frames/s  ETA 2411s
[2026-08-04 11:14:07] [data] [███████░░░░░░░░░░░░░]  39.7% frames 3206000/8069056 ep 52/56  2018 frames/s  ETA 2410s
[2026-08-04 11:14:08] [data] [███████░░░░░░░░░░░░░]  39.8% frames 3208000/8069056 ep 52/56  2018 frames/s  ETA 2409s
[2026-08-04 11:14:09] [data] [███████░░░░░░░░░░░░░]  39.8% frames 3210000/8069056 ep 52/56  2018 frames/s  ETA 2408s
[2026-08-04 11:14:10] [data] [███████░░░░░░░░░░░░░]  39.8% frames 3212000/8069056 ep 52/56  2018 frames/s  ETA 2406s
[2026-08-04 11:14:11] [data] [███████░░░░░░░░░░░░░]  39.8% frames 3214000/8069056 ep 52/56  2018 frames/s  ETA 2405s
[2026-08-04 11:14:12] [data] [███████░░░░░░░░░░░░░]  39.9% frames 3216000/8069056 ep 52/56  2018 frames/s  ETA 2404s
[2026-08-04 11:14:13] [data] [███████░░░░░░░░░░░░░]  39.9% frames 3218000/8069056 ep 52/56  2018 frames/s  ETA 2403s
[2026-08-04 11:14:14] [data] [███████░░░░░░░░░░░░░]  39.9% frames 3220000/8069056 ep 52/56  2019 frames/s  ETA 2402s
[2026-08-04 11:14:15] [data] [███████░░░░░░░░░░░░░]  39.9% frames 3222000/8069056 ep 52/56  2019 frames/s  ETA 2401s
[2026-08-04 11:14:16] [data] [███████░░░░░░░░░░░░░]  40.0% frames 3224000/8069056 ep 52/56  2019 frames/s  ETA 2400s
[2026-08-04 11:14:17] [data] [███████░░░░░░░░░░░░░]  40.0% frames 3226000/8069056 ep 52/56  2019 frames/s  ETA 2399s
[2026-08-04 11:14:18] [data] [████████░░░░░░░░░░░░]  40.0% frames 3228000/8069056 ep 52/56  2019 frames/s  ETA 2398s
[2026-08-04 11:14:19] [data] [████████░░░░░░░░░░░░]  40.0% frames 3230000/8069056 ep 52/56  2019 frames/s  ETA 2397s
[2026-08-04 11:14:20] [data] [████████░░░░░░░░░░░░]  40.1% frames 3232000/8069056 ep 52/56  2019 frames/s  ETA 2396s
[2026-08-04 11:14:21] [data] [████████░░░░░░░░░░░░]  40.1% frames 3234000/8069056 ep 52/56  2019 frames/s  ETA 2395s
[2026-08-04 11:14:22] [data] [████████░░░░░░░░░░░░]  40.1% frames 3236000/8069056 ep 52/56  2019 frames/s  ETA 2394s
[2026-08-04 11:14:23] [data] [████████░░░░░░░░░░░░]  40.1% frames 3238000/8069056 ep 52/56  2018 frames/s  ETA 2393s
[2026-08-04 11:14:24] [data] [████████░░░░░░░░░░░░]  40.2% frames 3240000/8069056 ep 52/56  2018 frames/s  ETA 2393s
[2026-08-04 11:14:25] [data] [████████░░░░░░░░░░░░]  40.2% frames 3242000/8069056 ep 52/56  2018 frames/s  ETA 2392s
[2026-08-04 11:14:26] [data] [████████░░░░░░░░░░░░]  40.2% frames 3244000/8069056 ep 52/56  2018 frames/s  ETA 2391s
[2026-08-04 11:14:27] [data] [████████░░░░░░░░░░░░]  40.2% frames 3246000/8069056 ep 52/56  2018 frames/s  ETA 2390s
[2026-08-04 11:14:28] [data] [████████░░░░░░░░░░░░]  40.3% frames 3248000/8069056 ep 52/56  2018 frames/s  ETA 2389s
[2026-08-04 11:14:29] [data] [████████░░░░░░░░░░░░]  40.3% frames 3250000/8069056 ep 52/56  2018 frames/s  ETA 2388s
[2026-08-04 11:14:30] [data] [████████░░░░░░░░░░░░]  40.3% frames 3252000/8069056 ep 52/56  2018 frames/s  ETA 2387s
[2026-08-04 11:14:31] [data] [████████░░░░░░░░░░░░]  40.3% frames 3254000/8069056 ep 52/56  2018 frames/s  ETA 2386s
[2026-08-04 11:14:32] [data] [████████░░░░░░░░░░░░]  40.4% frames 3256000/8069056 ep 52/56  2018 frames/s  ETA 2385s
[2026-08-04 11:14:33] [data] [████████░░░░░░░░░░░░]  40.4% frames 3258000/8069056 ep 52/56  2018 frames/s  ETA 2385s
[2026-08-04 11:14:34] [data] [████████░░░░░░░░░░░░]  40.4% frames 3260000/8069056 ep 52/56  2018 frames/s  ETA 2383s
[2026-08-04 11:14:35] [data] [████████░░░░░░░░░░░░]  40.4% frames 3262000/8069056 ep 52/56  2018 frames/s  ETA 2383s
[2026-08-04 11:14:37] [data] [████████░░░░░░░░░░░░]  40.5% frames 3264000/8069056 ep 52/56  2018 frames/s  ETA 2382s
[2026-08-04 11:14:38] [data] [████████░░░░░░░░░░░░]  40.5% frames 3266000/8069056 ep 52/56  2017 frames/s  ETA 2381s
[2026-08-04 11:14:39] [data] [████████░░░░░░░░░░░░]  40.5% frames 3268000/8069056 ep 52/56  2017 frames/s  ETA 2380s
[2026-08-04 11:14:40] [data] [████████░░░░░░░░░░░░]  40.5% frames 3270000/8069056 ep 52/56  2017 frames/s  ETA 2379s
[2026-08-04 11:14:40] [data] [████████░░░░░░░░░░░░]  40.5% frames 3272000/8069056 ep 52/56  2018 frames/s  ETA 2378s
[2026-08-04 11:14:41] [data] [████████░░░░░░░░░░░░]  40.6% frames 3274000/8069056 ep 52/56  2018 frames/s  ETA 2377s
[2026-08-04 11:14:42] [data] [████████░░░░░░░░░░░░]  40.6% frames 3276000/8069056 ep 52/56  2018 frames/s  ETA 2376s
[2026-08-04 11:14:43] [data] [████████░░░░░░░░░░░░]  40.6% frames 3278000/8069056 ep 52/56  2018 frames/s  ETA 2375s
[2026-08-04 11:14:44] [data] [████████░░░░░░░░░░░░]  40.6% frames 3280000/8069056 ep 52/56  2018 frames/s  ETA 2374s
[2026-08-04 11:14:45] [data] [████████░░░░░░░░░░░░]  40.7% frames 3282000/8069056 ep 52/56  2018 frames/s  ETA 2373s
[2026-08-04 11:14:46] [data] [████████░░░░░░░░░░░░]  40.7% frames 3284000/8069056 ep 52/56  2018 frames/s  ETA 2372s
[2026-08-04 11:14:47] [data] [████████░░░░░░░░░░░░]  40.7% frames 3286000/8069056 ep 52/56  2018 frames/s  ETA 2370s
[2026-08-04 11:14:48] [data] [████████░░░░░░░░░░░░]  40.7% frames 3288000/8069056 ep 52/56  2018 frames/s  ETA 2369s
[2026-08-04 11:14:49] [data] [████████░░░░░░░░░░░░]  40.8% frames 3290000/8069056 ep 52/56  2018 frames/s  ETA 2368s
[2026-08-04 11:14:50] [data] [████████░░░░░░░░░░░░]  40.8% frames 3292000/8069056 ep 52/56  2018 frames/s  ETA 2367s
[2026-08-04 11:14:51] [data] [████████░░░░░░░░░░░░]  40.8% frames 3294000/8069056 ep 52/56  2018 frames/s  ETA 2366s
[2026-08-04 11:14:52] [data] [████████░░░░░░░░░░░░]  40.8% frames 3296000/8069056 ep 52/56  2018 frames/s  ETA 2365s
[2026-08-04 11:14:53] [data] [████████░░░░░░░░░░░░]  40.9% frames 3298000/8069056 ep 52/56  2018 frames/s  ETA 2364s
[2026-08-04 11:14:54] [data] [████████░░░░░░░░░░░░]  40.9% frames 3300000/8069056 ep 52/56  2018 frames/s  ETA 2363s
[2026-08-04 11:14:55] [data] [████████░░░░░░░░░░░░]  40.9% frames 3302000/8069056 ep 52/56  2018 frames/s  ETA 2362s
[2026-08-04 11:14:56] [data] [████████░░░░░░░░░░░░]  40.9% frames 3304000/8069056 ep 52/56  2018 frames/s  ETA 2361s
[2026-08-04 11:14:57] [data] [████████░░░░░░░░░░░░]  41.0% frames 3306000/8069056 ep 52/56  2018 frames/s  ETA 2360s
[2026-08-04 11:14:58] [data] [████████░░░░░░░░░░░░]  41.0% frames 3308000/8069056 ep 52/56  2018 frames/s  ETA 2359s
[2026-08-04 11:14:59] [data] [████████░░░░░░░░░░░░]  41.0% frames 3310000/8069056 ep 52/56  2018 frames/s  ETA 2358s
[2026-08-04 11:15:00] [data] [████████░░░░░░░░░░░░]  41.0% frames 3312000/8069056 ep 52/56  2018 frames/s  ETA 2357s
[2026-08-04 11:15:01] [data] [████████░░░░░░░░░░░░]  41.1% frames 3314000/8069056 ep 52/56  2018 frames/s  ETA 2356s
[2026-08-04 11:15:02] [data] [████████░░░░░░░░░░░░]  41.1% frames 3316000/8069056 ep 52/56  2018 frames/s  ETA 2355s
[2026-08-04 11:15:03] [data] [████████░░░░░░░░░░░░]  41.1% frames 3318000/8069056 ep 52/56  2018 frames/s  ETA 2354s
[2026-08-04 11:15:04] [data] [████████░░░░░░░░░░░░]  41.1% frames 3320000/8069056 ep 52/56  2018 frames/s  ETA 2353s
[2026-08-04 11:15:05] [data] [████████░░░░░░░░░░░░]  41.2% frames 3322000/8069056 ep 52/56  2018 frames/s  ETA 2352s
[2026-08-04 11:15:06] [data] [████████░░░░░░░░░░░░]  41.2% frames 3324000/8069056 ep 52/56  2018 frames/s  ETA 2351s
[2026-08-04 11:15:07] [data] [████████░░░░░░░░░░░░]  41.2% frames 3326000/8069056 ep 52/56  2018 frames/s  ETA 2350s
[2026-08-04 11:15:08] [data] [████████░░░░░░░░░░░░]  41.2% frames 3328000/8069056 ep 52/56  2018 frames/s  ETA 2349s
[2026-08-04 11:15:09] [data] [████████░░░░░░░░░░░░]  41.3% frames 3330000/8069056 ep 52/56  2018 frames/s  ETA 2348s
[2026-08-04 11:15:10] [data] [████████░░░░░░░░░░░░]  41.3% frames 3332000/8069056 ep 52/56  2018 frames/s  ETA 2347s
[2026-08-04 11:15:11] [data] [████████░░░░░░░░░░░░]  41.3% frames 3334000/8069056 ep 52/56  2018 frames/s  ETA 2346s
[2026-08-04 11:15:11] [data] [████████░░░░░░░░░░░░]  41.3% frames 3336000/8069056 ep 52/56  2018 frames/s  ETA 2345s
[2026-08-04 11:15:12] [data] [████████░░░░░░░░░░░░]  41.4% frames 3338000/8069056 ep 52/56  2019 frames/s  ETA 2344s
[2026-08-04 11:15:13] [data] [████████░░░░░░░░░░░░]  41.4% frames 3340000/8069056 ep 52/56  2018 frames/s  ETA 2343s
[2026-08-04 11:15:14] [data] [████████░░░░░░░░░░░░]  41.4% frames 3342000/8069056 ep 52/56  2018 frames/s  ETA 2342s
[2026-08-04 11:15:15] [data] [████████░░░░░░░░░░░░]  41.4% frames 3344000/8069056 ep 52/56  2018 frames/s  ETA 2341s
[2026-08-04 11:15:16] [data] [████████░░░░░░░░░░░░]  41.5% frames 3346000/8069056 ep 52/56  2018 frames/s  ETA 2340s
[2026-08-04 11:15:17] [data] [████████░░░░░░░░░░░░]  41.5% frames 3348000/8069056 ep 52/56  2018 frames/s  ETA 2339s
[2026-08-04 11:15:18] [data] [████████░░░░░░░░░░░░]  41.5% frames 3350000/8069056 ep 52/56  2019 frames/s  ETA 2338s
[2026-08-04 11:15:19] [data] [████████░░░░░░░░░░░░]  41.5% frames 3352000/8069056 ep 52/56  2019 frames/s  ETA 2337s
[2026-08-04 11:15:20] [data] [████████░░░░░░░░░░░░]  41.6% frames 3354000/8069056 ep 52/56  2019 frames/s  ETA 2336s
[2026-08-04 11:15:21] [data] [████████░░░░░░░░░░░░]  41.6% frames 3356000/8069056 ep 52/56  2019 frames/s  ETA 2335s
[2026-08-04 11:15:22] [data] [████████░░░░░░░░░░░░]  41.6% frames 3358000/8069056 ep 52/56  2019 frames/s  ETA 2334s
[2026-08-04 11:15:23] [data] [████████░░░░░░░░░░░░]  41.6% frames 3360000/8069056 ep 52/56  2019 frames/s  ETA 2333s
[2026-08-04 11:15:24] [data] [████████░░░░░░░░░░░░]  41.7% frames 3362000/8069056 ep 52/56  2019 frames/s  ETA 2332s
[2026-08-04 11:15:25] [data] [████████░░░░░░░░░░░░]  41.7% frames 3364000/8069056 ep 52/56  2019 frames/s  ETA 2331s
[2026-08-04 11:15:26] [data] [████████░░░░░░░░░░░░]  41.7% frames 3366000/8069056 ep 52/56  2019 frames/s  ETA 2330s
[2026-08-04 11:15:27] [data] [████████░░░░░░░░░░░░]  41.7% frames 3368000/8069056 ep 52/56  2019 frames/s  ETA 2329s
[2026-08-04 11:15:28] [data] [████████░░░░░░░░░░░░]  41.8% frames 3370000/8069056 ep 52/56  2019 frames/s  ETA 2328s
[2026-08-04 11:15:29] [data] [████████░░░░░░░░░░░░]  41.8% frames 3372000/8069056 ep 52/56  2019 frames/s  ETA 2327s
[2026-08-04 11:15:30] [data] [████████░░░░░░░░░░░░]  41.8% frames 3374000/8069056 ep 52/56  2019 frames/s  ETA 2326s
[2026-08-04 11:15:31] [data] [████████░░░░░░░░░░░░]  41.8% frames 3376000/8069056 ep 52/56  2019 frames/s  ETA 2325s
[2026-08-04 11:15:32] [data] [████████░░░░░░░░░░░░]  41.9% frames 3378000/8069056 ep 52/56  2019 frames/s  ETA 2324s
[2026-08-04 11:15:33] [data] [████████░░░░░░░░░░░░]  41.9% frames 3380000/8069056 ep 52/56  2019 frames/s  ETA 2323s
[2026-08-04 11:15:34] [data] [████████░░░░░░░░░░░░]  41.9% frames 3382000/8069056 ep 52/56  2019 frames/s  ETA 2322s
[2026-08-04 11:15:35] [data] [████████░░░░░░░░░░░░]  41.9% frames 3384000/8069056 ep 52/56  2019 frames/s  ETA 2321s
[2026-08-04 11:15:36] [data] [████████░░░░░░░░░░░░]  42.0% frames 3386000/8069056 ep 52/56  2019 frames/s  ETA 2320s
[2026-08-04 11:15:37] [data] [████████░░░░░░░░░░░░]  42.0% frames 3388000/8069056 ep 52/56  2019 frames/s  ETA 2318s
[2026-08-04 11:15:38] [data] [████████░░░░░░░░░░░░]  42.0% frames 3390000/8069056 ep 52/56  2019 frames/s  ETA 2317s
[2026-08-04 11:15:39] [data] [████████░░░░░░░░░░░░]  42.0% frames 3392000/8069056 ep 52/56  2019 frames/s  ETA 2316s
[2026-08-04 11:15:40] [data] [████████░░░░░░░░░░░░]  42.1% frames 3394000/8069056 ep 52/56  2019 frames/s  ETA 2316s
[2026-08-04 11:15:41] [data] [████████░░░░░░░░░░░░]  42.1% frames 3396000/8069056 ep 52/56  2019 frames/s  ETA 2315s
[2026-08-04 11:15:42] [data] [████████░░░░░░░░░░░░]  42.1% frames 3398000/8069056 ep 52/56  2019 frames/s  ETA 2314s
[2026-08-04 11:15:43] [data] [████████░░░░░░░░░░░░]  42.1% frames 3400000/8069056 ep 52/56  2019 frames/s  ETA 2312s
[2026-08-04 11:15:44] [data] [████████░░░░░░░░░░░░]  42.2% frames 3402000/8069056 ep 52/56  2019 frames/s  ETA 2311s
[2026-08-04 11:15:45] [data] [████████░░░░░░░░░░░░]  42.2% frames 3404000/8069056 ep 52/56  2019 frames/s  ETA 2310s
[2026-08-04 11:15:46] [data] [████████░░░░░░░░░░░░]  42.2% frames 3406000/8069056 ep 52/56  2019 frames/s  ETA 2309s
[2026-08-04 11:15:47] [data] [████████░░░░░░░░░░░░]  42.2% frames 3408000/8069056 ep 52/56  2019 frames/s  ETA 2308s
[2026-08-04 11:15:48] [data] [████████░░░░░░░░░░░░]  42.3% frames 3410000/8069056 ep 52/56  2019 frames/s  ETA 2307s
[2026-08-04 11:15:48] [data] [████████░░░░░░░░░░░░]  42.3% frames 3412000/8069056 ep 52/56  2019 frames/s  ETA 2306s
[2026-08-04 11:15:49] [data] [████████░░░░░░░░░░░░]  42.3% frames 3414000/8069056 ep 52/56  2019 frames/s  ETA 2305s
[2026-08-04 11:15:50] [data] [████████░░░░░░░░░░░░]  42.3% frames 3416000/8069056 ep 52/56  2019 frames/s  ETA 2304s
[2026-08-04 11:15:51] [data] [████████░░░░░░░░░░░░]  42.4% frames 3418000/8069056 ep 52/56  2019 frames/s  ETA 2303s
[2026-08-04 11:15:52] [data] [████████░░░░░░░░░░░░]  42.4% frames 3420000/8069056 ep 52/56  2019 frames/s  ETA 2302s
[2026-08-04 11:15:53] [data] [████████░░░░░░░░░░░░]  42.4% frames 3422000/8069056 ep 52/56  2019 frames/s  ETA 2301s
[2026-08-04 11:15:54] [data] [████████░░░░░░░░░░░░]  42.4% frames 3424000/8069056 ep 52/56  2020 frames/s  ETA 2300s
[2026-08-04 11:15:55] [data] [████████░░░░░░░░░░░░]  42.5% frames 3426000/8069056 ep 52/56  2020 frames/s  ETA 2299s
[2026-08-04 11:15:56] [data] [████████░░░░░░░░░░░░]  42.5% frames 3428000/8069056 ep 52/56  2020 frames/s  ETA 2298s
[2026-08-04 11:15:57] [data] [████████░░░░░░░░░░░░]  42.5% frames 3430000/8069056 ep 52/56  2020 frames/s  ETA 2297s
[2026-08-04 11:15:58] [data] [████████░░░░░░░░░░░░]  42.5% frames 3432000/8069056 ep 52/56  2020 frames/s  ETA 2296s
[2026-08-04 11:15:59] [data] [████████░░░░░░░░░░░░]  42.6% frames 3434000/8069056 ep 52/56  2020 frames/s  ETA 2295s
[2026-08-04 11:16:00] [data] [████████░░░░░░░░░░░░]  42.6% frames 3436000/8069056 ep 52/56  2020 frames/s  ETA 2294s
[2026-08-04 11:16:01] [data] [████████░░░░░░░░░░░░]  42.6% frames 3438000/8069056 ep 52/56  2020 frames/s  ETA 2293s
[2026-08-04 11:16:02] [data] [████████░░░░░░░░░░░░]  42.6% frames 3440000/8069056 ep 52/56  2020 frames/s  ETA 2292s
[2026-08-04 11:16:03] [data] [████████░░░░░░░░░░░░]  42.7% frames 3442000/8069056 ep 52/56  2020 frames/s  ETA 2291s
[2026-08-04 11:16:04] [data] [████████░░░░░░░░░░░░]  42.7% frames 3444000/8069056 ep 52/56  2020 frames/s  ETA 2290s
[2026-08-04 11:16:05] [data] [████████░░░░░░░░░░░░]  42.7% frames 3446000/8069056 ep 52/56  2020 frames/s  ETA 2289s
[2026-08-04 11:16:06] [data] [████████░░░░░░░░░░░░]  42.7% frames 3448000/8069056 ep 52/56  2020 frames/s  ETA 2288s
[2026-08-04 11:16:07] [data] [████████░░░░░░░░░░░░]  42.8% frames 3450000/8069056 ep 52/56  2020 frames/s  ETA 2287s
[2026-08-04 11:16:08] [data] [████████░░░░░░░░░░░░]  42.8% frames 3452000/8069056 ep 52/56  2020 frames/s  ETA 2286s
[2026-08-04 11:16:09] [data] [████████░░░░░░░░░░░░]  42.8% frames 3454000/8069056 ep 52/56  2020 frames/s  ETA 2285s
[2026-08-04 11:16:10] [data] [████████░░░░░░░░░░░░]  42.8% frames 3456000/8069056 ep 52/56  2020 frames/s  ETA 2284s
[2026-08-04 11:16:11] [data] [████████░░░░░░░░░░░░]  42.9% frames 3458000/8069056 ep 52/56  2020 frames/s  ETA 2283s
[2026-08-04 11:16:12] [data] [████████░░░░░░░░░░░░]  42.9% frames 3460000/8069056 ep 52/56  2020 frames/s  ETA 2282s
[2026-08-04 11:16:13] [data] [████████░░░░░░░░░░░░]  42.9% frames 3462000/8069056 ep 52/56  2020 frames/s  ETA 2281s
[2026-08-04 11:16:14] [data] [████████░░░░░░░░░░░░]  42.9% frames 3464000/8069056 ep 52/56  2020 frames/s  ETA 2280s
[2026-08-04 11:16:15] [data] [████████░░░░░░░░░░░░]  43.0% frames 3466000/8069056 ep 52/56  2020 frames/s  ETA 2279s
[2026-08-04 11:16:16] [data] [████████░░░░░░░░░░░░]  43.0% frames 3468000/8069056 ep 52/56  2020 frames/s  ETA 2278s
[2026-08-04 11:16:17] [data] [████████░░░░░░░░░░░░]  43.0% frames 3470000/8069056 ep 52/56  2020 frames/s  ETA 2277s
[2026-08-04 11:16:18] [data] [████████░░░░░░░░░░░░]  43.0% frames 3472000/8069056 ep 52/56  2020 frames/s  ETA 2276s
[2026-08-04 11:16:19] [data] [████████░░░░░░░░░░░░]  43.1% frames 3474000/8069056 ep 52/56  2020 frames/s  ETA 2275s
[2026-08-04 11:16:20] [data] [████████░░░░░░░░░░░░]  43.1% frames 3476000/8069056 ep 52/56  2020 frames/s  ETA 2274s
[2026-08-04 11:16:20] [data] [████████░░░░░░░░░░░░]  43.1% frames 3478000/8069056 ep 52/56  2020 frames/s  ETA 2273s
[2026-08-04 11:16:21] [data] [████████░░░░░░░░░░░░]  43.1% frames 3480000/8069056 ep 52/56  2020 frames/s  ETA 2272s
[2026-08-04 11:16:23] [data] [████████░░░░░░░░░░░░]  43.2% frames 3482000/8069056 ep 52/56  2020 frames/s  ETA 2271s
[2026-08-04 11:16:24] [data] [████████░░░░░░░░░░░░]  43.2% frames 3484000/8069056 ep 52/56  2020 frames/s  ETA 2270s
[2026-08-04 11:16:25] [data] [████████░░░░░░░░░░░░]  43.2% frames 3486000/8069056 ep 52/56  2020 frames/s  ETA 2269s
[2026-08-04 11:16:26] [data] [████████░░░░░░░░░░░░]  43.2% frames 3488000/8069056 ep 52/56  2020 frames/s  ETA 2268s
[2026-08-04 11:16:26] [data] [████████░░░░░░░░░░░░]  43.3% frames 3490000/8069056 ep 52/56  2020 frames/s  ETA 2267s
[2026-08-04 11:16:27] [data] [████████░░░░░░░░░░░░]  43.3% frames 3492000/8069056 ep 52/56  2020 frames/s  ETA 2266s
[2026-08-04 11:16:28] [data] [████████░░░░░░░░░░░░]  43.3% frames 3494000/8069056 ep 52/56  2020 frames/s  ETA 2265s
[2026-08-04 11:16:29] [data] [████████░░░░░░░░░░░░]  43.3% frames 3496000/8069056 ep 52/56  2020 frames/s  ETA 2264s
[2026-08-04 11:16:30] [data] [████████░░░░░░░░░░░░]  43.4% frames 3498000/8069056 ep 52/56  2020 frames/s  ETA 2263s
[2026-08-04 11:16:31] [data] [████████░░░░░░░░░░░░]  43.4% frames 3500000/8069056 ep 52/56  2020 frames/s  ETA 2262s
[2026-08-04 11:16:32] [data] [████████░░░░░░░░░░░░]  43.4% frames 3502000/8069056 ep 52/56  2020 frames/s  ETA 2261s
[2026-08-04 11:16:33] [data] [████████░░░░░░░░░░░░]  43.4% frames 3504000/8069056 ep 52/56  2020 frames/s  ETA 2260s
[2026-08-04 11:16:34] [data] [████████░░░░░░░░░░░░]  43.4% frames 3506000/8069056 ep 52/56  2020 frames/s  ETA 2259s
[2026-08-04 11:16:35] [data] [████████░░░░░░░░░░░░]  43.5% frames 3508000/8069056 ep 52/56  2020 frames/s  ETA 2258s
[2026-08-04 11:16:36] [data] [████████░░░░░░░░░░░░]  43.5% frames 3510000/8069056 ep 52/56  2020 frames/s  ETA 2257s
[2026-08-04 11:16:37] [data] [████████░░░░░░░░░░░░]  43.5% frames 3512000/8069056 ep 52/56  2020 frames/s  ETA 2256s
[2026-08-04 11:16:38] [data] [████████░░░░░░░░░░░░]  43.5% frames 3514000/8069056 ep 52/56  2020 frames/s  ETA 2255s
[2026-08-04 11:16:39] [data] [████████░░░░░░░░░░░░]  43.6% frames 3516000/8069056 ep 52/56  2020 frames/s  ETA 2254s
[2026-08-04 11:16:40] [data] [████████░░░░░░░░░░░░]  43.6% frames 3518000/8069056 ep 52/56  2020 frames/s  ETA 2253s
[2026-08-04 11:16:41] [data] [████████░░░░░░░░░░░░]  43.6% frames 3520000/8069056 ep 52/56  2020 frames/s  ETA 2252s
[2026-08-04 11:16:42] [data] [████████░░░░░░░░░░░░]  43.6% frames 3522000/8069056 ep 52/56  2020 frames/s  ETA 2251s
[2026-08-04 11:16:43] [data] [████████░░░░░░░░░░░░]  43.7% frames 3524000/8069056 ep 52/56  2020 frames/s  ETA 2250s
[2026-08-04 11:16:44] [data] [████████░░░░░░░░░░░░]  43.7% frames 3526000/8069056 ep 52/56  2020 frames/s  ETA 2249s
[2026-08-04 11:16:45] [data] [████████░░░░░░░░░░░░]  43.7% frames 3528000/8069056 ep 52/56  2020 frames/s  ETA 2248s
[2026-08-04 11:16:46] [data] [████████░░░░░░░░░░░░]  43.7% frames 3530000/8069056 ep 52/56  2020 frames/s  ETA 2247s
[2026-08-04 11:16:47] [data] [████████░░░░░░░░░░░░]  43.8% frames 3532000/8069056 ep 52/56  2021 frames/s  ETA 2246s
[2026-08-04 11:16:48] [data] [████████░░░░░░░░░░░░]  43.8% frames 3534000/8069056 ep 52/56  2021 frames/s  ETA 2244s
[2026-08-04 11:16:49] [data] [████████░░░░░░░░░░░░]  43.8% frames 3536000/8069056 ep 52/56  2021 frames/s  ETA 2243s
[2026-08-04 11:16:50] [data] [████████░░░░░░░░░░░░]  43.8% frames 3538000/8069056 ep 52/56  2021 frames/s  ETA 2242s
[2026-08-04 11:16:51] [data] [████████░░░░░░░░░░░░]  43.9% frames 3540000/8069056 ep 52/56  2021 frames/s  ETA 2241s
[2026-08-04 11:16:52] [data] [████████░░░░░░░░░░░░]  43.9% frames 3542000/8069056 ep 52/56  2021 frames/s  ETA 2240s
[2026-08-04 11:16:53] [data] [████████░░░░░░░░░░░░]  43.9% frames 3544000/8069056 ep 52/56  2021 frames/s  ETA 2239s
[2026-08-04 11:16:54] [data] [████████░░░░░░░░░░░░]  43.9% frames 3546000/8069056 ep 52/56  2021 frames/s  ETA 2238s
[2026-08-04 11:16:55] [data] [████████░░░░░░░░░░░░]  44.0% frames 3548000/8069056 ep 52/56  2021 frames/s  ETA 2237s
[2026-08-04 11:16:56] [data] [████████░░░░░░░░░░░░]  44.0% frames 3550000/8069056 ep 52/56  2021 frames/s  ETA 2236s
[2026-08-04 11:16:56] [data] [████████░░░░░░░░░░░░]  44.0% frames 3552000/8069056 ep 52/56  2021 frames/s  ETA 2235s
[2026-08-04 11:16:57] [data] [████████░░░░░░░░░░░░]  44.0% frames 3554000/8069056 ep 52/56  2021 frames/s  ETA 2234s
[2026-08-04 11:16:58] [data] [████████░░░░░░░░░░░░]  44.1% frames 3556000/8069056 ep 52/56  2021 frames/s  ETA 2233s
[2026-08-04 11:16:59] [data] [████████░░░░░░░░░░░░]  44.1% frames 3558000/8069056 ep 52/56  2021 frames/s  ETA 2232s
[2026-08-04 11:17:00] [data] [████████░░░░░░░░░░░░]  44.1% frames 3560000/8069056 ep 52/56  2021 frames/s  ETA 2231s
[2026-08-04 11:17:01] [data] [████████░░░░░░░░░░░░]  44.1% frames 3562000/8069056 ep 52/56  2021 frames/s  ETA 2230s
[2026-08-04 11:17:02] [data] [████████░░░░░░░░░░░░]  44.2% frames 3564000/8069056 ep 52/56  2021 frames/s  ETA 2229s
[2026-08-04 11:17:03] [data] [████████░░░░░░░░░░░░]  44.2% frames 3566000/8069056 ep 52/56  2021 frames/s  ETA 2228s
[2026-08-04 11:17:04] [data] [████████░░░░░░░░░░░░]  44.2% frames 3568000/8069056 ep 52/56  2021 frames/s  ETA 2227s
[2026-08-04 11:17:05] [data] [████████░░░░░░░░░░░░]  44.2% frames 3570000/8069056 ep 52/56  2021 frames/s  ETA 2226s
[2026-08-04 11:17:06] [data] [████████░░░░░░░░░░░░]  44.3% frames 3572000/8069056 ep 52/56  2021 frames/s  ETA 2225s
[2026-08-04 11:17:07] [data] [████████░░░░░░░░░░░░]  44.3% frames 3574000/8069056 ep 52/56  2021 frames/s  ETA 2224s
[2026-08-04 11:17:08] [data] [████████░░░░░░░░░░░░]  44.3% frames 3576000/8069056 ep 52/56  2021 frames/s  ETA 2223s
[2026-08-04 11:17:09] [data] [████████░░░░░░░░░░░░]  44.3% frames 3578000/8069056 ep 52/56  2021 frames/s  ETA 2222s
[2026-08-04 11:17:10] [data] [████████░░░░░░░░░░░░]  44.4% frames 3580000/8069056 ep 52/56  2021 frames/s  ETA 2221s
[2026-08-04 11:17:11] [data] [████████░░░░░░░░░░░░]  44.4% frames 3582000/8069056 ep 52/56  2021 frames/s  ETA 2220s
[2026-08-04 11:17:12] [data] [████████░░░░░░░░░░░░]  44.4% frames 3584000/8069056 ep 52/56  2021 frames/s  ETA 2219s
[2026-08-04 11:17:13] [data] [████████░░░░░░░░░░░░]  44.4% frames 3586000/8069056 ep 52/56  2021 frames/s  ETA 2218s
[2026-08-04 11:17:14] [data] [████████░░░░░░░░░░░░]  44.5% frames 3588000/8069056 ep 52/56  2021 frames/s  ETA 2217s
[2026-08-04 11:17:15] [data] [████████░░░░░░░░░░░░]  44.5% frames 3590000/8069056 ep 52/56  2021 frames/s  ETA 2216s
[2026-08-04 11:17:16] [data] [████████░░░░░░░░░░░░]  44.5% frames 3592000/8069056 ep 52/56  2021 frames/s  ETA 2215s
[2026-08-04 11:17:17] [data] [████████░░░░░░░░░░░░]  44.5% frames 3594000/8069056 ep 52/56  2021 frames/s  ETA 2214s
[2026-08-04 11:17:18] [data] [████████░░░░░░░░░░░░]  44.6% frames 3596000/8069056 ep 52/56  2021 frames/s  ETA 2213s
[2026-08-04 11:17:19] [data] [████████░░░░░░░░░░░░]  44.6% frames 3598000/8069056 ep 52/56  2021 frames/s  ETA 2212s
[2026-08-04 11:17:20] [data] [████████░░░░░░░░░░░░]  44.6% frames 3600000/8069056 ep 52/56  2021 frames/s  ETA 2211s
[2026-08-04 11:17:21] [data] [████████░░░░░░░░░░░░]  44.6% frames 3602000/8069056 ep 52/56  2021 frames/s  ETA 2210s
[2026-08-04 11:17:22] [data] [████████░░░░░░░░░░░░]  44.7% frames 3604000/8069056 ep 52/56  2021 frames/s  ETA 2210s
[2026-08-04 11:17:23] [data] [████████░░░░░░░░░░░░]  44.7% frames 3606000/8069056 ep 52/56  2021 frames/s  ETA 2209s
[2026-08-04 11:17:24] [data] [████████░░░░░░░░░░░░]  44.7% frames 3608000/8069056 ep 52/56  2021 frames/s  ETA 2208s
[2026-08-04 11:17:25] [data] [████████░░░░░░░░░░░░]  44.7% frames 3610000/8069056 ep 52/56  2021 frames/s  ETA 2207s
[2026-08-04 11:17:26] [data] [████████░░░░░░░░░░░░]  44.8% frames 3612000/8069056 ep 52/56  2021 frames/s  ETA 2206s
[2026-08-04 11:17:27] [data] [████████░░░░░░░░░░░░]  44.8% frames 3614000/8069056 ep 52/56  2021 frames/s  ETA 2205s
[2026-08-04 11:17:28] [data] [████████░░░░░░░░░░░░]  44.8% frames 3616000/8069056 ep 52/56  2020 frames/s  ETA 2204s
[2026-08-04 11:17:30] [data] [████████░░░░░░░░░░░░]  44.8% frames 3618000/8069056 ep 52/56  2020 frames/s  ETA 2203s
[2026-08-04 11:17:31] [data] [████████░░░░░░░░░░░░]  44.9% frames 3620000/8069056 ep 52/56  2020 frames/s  ETA 2203s
[2026-08-04 11:17:32] [data] [████████░░░░░░░░░░░░]  44.9% frames 3622000/8069056 ep 52/56  2020 frames/s  ETA 2202s
[2026-08-04 11:17:33] [data] [████████░░░░░░░░░░░░]  44.9% frames 3624000/8069056 ep 52/56  2020 frames/s  ETA 2201s
[2026-08-04 11:17:34] [data] [████████░░░░░░░░░░░░]  44.9% frames 3626000/8069056 ep 52/56  2019 frames/s  ETA 2200s
[2026-08-04 11:17:35] [data] [████████░░░░░░░░░░░░]  45.0% frames 3628000/8069056 ep 52/56  2019 frames/s  ETA 2199s
[2026-08-04 11:17:36] [data] [████████░░░░░░░░░░░░]  45.0% frames 3630000/8069056 ep 52/56  2019 frames/s  ETA 2198s
[2026-08-04 11:17:37] [data] [█████████░░░░░░░░░░░]  45.0% frames 3632000/8069056 ep 52/56  2019 frames/s  ETA 2197s
[2026-08-04 11:17:38] [data] [█████████░░░░░░░░░░░]  45.0% frames 3634000/8069056 ep 52/56  2019 frames/s  ETA 2196s
[2026-08-04 11:17:39] [data] [█████████░░░░░░░░░░░]  45.1% frames 3636000/8069056 ep 52/56  2019 frames/s  ETA 2195s
[2026-08-04 11:17:40] [data] [█████████░░░░░░░░░░░]  45.1% frames 3638000/8069056 ep 52/56  2019 frames/s  ETA 2194s
[2026-08-04 11:17:41] [data] [█████████░░░░░░░░░░░]  45.1% frames 3640000/8069056 ep 52/56  2019 frames/s  ETA 2193s
[2026-08-04 11:17:42] [data] [█████████░░░░░░░░░░░]  45.1% frames 3642000/8069056 ep 52/56  2019 frames/s  ETA 2192s
[2026-08-04 11:17:43] [data] [█████████░░░░░░░░░░░]  45.2% frames 3644000/8069056 ep 52/56  2019 frames/s  ETA 2191s
[2026-08-04 11:17:44] [data] [█████████░░░░░░░░░░░]  45.2% frames 3646000/8069056 ep 52/56  2019 frames/s  ETA 2190s
[2026-08-04 11:17:45] [data] [█████████░░░░░░░░░░░]  45.2% frames 3648000/8069056 ep 52/56  2019 frames/s  ETA 2189s
[2026-08-04 11:17:46] [data] [█████████░░░░░░░░░░░]  45.2% frames 3650000/8069056 ep 52/56  2019 frames/s  ETA 2188s
[2026-08-04 11:17:47] [data] [█████████░░░░░░░░░░░]  45.3% frames 3652000/8069056 ep 52/56  2019 frames/s  ETA 2188s
[2026-08-04 11:17:48] [data] [█████████░░░░░░░░░░░]  45.3% frames 3654000/8069056 ep 52/56  2019 frames/s  ETA 2187s
[2026-08-04 11:17:49] [data] [█████████░░░░░░░░░░░]  45.3% frames 3656000/8069056 ep 52/56  2019 frames/s  ETA 2186s
[2026-08-04 11:17:50] [data] [█████████░░░░░░░░░░░]  45.3% frames 3658000/8069056 ep 52/56  2019 frames/s  ETA 2185s
[2026-08-04 11:17:51] [data] [█████████░░░░░░░░░░░]  45.4% frames 3660000/8069056 ep 52/56  2019 frames/s  ETA 2184s
[2026-08-04 11:17:53] [data] [█████████░░░░░░░░░░░]  45.4% frames 3662000/8069056 ep 52/56  2019 frames/s  ETA 2183s
[2026-08-04 11:17:54] [data] [█████████░░░░░░░░░░░]  45.4% frames 3664000/8069056 ep 52/56  2019 frames/s  ETA 2182s
[2026-08-04 11:17:55] [data] [█████████░░░░░░░░░░░]  45.4% frames 3666000/8069056 ep 52/56  2019 frames/s  ETA 2181s
[2026-08-04 11:17:56] [data] [█████████░░░░░░░░░░░]  45.5% frames 3668000/8069056 ep 52/56  2019 frames/s  ETA 2180s
[2026-08-04 11:17:57] [data] [█████████░░░░░░░░░░░]  45.5% frames 3670000/8069056 ep 52/56  2019 frames/s  ETA 2179s
[2026-08-04 11:17:58] [data] [█████████░░░░░░░░░░░]  45.5% frames 3672000/8069056 ep 52/56  2019 frames/s  ETA 2178s
[2026-08-04 11:17:59] [data] [█████████░░░░░░░░░░░]  45.5% frames 3674000/8069056 ep 52/56  2019 frames/s  ETA 2177s
[2026-08-04 11:17:59] [data] [█████████░░░░░░░░░░░]  45.6% frames 3676000/8069056 ep 52/56  2019 frames/s  ETA 2176s
[2026-08-04 11:18:01] [data] [█████████░░░░░░░░░░░]  45.6% frames 3678000/8069056 ep 52/56  2019 frames/s  ETA 2175s
[2026-08-04 11:18:02] [data] [█████████░░░░░░░░░░░]  45.6% frames 3680000/8069056 ep 52/56  2019 frames/s  ETA 2174s
[2026-08-04 11:18:03] [data] [█████████░░░░░░░░░░░]  45.6% frames 3682000/8069056 ep 52/56  2019 frames/s  ETA 2173s
[2026-08-04 11:18:04] [data] [█████████░░░░░░░░░░░]  45.7% frames 3684000/8069056 ep 52/56  2019 frames/s  ETA 2172s
[2026-08-04 11:18:04] [data] [█████████░░░░░░░░░░░]  45.7% frames 3686000/8069056 ep 52/56  2019 frames/s  ETA 2171s
[2026-08-04 11:18:06] [data] [█████████░░░░░░░░░░░]  45.7% frames 3688000/8069056 ep 52/56  2019 frames/s  ETA 2170s
[2026-08-04 11:18:07] [data] [█████████░░░░░░░░░░░]  45.7% frames 3690000/8069056 ep 52/56  2019 frames/s  ETA 2169s
[2026-08-04 11:18:08] [data] [█████████░░░░░░░░░░░]  45.8% frames 3692000/8069056 ep 52/56  2019 frames/s  ETA 2168s
[2026-08-04 11:18:09] [data] [█████████░░░░░░░░░░░]  45.8% frames 3694000/8069056 ep 52/56  2019 frames/s  ETA 2167s
[2026-08-04 11:18:10] [data] [█████████░░░░░░░░░░░]  45.8% frames 3696000/8069056 ep 52/56  2019 frames/s  ETA 2166s
[2026-08-04 11:18:11] [data] [█████████░░░░░░░░░░░]  45.8% frames 3698000/8069056 ep 52/56  2019 frames/s  ETA 2165s
[2026-08-04 11:18:12] [data] [█████████░░░░░░░░░░░]  45.9% frames 3700000/8069056 ep 52/56  2019 frames/s  ETA 2164s
[2026-08-04 11:18:13] [data] [█████████░░░░░░░░░░░]  45.9% frames 3702000/8069056 ep 52/56  2019 frames/s  ETA 2163s
[2026-08-04 11:18:14] [data] [█████████░░░░░░░░░░░]  45.9% frames 3704000/8069056 ep 52/56  2018 frames/s  ETA 2163s
[2026-08-04 11:18:15] [data] [█████████░░░░░░░░░░░]  45.9% frames 3706000/8069056 ep 52/56  2018 frames/s  ETA 2162s
[2026-08-04 11:18:16] [data] [█████████░░░░░░░░░░░]  46.0% frames 3708000/8069056 ep 52/56  2018 frames/s  ETA 2161s
[2026-08-04 11:18:17] [data] [█████████░░░░░░░░░░░]  46.0% frames 3710000/8069056 ep 52/56  2018 frames/s  ETA 2160s
[2026-08-04 11:18:18] [data] [█████████░░░░░░░░░░░]  46.0% frames 3712000/8069056 ep 52/56  2018 frames/s  ETA 2159s
[2026-08-04 11:18:19] [data] [█████████░░░░░░░░░░░]  46.0% frames 3714000/8069056 ep 52/56  2019 frames/s  ETA 2158s
[2026-08-04 11:18:20] [data] [█████████░░░░░░░░░░░]  46.1% frames 3716000/8069056 ep 52/56  2018 frames/s  ETA 2157s
[2026-08-04 11:18:21] [data] [█████████░░░░░░░░░░░]  46.1% frames 3718000/8069056 ep 52/56  2018 frames/s  ETA 2156s
[2026-08-04 11:18:22] [data] [█████████░░░░░░░░░░░]  46.1% frames 3720000/8069056 ep 52/56  2018 frames/s  ETA 2155s
[2026-08-04 11:18:23] [data] [█████████░░░░░░░░░░░]  46.1% frames 3722000/8069056 ep 52/56  2018 frames/s  ETA 2154s
[2026-08-04 11:18:24] [data] [█████████░░░░░░░░░░░]  46.2% frames 3724000/8069056 ep 52/56  2018 frames/s  ETA 2153s
[2026-08-04 11:18:25] [data] [█████████░░░░░░░░░░░]  46.2% frames 3726000/8069056 ep 52/56  2018 frames/s  ETA 2152s
[2026-08-04 11:18:27] [data] [█████████░░░░░░░░░░░]  46.2% frames 3728000/8069056 ep 52/56  2018 frames/s  ETA 2152s
[2026-08-04 11:18:28] [data] [█████████░░░░░░░░░░░]  46.2% frames 3730000/8069056 ep 52/56  2017 frames/s  ETA 2151s
[2026-08-04 11:18:29] [data] [█████████░░░░░░░░░░░]  46.3% frames 3732000/8069056 ep 52/56  2017 frames/s  ETA 2150s
[2026-08-04 11:18:30] [data] [█████████░░░░░░░░░░░]  46.3% frames 3734000/8069056 ep 52/56  2017 frames/s  ETA 2150s
[2026-08-04 11:18:31] [data] [█████████░░░░░░░░░░░]  46.3% frames 3736000/8069056 ep 52/56  2017 frames/s  ETA 2149s
[2026-08-04 11:18:32] [data] [█████████░░░░░░░░░░░]  46.3% frames 3738000/8069056 ep 52/56  2017 frames/s  ETA 2148s
[2026-08-04 11:18:33] [data] [█████████░░░░░░░░░░░]  46.3% frames 3740000/8069056 ep 52/56  2017 frames/s  ETA 2147s
[2026-08-04 11:18:34] [data] [█████████░░░░░░░░░░░]  46.4% frames 3742000/8069056 ep 52/56  2017 frames/s  ETA 2146s
[2026-08-04 11:18:36] [data] [█████████░░░░░░░░░░░]  46.4% frames 3744000/8069056 ep 52/56  2016 frames/s  ETA 2145s
[2026-08-04 11:18:37] [data] [█████████░░░░░░░░░░░]  46.4% frames 3746000/8069056 ep 52/56  2016 frames/s  ETA 2144s
[2026-08-04 11:18:38] [data] [█████████░░░░░░░░░░░]  46.4% frames 3748000/8069056 ep 52/56  2016 frames/s  ETA 2144s
[2026-08-04 11:18:39] [data] [█████████░░░░░░░░░░░]  46.5% frames 3750000/8069056 ep 52/56  2015 frames/s  ETA 2143s
[2026-08-04 11:18:41] [data] [█████████░░░░░░░░░░░]  46.5% frames 3752000/8069056 ep 52/56  2015 frames/s  ETA 2142s
[2026-08-04 11:18:42] [data] [█████████░░░░░░░░░░░]  46.5% frames 3754000/8069056 ep 52/56  2015 frames/s  ETA 2141s
[2026-08-04 11:18:43] [data] [█████████░░░░░░░░░░░]  46.5% frames 3756000/8069056 ep 52/56  2015 frames/s  ETA 2141s
[2026-08-04 11:18:44] [data] [█████████░░░░░░░░░░░]  46.6% frames 3758000/8069056 ep 52/56  2015 frames/s  ETA 2140s
[2026-08-04 11:18:45] [data] [█████████░░░░░░░░░░░]  46.6% frames 3760000/8069056 ep 52/56  2015 frames/s  ETA 2139s
[2026-08-04 11:18:46] [data] [█████████░░░░░░░░░░░]  46.6% frames 3762000/8069056 ep 52/56  2015 frames/s  ETA 2138s
[2026-08-04 11:18:47] [data] [█████████░░░░░░░░░░░]  46.6% frames 3764000/8069056 ep 52/56  2015 frames/s  ETA 2137s
[2026-08-04 11:18:48] [data] [█████████░░░░░░░░░░░]  46.7% frames 3766000/8069056 ep 52/56  2015 frames/s  ETA 2136s
[2026-08-04 11:18:49] [data] [█████████░░░░░░░░░░░]  46.7% frames 3768000/8069056 ep 52/56  2015 frames/s  ETA 2135s
[2026-08-04 11:18:50] [data] [█████████░░░░░░░░░░░]  46.7% frames 3770000/8069056 ep 52/56  2015 frames/s  ETA 2134s
[2026-08-04 11:18:51] [data] [█████████░░░░░░░░░░░]  46.7% frames 3772000/8069056 ep 52/56  2014 frames/s  ETA 2133s
[2026-08-04 11:18:53] [data] [█████████░░░░░░░░░░░]  46.8% frames 3774000/8069056 ep 52/56  2014 frames/s  ETA 2133s
[2026-08-04 11:18:54] [data] [█████████░░░░░░░░░░░]  46.8% frames 3776000/8069056 ep 52/56  2013 frames/s  ETA 2132s
[2026-08-04 11:18:56] [data] [█████████░░░░░░░░░░░]  46.8% frames 3778000/8069056 ep 52/56  2013 frames/s  ETA 2132s
[2026-08-04 11:18:57] [data] [█████████░░░░░░░░░░░]  46.8% frames 3780000/8069056 ep 52/56  2013 frames/s  ETA 2131s
[2026-08-04 11:18:57] [data] [█████████░░░░░░░░░░░]  46.9% frames 3782000/8069056 ep 52/56  2013 frames/s  ETA 2130s
[2026-08-04 11:18:58] [data] [█████████░░░░░░░░░░░]  46.9% frames 3784000/8069056 ep 52/56  2013 frames/s  ETA 2129s
[2026-08-04 11:18:59] [data] [█████████░░░░░░░░░░░]  46.9% frames 3786000/8069056 ep 52/56  2013 frames/s  ETA 2128s
[2026-08-04 11:19:00] [data] [█████████░░░░░░░░░░░]  46.9% frames 3788000/8069056 ep 52/56  2013 frames/s  ETA 2127s
[2026-08-04 11:19:01] [data] [█████████░░░░░░░░░░░]  47.0% frames 3790000/8069056 ep 52/56  2013 frames/s  ETA 2126s
[2026-08-04 11:19:02] [data] [█████████░░░░░░░░░░░]  47.0% frames 3792000/8069056 ep 52/56  2013 frames/s  ETA 2124s
[2026-08-04 11:19:04] [data] [█████████░░░░░░░░░░░]  47.0% frames 3794000/8069056 ep 52/56  2013 frames/s  ETA 2124s
[2026-08-04 11:19:05] [data] [█████████░░░░░░░░░░░]  47.0% frames 3796000/8069056 ep 52/56  2013 frames/s  ETA 2123s
[2026-08-04 11:19:06] [data] [█████████░░░░░░░░░░░]  47.1% frames 3798000/8069056 ep 52/56  2012 frames/s  ETA 2122s
[2026-08-04 11:19:07] [data] [█████████░░░░░░░░░░░]  47.1% frames 3800000/8069056 ep 52/56  2012 frames/s  ETA 2122s
[2026-08-04 11:19:08] [data] [█████████░░░░░░░░░░░]  47.1% frames 3802000/8069056 ep 52/56  2012 frames/s  ETA 2121s
[2026-08-04 11:19:09] [data] [█████████░░░░░░░░░░░]  47.1% frames 3804000/8069056 ep 52/56  2012 frames/s  ETA 2120s
[2026-08-04 11:19:11] [data] [█████████░░░░░░░░░░░]  47.2% frames 3806000/8069056 ep 52/56  2012 frames/s  ETA 2119s
[2026-08-04 11:19:12] [data] [█████████░░░░░░░░░░░]  47.2% frames 3808000/8069056 ep 52/56  2012 frames/s  ETA 2118s
[2026-08-04 11:19:13] [data] [█████████░░░░░░░░░░░]  47.2% frames 3810000/8069056 ep 52/56  2012 frames/s  ETA 2117s
[2026-08-04 11:19:14] [data] [█████████░░░░░░░░░░░]  47.2% frames 3812000/8069056 ep 52/56  2011 frames/s  ETA 2116s
[2026-08-04 11:19:15] [data] [█████████░░░░░░░░░░░]  47.3% frames 3814000/8069056 ep 52/56  2011 frames/s  ETA 2115s
[2026-08-04 11:19:16] [data] [█████████░░░░░░░░░░░]  47.3% frames 3816000/8069056 ep 52/56  2011 frames/s  ETA 2114s
[2026-08-04 11:19:17] [data] [█████████░░░░░░░░░░░]  47.3% frames 3818000/8069056 ep 52/56  2011 frames/s  ETA 2114s
[2026-08-04 11:19:18] [data] [█████████░░░░░░░░░░░]  47.3% frames 3820000/8069056 ep 52/56  2011 frames/s  ETA 2113s
[2026-08-04 11:19:19] [data] [█████████░░░░░░░░░░░]  47.4% frames 3822000/8069056 ep 52/56  2011 frames/s  ETA 2112s
[2026-08-04 11:19:21] [data] [█████████░░░░░░░░░░░]  47.4% frames 3824000/8069056 ep 52/56  2011 frames/s  ETA 2111s
[2026-08-04 11:19:22] [data] [█████████░░░░░░░░░░░]  47.4% frames 3826000/8069056 ep 52/56  2011 frames/s  ETA 2110s
[2026-08-04 11:19:23] [data] [█████████░░░░░░░░░░░]  47.4% frames 3828000/8069056 ep 52/56  2011 frames/s  ETA 2109s
[2026-08-04 11:19:24] [data] [█████████░░░░░░░░░░░]  47.5% frames 3830000/8069056 ep 52/56  2010 frames/s  ETA 2109s
[2026-08-04 11:19:25] [data] [█████████░░░░░░░░░░░]  47.5% frames 3832000/8069056 ep 52/56  2010 frames/s  ETA 2108s
[2026-08-04 11:19:26] [data] [█████████░░░░░░░░░░░]  47.5% frames 3834000/8069056 ep 52/56  2010 frames/s  ETA 2107s
[2026-08-04 11:19:27] [data] [█████████░░░░░░░░░░░]  47.5% frames 3836000/8069056 ep 52/56  2010 frames/s  ETA 2106s
[2026-08-04 11:19:28] [data] [█████████░░░░░░░░░░░]  47.6% frames 3838000/8069056 ep 52/56  2010 frames/s  ETA 2105s
[2026-08-04 11:19:29] [data] [█████████░░░░░░░░░░░]  47.6% frames 3840000/8069056 ep 52/56  2010 frames/s  ETA 2104s
[2026-08-04 11:19:30] [data] [█████████░░░░░░░░░░░]  47.6% frames 3842000/8069056 ep 52/56  2010 frames/s  ETA 2103s
[2026-08-04 11:19:31] [data] [█████████░░░░░░░░░░░]  47.6% frames 3844000/8069056 ep 52/56  2010 frames/s  ETA 2102s
[2026-08-04 11:19:32] [data] [█████████░░░░░░░░░░░]  47.7% frames 3846000/8069056 ep 52/56  2010 frames/s  ETA 2101s
[2026-08-04 11:19:33] [data] [█████████░░░░░░░░░░░]  47.7% frames 3848000/8069056 ep 52/56  2010 frames/s  ETA 2100s
[2026-08-04 11:19:34] [data] [█████████░░░░░░░░░░░]  47.7% frames 3850000/8069056 ep 52/56  2010 frames/s  ETA 2099s
[2026-08-04 11:19:35] [data] [█████████░░░░░░░░░░░]  47.7% frames 3852000/8069056 ep 52/56  2010 frames/s  ETA 2098s
[2026-08-04 11:19:36] [data] [█████████░░░░░░░░░░░]  47.8% frames 3854000/8069056 ep 52/56  2010 frames/s  ETA 2097s
[2026-08-04 11:19:37] [data] [█████████░░░░░░░░░░░]  47.8% frames 3856000/8069056 ep 52/56  2010 frames/s  ETA 2096s
[2026-08-04 11:19:38] [data] [█████████░░░░░░░░░░░]  47.8% frames 3858000/8069056 ep 52/56  2010 frames/s  ETA 2095s
[2026-08-04 11:19:39] [data] [█████████░░░░░░░░░░░]  47.8% frames 3860000/8069056 ep 52/56  2010 frames/s  ETA 2094s
[2026-08-04 11:19:40] [data] [█████████░░░░░░░░░░░]  47.9% frames 3862000/8069056 ep 52/56  2010 frames/s  ETA 2093s
[2026-08-04 11:19:41] [data] [█████████░░░░░░░░░░░]  47.9% frames 3864000/8069056 ep 52/56  2010 frames/s  ETA 2092s
[2026-08-04 11:19:42] [data] [█████████░░░░░░░░░░░]  47.9% frames 3866000/8069056 ep 52/56  2010 frames/s  ETA 2091s
[2026-08-04 11:19:43] [data] [█████████░░░░░░░░░░░]  47.9% frames 3868000/8069056 ep 52/56  2010 frames/s  ETA 2090s
[2026-08-04 11:19:44] [data] [█████████░░░░░░░░░░░]  48.0% frames 3870000/8069056 ep 52/56  2010 frames/s  ETA 2089s
[2026-08-04 11:19:45] [data] [█████████░░░░░░░░░░░]  48.0% frames 3872000/8069056 ep 52/56  2010 frames/s  ETA 2088s
[2026-08-04 11:19:46] [data] [█████████░░░░░░░░░░░]  48.0% frames 3874000/8069056 ep 52/56  2010 frames/s  ETA 2087s
[2026-08-04 11:19:47] [data] [█████████░░░░░░░░░░░]  48.0% frames 3876000/8069056 ep 52/56  2010 frames/s  ETA 2086s
[2026-08-04 11:19:48] [data] [█████████░░░░░░░░░░░]  48.1% frames 3878000/8069056 ep 52/56  2010 frames/s  ETA 2085s
[2026-08-04 11:19:49] [data] [█████████░░░░░░░░░░░]  48.1% frames 3880000/8069056 ep 52/56  2010 frames/s  ETA 2084s
[2026-08-04 11:19:50] [data] [█████████░░░░░░░░░░░]  48.1% frames 3882000/8069056 ep 52/56  2010 frames/s  ETA 2083s
[2026-08-04 11:19:51] [data] [█████████░░░░░░░░░░░]  48.1% frames 3884000/8069056 ep 52/56  2010 frames/s  ETA 2082s
[2026-08-04 11:19:52] [data] [█████████░░░░░░░░░░░]  48.2% frames 3886000/8069056 ep 52/56  2010 frames/s  ETA 2082s
[2026-08-04 11:19:53] [data] [█████████░░░░░░░░░░░]  48.2% frames 3888000/8069056 ep 52/56  2010 frames/s  ETA 2081s
[2026-08-04 11:19:54] [data] [█████████░░░░░░░░░░░]  48.2% frames 3890000/8069056 ep 52/56  2010 frames/s  ETA 2080s
[2026-08-04 11:19:55] [data] [█████████░░░░░░░░░░░]  48.2% frames 3892000/8069056 ep 52/56  2010 frames/s  ETA 2079s
[2026-08-04 11:19:56] [data] [█████████░░░░░░░░░░░]  48.3% frames 3894000/8069056 ep 52/56  2010 frames/s  ETA 2078s
[2026-08-04 11:19:57] [data] [█████████░░░░░░░░░░░]  48.3% frames 3896000/8069056 ep 52/56  2010 frames/s  ETA 2077s
[2026-08-04 11:19:59] [data] [█████████░░░░░░░░░░░]  48.3% frames 3898000/8069056 ep 52/56  2009 frames/s  ETA 2076s
[2026-08-04 11:20:00] [data] [█████████░░░░░░░░░░░]  48.3% frames 3900000/8069056 ep 52/56  2009 frames/s  ETA 2075s
[2026-08-04 11:20:01] [data] [█████████░░░░░░░░░░░]  48.4% frames 3902000/8069056 ep 52/56  2009 frames/s  ETA 2074s
[2026-08-04 11:20:02] [data] [█████████░░░░░░░░░░░]  48.4% frames 3904000/8069056 ep 52/56  2009 frames/s  ETA 2073s
[2026-08-04 11:20:03] [data] [█████████░░░░░░░░░░░]  48.4% frames 3906000/8069056 ep 52/56  2009 frames/s  ETA 2072s
[2026-08-04 11:20:04] [data] [█████████░░░░░░░░░░░]  48.4% frames 3908000/8069056 ep 52/56  2009 frames/s  ETA 2071s
[2026-08-04 11:20:05] [data] [█████████░░░░░░░░░░░]  48.5% frames 3910000/8069056 ep 52/56  2009 frames/s  ETA 2070s
[2026-08-04 11:20:06] [data] [█████████░░░░░░░░░░░]  48.5% frames 3912000/8069056 ep 52/56  2009 frames/s  ETA 2070s
[2026-08-04 11:20:07] [data] [█████████░░░░░░░░░░░]  48.5% frames 3914000/8069056 ep 52/56  2009 frames/s  ETA 2069s
[2026-08-04 11:20:08] [data] [█████████░░░░░░░░░░░]  48.5% frames 3916000/8069056 ep 52/56  2009 frames/s  ETA 2068s
[2026-08-04 11:20:09] [data] [█████████░░░░░░░░░░░]  48.6% frames 3918000/8069056 ep 52/56  2008 frames/s  ETA 2067s
[2026-08-04 11:20:10] [data] [█████████░░░░░░░░░░░]  48.6% frames 3920000/8069056 ep 52/56  2008 frames/s  ETA 2066s
[2026-08-04 11:20:11] [data] [█████████░░░░░░░░░░░]  48.6% frames 3922000/8069056 ep 52/56  2008 frames/s  ETA 2065s
[2026-08-04 11:20:13] [data] [█████████░░░░░░░░░░░]  48.6% frames 3924000/8069056 ep 52/56  2008 frames/s  ETA 2064s
[2026-08-04 11:20:14] [data] [█████████░░░░░░░░░░░]  48.7% frames 3926000/8069056 ep 52/56  2008 frames/s  ETA 2063s
[2026-08-04 11:20:15] [data] [█████████░░░░░░░░░░░]  48.7% frames 3928000/8069056 ep 52/56  2008 frames/s  ETA 2062s
[2026-08-04 11:20:16] [data] [█████████░░░░░░░░░░░]  48.7% frames 3930000/8069056 ep 52/56  2008 frames/s  ETA 2061s
[2026-08-04 11:20:16] [data] [█████████░░░░░░░░░░░]  48.7% frames 3932000/8069056 ep 52/56  2008 frames/s  ETA 2060s
[2026-08-04 11:20:17] [data] [█████████░░░░░░░░░░░]  48.8% frames 3934000/8069056 ep 52/56  2008 frames/s  ETA 2059s
[2026-08-04 11:20:18] [data] [█████████░░░░░░░░░░░]  48.8% frames 3936000/8069056 ep 52/56  2008 frames/s  ETA 2058s
[2026-08-04 11:20:19] [data] [█████████░░░░░░░░░░░]  48.8% frames 3938000/8069056 ep 52/56  2009 frames/s  ETA 2057s
[2026-08-04 11:20:21] [data] [█████████░░░░░░░░░░░]  48.8% frames 3940000/8069056 ep 52/56  2008 frames/s  ETA 2056s
[2026-08-04 11:20:22] [data] [█████████░░░░░░░░░░░]  48.9% frames 3942000/8069056 ep 52/56  2008 frames/s  ETA 2055s
[2026-08-04 11:20:23] [data] [█████████░░░░░░░░░░░]  48.9% frames 3944000/8069056 ep 52/56  2008 frames/s  ETA 2054s
[2026-08-04 11:20:24] [data] [█████████░░░░░░░░░░░]  48.9% frames 3946000/8069056 ep 52/56  2008 frames/s  ETA 2053s
[2026-08-04 11:20:25] [data] [█████████░░░░░░░░░░░]  48.9% frames 3948000/8069056 ep 52/56  2008 frames/s  ETA 2052s
[2026-08-04 11:20:26] [data] [█████████░░░░░░░░░░░]  49.0% frames 3950000/8069056 ep 52/56  2008 frames/s  ETA 2051s
[2026-08-04 11:20:27] [data] [█████████░░░░░░░░░░░]  49.0% frames 3952000/8069056 ep 52/56  2008 frames/s  ETA 2050s
[2026-08-04 11:20:28] [data] [█████████░░░░░░░░░░░]  49.0% frames 3954000/8069056 ep 52/56  2008 frames/s  ETA 2049s
[2026-08-04 11:20:29] [data] [█████████░░░░░░░░░░░]  49.0% frames 3956000/8069056 ep 52/56  2008 frames/s  ETA 2048s
[2026-08-04 11:20:30] [data] [█████████░░░░░░░░░░░]  49.1% frames 3958000/8069056 ep 52/56  2008 frames/s  ETA 2047s
[2026-08-04 11:20:31] [data] [█████████░░░░░░░░░░░]  49.1% frames 3960000/8069056 ep 52/56  2008 frames/s  ETA 2046s
[2026-08-04 11:20:32] [data] [█████████░░░░░░░░░░░]  49.1% frames 3962000/8069056 ep 52/56  2008 frames/s  ETA 2045s
[2026-08-04 11:20:33] [data] [█████████░░░░░░░░░░░]  49.1% frames 3964000/8069056 ep 52/56  2008 frames/s  ETA 2044s
[2026-08-04 11:20:34] [data] [█████████░░░░░░░░░░░]  49.2% frames 3966000/8069056 ep 52/56  2008 frames/s  ETA 2043s
[2026-08-04 11:20:35] [data] [█████████░░░░░░░░░░░]  49.2% frames 3968000/8069056 ep 52/56  2008 frames/s  ETA 2042s
[2026-08-04 11:20:36] [data] [█████████░░░░░░░░░░░]  49.2% frames 3970000/8069056 ep 52/56  2008 frames/s  ETA 2041s
[2026-08-04 11:20:37] [data] [█████████░░░░░░░░░░░]  49.2% frames 3972000/8069056 ep 52/56  2008 frames/s  ETA 2040s
[2026-08-04 11:20:37] [data] [█████████░░░░░░░░░░░]  49.2% frames 3974000/8069056 ep 52/56  2008 frames/s  ETA 2039s
[2026-08-04 11:20:38] [data] [█████████░░░░░░░░░░░]  49.3% frames 3976000/8069056 ep 52/56  2008 frames/s  ETA 2038s
[2026-08-04 11:20:39] [data] [█████████░░░░░░░░░░░]  49.3% frames 3978000/8069056 ep 52/56  2008 frames/s  ETA 2037s
[2026-08-04 11:20:40] [data] [█████████░░░░░░░░░░░]  49.3% frames 3980000/8069056 ep 52/56  2009 frames/s  ETA 2036s
[2026-08-04 11:20:41] [data] [█████████░░░░░░░░░░░]  49.3% frames 3982000/8069056 ep 52/56  2009 frames/s  ETA 2035s
[2026-08-04 11:20:42] [data] [█████████░░░░░░░░░░░]  49.4% frames 3984000/8069056 ep 52/56  2008 frames/s  ETA 2034s
[2026-08-04 11:20:43] [data] [█████████░░░░░░░░░░░]  49.4% frames 3986000/8069056 ep 52/56  2009 frames/s  ETA 2033s
[2026-08-04 11:20:44] [data] [█████████░░░░░░░░░░░]  49.4% frames 3988000/8069056 ep 52/56  2008 frames/s  ETA 2032s
[2026-08-04 11:20:45] [data] [█████████░░░░░░░░░░░]  49.4% frames 3990000/8069056 ep 52/56  2008 frames/s  ETA 2031s
[2026-08-04 11:20:46] [data] [█████████░░░░░░░░░░░]  49.5% frames 3992000/8069056 ep 52/56  2008 frames/s  ETA 2030s
[2026-08-04 11:20:47] [data] [█████████░░░░░░░░░░░]  49.5% frames 3994000/8069056 ep 52/56  2008 frames/s  ETA 2029s
[2026-08-04 11:20:48] [data] [█████████░░░░░░░░░░░]  49.5% frames 3996000/8069056 ep 52/56  2008 frames/s  ETA 2028s
[2026-08-04 11:20:50] [data] [█████████░░░░░░░░░░░]  49.5% frames 3998000/8069056 ep 52/56  2008 frames/s  ETA 2027s
[2026-08-04 11:20:51] [data] [█████████░░░░░░░░░░░]  49.6% frames 4000000/8069056 ep 52/56  2008 frames/s  ETA 2026s
[2026-08-04 11:20:52] [data] [█████████░░░░░░░░░░░]  49.6% frames 4002000/8069056 ep 52/56  2008 frames/s  ETA 2026s
[2026-08-04 11:20:53] [data] [█████████░░░░░░░░░░░]  49.6% frames 4004000/8069056 ep 52/56  2008 frames/s  ETA 2025s
[2026-08-04 11:20:54] [data] [█████████░░░░░░░░░░░]  49.6% frames 4006000/8069056 ep 52/56  2008 frames/s  ETA 2024s
[2026-08-04 11:20:55] [data] [█████████░░░░░░░░░░░]  49.7% frames 4008000/8069056 ep 52/56  2008 frames/s  ETA 2023s
[2026-08-04 11:20:56] [data] [█████████░░░░░░░░░░░]  49.7% frames 4010000/8069056 ep 52/56  2007 frames/s  ETA 2022s
[2026-08-04 11:20:57] [data] [█████████░░░░░░░░░░░]  49.7% frames 4012000/8069056 ep 52/56  2007 frames/s  ETA 2021s
[2026-08-04 11:20:58] [data] [█████████░░░░░░░░░░░]  49.7% frames 4014000/8069056 ep 52/56  2007 frames/s  ETA 2020s
[2026-08-04 11:20:59] [data] [█████████░░░░░░░░░░░]  49.8% frames 4016000/8069056 ep 52/56  2007 frames/s  ETA 2019s
[2026-08-04 11:21:00] [data] [█████████░░░░░░░░░░░]  49.8% frames 4018000/8069056 ep 52/56  2007 frames/s  ETA 2018s
[2026-08-04 11:21:01] [data] [█████████░░░░░░░░░░░]  49.8% frames 4020000/8069056 ep 52/56  2007 frames/s  ETA 2017s
[2026-08-04 11:21:02] [data] [█████████░░░░░░░░░░░]  49.8% frames 4022000/8069056 ep 52/56  2007 frames/s  ETA 2016s
[2026-08-04 11:21:03] [data] [█████████░░░░░░░░░░░]  49.9% frames 4024000/8069056 ep 52/56  2007 frames/s  ETA 2015s
[2026-08-04 11:21:04] [data] [█████████░░░░░░░░░░░]  49.9% frames 4026000/8069056 ep 52/56  2008 frames/s  ETA 2014s
[2026-08-04 11:21:05] [data] [█████████░░░░░░░░░░░]  49.9% frames 4028000/8069056 ep 52/56  2008 frames/s  ETA 2013s
[2026-08-04 11:21:06] [data] [█████████░░░░░░░░░░░]  49.9% frames 4030000/8069056 ep 52/56  2008 frames/s  ETA 2012s
[2026-08-04 11:21:07] [data] [█████████░░░░░░░░░░░]  50.0% frames 4032000/8069056 ep 52/56  2008 frames/s  ETA 2011s
[2026-08-04 11:21:08] [data] [█████████░░░░░░░░░░░]  50.0% frames 4034000/8069056 ep 52/56  2008 frames/s  ETA 2010s
[2026-08-04 11:21:09] [data] [██████████░░░░░░░░░░]  50.0% frames 4036000/8069056 ep 52/56  2008 frames/s  ETA 2009s
[2026-08-04 11:21:10] [data] [██████████░░░░░░░░░░]  50.0% frames 4038000/8069056 ep 52/56  2008 frames/s  ETA 2008s
[2026-08-04 11:21:11] [data] [██████████░░░░░░░░░░]  50.1% frames 4040000/8069056 ep 52/56  2008 frames/s  ETA 2007s
[2026-08-04 11:21:12] [data] [██████████░░░░░░░░░░]  50.1% frames 4042000/8069056 ep 52/56  2008 frames/s  ETA 2006s
[2026-08-04 11:21:13] [data] [██████████░░░░░░░░░░]  50.1% frames 4044000/8069056 ep 52/56  2008 frames/s  ETA 2005s
[2026-08-04 11:21:14] [data] [██████████░░░░░░░░░░]  50.1% frames 4046000/8069056 ep 52/56  2008 frames/s  ETA 2004s
[2026-08-04 11:21:15] [data] [██████████░░░░░░░░░░]  50.2% frames 4048000/8069056 ep 52/56  2007 frames/s  ETA 2003s
[2026-08-04 11:21:16] [data] [██████████░░░░░░░░░░]  50.2% frames 4050000/8069056 ep 52/56  2007 frames/s  ETA 2002s
[2026-08-04 11:21:17] [data] [██████████░░░░░░░░░░]  50.2% frames 4052000/8069056 ep 52/56  2007 frames/s  ETA 2001s
[2026-08-04 11:21:18] [data] [██████████░░░░░░░░░░]  50.2% frames 4054000/8069056 ep 52/56  2007 frames/s  ETA 2000s
[2026-08-04 11:21:19] [data] [██████████░░░░░░░░░░]  50.3% frames 4056000/8069056 ep 52/56  2007 frames/s  ETA 1999s
[2026-08-04 11:21:20] [data] [██████████░░░░░░░░░░]  50.3% frames 4058000/8069056 ep 52/56  2007 frames/s  ETA 1998s
[2026-08-04 11:21:21] [data] [██████████░░░░░░░░░░]  50.3% frames 4060000/8069056 ep 52/56  2007 frames/s  ETA 1997s
[2026-08-04 11:21:22] [data] [██████████░░░░░░░░░░]  50.3% frames 4062000/8069056 ep 52/56  2007 frames/s  ETA 1996s
[2026-08-04 11:21:23] [data] [██████████░░░░░░░░░░]  50.4% frames 4064000/8069056 ep 52/56  2007 frames/s  ETA 1995s
[2026-08-04 11:21:24] [data] [██████████░░░░░░░░░░]  50.4% frames 4066000/8069056 ep 52/56  2007 frames/s  ETA 1994s
[2026-08-04 11:21:25] [data] [██████████░░░░░░░░░░]  50.4% frames 4068000/8069056 ep 52/56  2007 frames/s  ETA 1993s
[2026-08-04 11:21:26] [data] [██████████░░░░░░░░░░]  50.4% frames 4070000/8069056 ep 52/56  2007 frames/s  ETA 1992s
[2026-08-04 11:21:27] [data] [██████████░░░░░░░░░░]  50.5% frames 4072000/8069056 ep 52/56  2007 frames/s  ETA 1991s
[2026-08-04 11:21:28] [data] [██████████░░░░░░░░░░]  50.5% frames 4074000/8069056 ep 52/56  2007 frames/s  ETA 1990s
[2026-08-04 11:21:29] [data] [██████████░░░░░░░░░░]  50.5% frames 4076000/8069056 ep 52/56  2007 frames/s  ETA 1989s
[2026-08-04 11:21:30] [data] [██████████░░░░░░░░░░]  50.5% frames 4078000/8069056 ep 52/56  2007 frames/s  ETA 1988s
[2026-08-04 11:21:31] [data] [██████████░░░░░░░░░░]  50.6% frames 4080000/8069056 ep 52/56  2007 frames/s  ETA 1987s
[2026-08-04 11:21:32] [data] [██████████░░░░░░░░░░]  50.6% frames 4082000/8069056 ep 52/56  2007 frames/s  ETA 1986s
[2026-08-04 11:21:33] [data] [██████████░░░░░░░░░░]  50.6% frames 4084000/8069056 ep 52/56  2007 frames/s  ETA 1985s
[2026-08-04 11:21:34] [data] [██████████░░░░░░░░░░]  50.6% frames 4086000/8069056 ep 52/56  2007 frames/s  ETA 1984s
[2026-08-04 11:21:35] [data] [██████████░░░░░░░░░░]  50.7% frames 4088000/8069056 ep 52/56  2007 frames/s  ETA 1983s
[2026-08-04 11:21:36] [data] [██████████░░░░░░░░░░]  50.7% frames 4090000/8069056 ep 52/56  2007 frames/s  ETA 1982s
[2026-08-04 11:21:37] [data] [██████████░░░░░░░░░░]  50.7% frames 4092000/8069056 ep 52/56  2007 frames/s  ETA 1981s
[2026-08-04 11:21:38] [data] [██████████░░░░░░░░░░]  50.7% frames 4094000/8069056 ep 52/56  2007 frames/s  ETA 1980s
[2026-08-04 11:21:39] [data] [██████████░░░░░░░░░░]  50.8% frames 4096000/8069056 ep 52/56  2007 frames/s  ETA 1979s
[2026-08-04 11:21:40] [data] [██████████░░░░░░░░░░]  50.8% frames 4098000/8069056 ep 52/56  2007 frames/s  ETA 1978s
[2026-08-04 11:21:41] [data] [██████████░░░░░░░░░░]  50.8% frames 4100000/8069056 ep 52/56  2007 frames/s  ETA 1977s
[2026-08-04 11:21:42] [data] [██████████░░░░░░░░░░]  50.8% frames 4102000/8069056 ep 52/56  2007 frames/s  ETA 1976s
[2026-08-04 11:21:43] [data] [██████████░░░░░░░░░░]  50.9% frames 4104000/8069056 ep 52/56  2007 frames/s  ETA 1975s
[2026-08-04 11:21:44] [data] [██████████░░░░░░░░░░]  50.9% frames 4106000/8069056 ep 52/56  2007 frames/s  ETA 1974s
[2026-08-04 11:21:45] [data] [██████████░░░░░░░░░░]  50.9% frames 4108000/8069056 ep 52/56  2007 frames/s  ETA 1974s
[2026-08-04 11:21:46] [data] [██████████░░░░░░░░░░]  50.9% frames 4110000/8069056 ep 52/56  2007 frames/s  ETA 1972s
[2026-08-04 11:21:47] [data] [██████████░░░░░░░░░░]  51.0% frames 4112000/8069056 ep 52/56  2007 frames/s  ETA 1971s
[2026-08-04 11:21:48] [data] [██████████░░░░░░░░░░]  51.0% frames 4114000/8069056 ep 52/56  2007 frames/s  ETA 1970s
[2026-08-04 11:21:49] [data] [██████████░░░░░░░░░░]  51.0% frames 4116000/8069056 ep 52/56  2007 frames/s  ETA 1969s
[2026-08-04 11:21:50] [data] [██████████░░░░░░░░░░]  51.0% frames 4118000/8069056 ep 52/56  2007 frames/s  ETA 1968s
[2026-08-04 11:21:51] [data] [██████████░░░░░░░░░░]  51.1% frames 4120000/8069056 ep 52/56  2007 frames/s  ETA 1967s
[2026-08-04 11:21:52] [data] [██████████░░░░░░░░░░]  51.1% frames 4122000/8069056 ep 52/56  2007 frames/s  ETA 1966s
[2026-08-04 11:21:53] [data] [██████████░░░░░░░░░░]  51.1% frames 4124000/8069056 ep 52/56  2007 frames/s  ETA 1965s
[2026-08-04 11:21:54] [data] [██████████░░░░░░░░░░]  51.1% frames 4126000/8069056 ep 52/56  2007 frames/s  ETA 1964s
[2026-08-04 11:21:55] [data] [██████████░░░░░░░░░░]  51.2% frames 4128000/8069056 ep 52/56  2007 frames/s  ETA 1963s
[2026-08-04 11:21:56] [data] [██████████░░░░░░░░░░]  51.2% frames 4130000/8069056 ep 52/56  2007 frames/s  ETA 1962s
[2026-08-04 11:21:57] [data] [██████████░░░░░░░░░░]  51.2% frames 4132000/8069056 ep 52/56  2007 frames/s  ETA 1961s
[2026-08-04 11:21:58] [data] [██████████░░░░░░░░░░]  51.2% frames 4134000/8069056 ep 52/56  2007 frames/s  ETA 1960s
[2026-08-04 11:21:59] [data] [██████████░░░░░░░░░░]  51.3% frames 4136000/8069056 ep 52/56  2007 frames/s  ETA 1959s
[2026-08-04 11:22:00] [data] [██████████░░░░░░░░░░]  51.3% frames 4138000/8069056 ep 52/56  2007 frames/s  ETA 1958s
[2026-08-04 11:22:01] [data] [██████████░░░░░░░░░░]  51.3% frames 4140000/8069056 ep 52/56  2007 frames/s  ETA 1957s
[2026-08-04 11:22:02] [data] [██████████░░░░░░░░░░]  51.3% frames 4142000/8069056 ep 52/56  2007 frames/s  ETA 1956s
[2026-08-04 11:22:03] [data] [██████████░░░░░░░░░░]  51.4% frames 4144000/8069056 ep 52/56  2007 frames/s  ETA 1955s
[2026-08-04 11:22:04] [data] [██████████░░░░░░░░░░]  51.4% frames 4146000/8069056 ep 52/56  2007 frames/s  ETA 1955s
[2026-08-04 11:22:05] [data] [██████████░░░░░░░░░░]  51.4% frames 4148000/8069056 ep 52/56  2007 frames/s  ETA 1954s
[2026-08-04 11:22:06] [data] [██████████░░░░░░░░░░]  51.4% frames 4150000/8069056 ep 52/56  2007 frames/s  ETA 1953s
[2026-08-04 11:22:07] [data] [██████████░░░░░░░░░░]  51.5% frames 4152000/8069056 ep 52/56  2007 frames/s  ETA 1952s
[2026-08-04 11:22:08] [data] [██████████░░░░░░░░░░]  51.5% frames 4154000/8069056 ep 52/56  2007 frames/s  ETA 1950s
[2026-08-04 11:22:09] [data] [██████████░░░░░░░░░░]  51.5% frames 4156000/8069056 ep 52/56  2007 frames/s  ETA 1949s
[2026-08-04 11:22:10] [data] [██████████░░░░░░░░░░]  51.5% frames 4158000/8069056 ep 52/56  2007 frames/s  ETA 1949s
[2026-08-04 11:22:11] [data] [██████████░░░░░░░░░░]  51.6% frames 4160000/8069056 ep 52/56  2007 frames/s  ETA 1947s
[2026-08-04 11:22:12] [data] [██████████░░░░░░░░░░]  51.6% frames 4162000/8069056 ep 52/56  2007 frames/s  ETA 1946s
[2026-08-04 11:22:13] [data] [██████████░░░░░░░░░░]  51.6% frames 4164000/8069056 ep 52/56  2007 frames/s  ETA 1945s
[2026-08-04 11:22:14] [data] [██████████░░░░░░░░░░]  51.6% frames 4166000/8069056 ep 52/56  2007 frames/s  ETA 1944s
[2026-08-04 11:22:15] [data] [██████████░░░░░░░░░░]  51.7% frames 4168000/8069056 ep 52/56  2007 frames/s  ETA 1943s
[2026-08-04 11:22:16] [data] [██████████░░░░░░░░░░]  51.7% frames 4170000/8069056 ep 52/56  2007 frames/s  ETA 1942s
[2026-08-04 11:22:17] [data] [██████████░░░░░░░░░░]  51.7% frames 4172000/8069056 ep 52/56  2007 frames/s  ETA 1941s
[2026-08-04 11:22:18] [data] [██████████░░░░░░░░░░]  51.7% frames 4174000/8069056 ep 52/56  2007 frames/s  ETA 1941s
[2026-08-04 11:22:19] [data] [██████████░░░░░░░░░░]  51.8% frames 4176000/8069056 ep 52/56  2007 frames/s  ETA 1940s
[2026-08-04 11:22:20] [data] [██████████░░░░░░░░░░]  51.8% frames 4178000/8069056 ep 52/56  2007 frames/s  ETA 1939s
[2026-08-04 11:22:21] [data] [██████████░░░░░░░░░░]  51.8% frames 4180000/8069056 ep 52/56  2007 frames/s  ETA 1938s
[2026-08-04 11:22:22] [data] [██████████░░░░░░░░░░]  51.8% frames 4182000/8069056 ep 52/56  2007 frames/s  ETA 1937s
[2026-08-04 11:22:23] [data] [██████████░░░░░░░░░░]  51.9% frames 4184000/8069056 ep 52/56  2007 frames/s  ETA 1936s
[2026-08-04 11:22:24] [data] [██████████░░░░░░░░░░]  51.9% frames 4186000/8069056 ep 52/56  2007 frames/s  ETA 1935s
[2026-08-04 11:22:25] [data] [██████████░░░░░░░░░░]  51.9% frames 4188000/8069056 ep 52/56  2007 frames/s  ETA 1934s
[2026-08-04 11:22:26] [data] [██████████░░░░░░░░░░]  51.9% frames 4190000/8069056 ep 52/56  2007 frames/s  ETA 1933s
[2026-08-04 11:22:27] [data] [██████████░░░░░░░░░░]  52.0% frames 4192000/8069056 ep 52/56  2007 frames/s  ETA 1932s
[2026-08-04 11:22:28] [data] [██████████░░░░░░░░░░]  52.0% frames 4194000/8069056 ep 52/56  2007 frames/s  ETA 1931s
[2026-08-04 11:22:29] [data] [██████████░░░░░░░░░░]  52.0% frames 4196000/8069056 ep 52/56  2007 frames/s  ETA 1930s
[2026-08-04 11:22:30] [data] [██████████░░░░░░░░░░]  52.0% frames 4198000/8069056 ep 52/56  2007 frames/s  ETA 1929s
[2026-08-04 11:22:31] [data] [██████████░░░░░░░░░░]  52.1% frames 4200000/8069056 ep 52/56  2007 frames/s  ETA 1928s
[2026-08-04 11:22:32] [data] [██████████░░░░░░░░░░]  52.1% frames 4202000/8069056 ep 52/56  2007 frames/s  ETA 1927s
[2026-08-04 11:22:33] [data] [██████████░░░░░░░░░░]  52.1% frames 4204000/8069056 ep 52/56  2007 frames/s  ETA 1925s
[2026-08-04 11:22:34] [data] [██████████░░░░░░░░░░]  52.1% frames 4206000/8069056 ep 52/56  2007 frames/s  ETA 1924s
[2026-08-04 11:22:35] [data] [██████████░░░░░░░░░░]  52.1% frames 4208000/8069056 ep 52/56  2007 frames/s  ETA 1923s
[2026-08-04 11:22:36] [data] [██████████░░░░░░░░░░]  52.2% frames 4210000/8069056 ep 52/56  2007 frames/s  ETA 1922s
[2026-08-04 11:22:37] [data] [██████████░░░░░░░░░░]  52.2% frames 4212000/8069056 ep 52/56  2007 frames/s  ETA 1921s
[2026-08-04 11:22:38] [data] [██████████░░░░░░░░░░]  52.2% frames 4214000/8069056 ep 52/56  2007 frames/s  ETA 1920s
[2026-08-04 11:22:39] [data] [██████████░░░░░░░░░░]  52.2% frames 4216000/8069056 ep 52/56  2007 frames/s  ETA 1919s
[2026-08-04 11:22:40] [data] [██████████░░░░░░░░░░]  52.3% frames 4218000/8069056 ep 52/56  2007 frames/s  ETA 1918s
[2026-08-04 11:22:41] [data] [██████████░░░░░░░░░░]  52.3% frames 4220000/8069056 ep 52/56  2007 frames/s  ETA 1917s
[2026-08-04 11:22:42] [data] [██████████░░░░░░░░░░]  52.3% frames 4222000/8069056 ep 52/56  2007 frames/s  ETA 1916s
[2026-08-04 11:22:43] [data] [██████████░░░░░░░░░░]  52.3% frames 4224000/8069056 ep 52/56  2007 frames/s  ETA 1915s
[2026-08-04 11:22:44] [data] [██████████░░░░░░░░░░]  52.4% frames 4226000/8069056 ep 52/56  2008 frames/s  ETA 1914s
[2026-08-04 11:22:45] [data] [██████████░░░░░░░░░░]  52.4% frames 4228000/8069056 ep 52/56  2008 frames/s  ETA 1913s
[2026-08-04 11:22:46] [data] [██████████░░░░░░░░░░]  52.4% frames 4230000/8069056 ep 52/56  2008 frames/s  ETA 1912s
[2026-08-04 11:22:47] [data] [██████████░░░░░░░░░░]  52.4% frames 4232000/8069056 ep 52/56  2008 frames/s  ETA 1911s
[2026-08-04 11:22:48] [data] [██████████░░░░░░░░░░]  52.5% frames 4234000/8069056 ep 52/56  2008 frames/s  ETA 1910s
[2026-08-04 11:22:49] [data] [██████████░░░░░░░░░░]  52.5% frames 4236000/8069056 ep 52/56  2008 frames/s  ETA 1909s
[2026-08-04 11:22:50] [data] [██████████░░░░░░░░░░]  52.5% frames 4238000/8069056 ep 52/56  2008 frames/s  ETA 1908s
[2026-08-04 11:22:51] [data] [██████████░░░░░░░░░░]  52.5% frames 4240000/8069056 ep 52/56  2008 frames/s  ETA 1907s
[2026-08-04 11:22:52] [data] [██████████░░░░░░░░░░]  52.6% frames 4242000/8069056 ep 52/56  2008 frames/s  ETA 1906s
[2026-08-04 11:22:53] [data] [██████████░░░░░░░░░░]  52.6% frames 4244000/8069056 ep 52/56  2008 frames/s  ETA 1905s
[2026-08-04 11:22:54] [data] [██████████░░░░░░░░░░]  52.6% frames 4246000/8069056 ep 52/56  2008 frames/s  ETA 1904s
[2026-08-04 11:22:55] [data] [██████████░░░░░░░░░░]  52.6% frames 4248000/8069056 ep 52/56  2008 frames/s  ETA 1903s
[2026-08-04 11:22:55] [data] [██████████░░░░░░░░░░]  52.7% frames 4250000/8069056 ep 52/56  2008 frames/s  ETA 1902s
[2026-08-04 11:22:56] [data] [██████████░░░░░░░░░░]  52.7% frames 4252000/8069056 ep 52/56  2008 frames/s  ETA 1901s
[2026-08-04 11:22:57] [data] [██████████░░░░░░░░░░]  52.7% frames 4254000/8069056 ep 52/56  2008 frames/s  ETA 1900s
[2026-08-04 11:22:58] [data] [██████████░░░░░░░░░░]  52.7% frames 4256000/8069056 ep 52/56  2008 frames/s  ETA 1899s
[2026-08-04 11:22:59] [data] [██████████░░░░░░░░░░]  52.8% frames 4258000/8069056 ep 52/56  2008 frames/s  ETA 1898s
[2026-08-04 11:23:00] [data] [██████████░░░░░░░░░░]  52.8% frames 4260000/8069056 ep 52/56  2008 frames/s  ETA 1897s
[2026-08-04 11:23:01] [data] [██████████░░░░░░░░░░]  52.8% frames 4262000/8069056 ep 52/56  2008 frames/s  ETA 1896s
[2026-08-04 11:23:02] [data] [██████████░░░░░░░░░░]  52.8% frames 4264000/8069056 ep 52/56  2008 frames/s  ETA 1895s
[2026-08-04 11:23:03] [data] [██████████░░░░░░░░░░]  52.9% frames 4266000/8069056 ep 52/56  2008 frames/s  ETA 1894s
[2026-08-04 11:23:04] [data] [██████████░░░░░░░░░░]  52.9% frames 4268000/8069056 ep 52/56  2008 frames/s  ETA 1893s
[2026-08-04 11:23:05] [data] [██████████░░░░░░░░░░]  52.9% frames 4270000/8069056 ep 52/56  2008 frames/s  ETA 1892s
[2026-08-04 11:23:06] [data] [██████████░░░░░░░░░░]  52.9% frames 4272000/8069056 ep 52/56  2008 frames/s  ETA 1891s
[2026-08-04 11:23:07] [data] [██████████░░░░░░░░░░]  53.0% frames 4274000/8069056 ep 52/56  2008 frames/s  ETA 1890s
[2026-08-04 11:23:08] [data] [██████████░░░░░░░░░░]  53.0% frames 4276000/8069056 ep 52/56  2008 frames/s  ETA 1889s
[2026-08-04 11:23:09] [data] [██████████░░░░░░░░░░]  53.0% frames 4278000/8069056 ep 52/56  2008 frames/s  ETA 1888s
[2026-08-04 11:23:10] [data] [██████████░░░░░░░░░░]  53.0% frames 4280000/8069056 ep 52/56  2008 frames/s  ETA 1887s
[2026-08-04 11:23:11] [data] [██████████░░░░░░░░░░]  53.1% frames 4282000/8069056 ep 52/56  2008 frames/s  ETA 1886s
[2026-08-04 11:23:12] [data] [██████████░░░░░░░░░░]  53.1% frames 4284000/8069056 ep 52/56  2008 frames/s  ETA 1885s
[2026-08-04 11:23:13] [data] [██████████░░░░░░░░░░]  53.1% frames 4286000/8069056 ep 52/56  2009 frames/s  ETA 1883s
[2026-08-04 11:23:14] [data] [██████████░░░░░░░░░░]  53.1% frames 4288000/8069056 ep 52/56  2009 frames/s  ETA 1882s
[2026-08-04 11:23:15] [data] [██████████░░░░░░░░░░]  53.2% frames 4290000/8069056 ep 52/56  2009 frames/s  ETA 1881s
[2026-08-04 11:23:15] [data] [██████████░░░░░░░░░░]  53.2% frames 4292000/8069056 ep 52/56  2009 frames/s  ETA 1880s
[2026-08-04 11:23:16] [data] [██████████░░░░░░░░░░]  53.2% frames 4294000/8069056 ep 52/56  2009 frames/s  ETA 1879s
[2026-08-04 11:23:17] [data] [██████████░░░░░░░░░░]  53.2% frames 4296000/8069056 ep 52/56  2009 frames/s  ETA 1878s
[2026-08-04 11:23:18] [data] [██████████░░░░░░░░░░]  53.3% frames 4298000/8069056 ep 52/56  2009 frames/s  ETA 1877s
[2026-08-04 11:23:19] [data] [██████████░░░░░░░░░░]  53.3% frames 4300000/8069056 ep 52/56  2009 frames/s  ETA 1876s
[2026-08-04 11:23:20] [data] [██████████░░░░░░░░░░]  53.3% frames 4302000/8069056 ep 52/56  2009 frames/s  ETA 1875s
[2026-08-04 11:23:21] [data] [██████████░░░░░░░░░░]  53.3% frames 4304000/8069056 ep 52/56  2009 frames/s  ETA 1874s
[2026-08-04 11:23:22] [data] [██████████░░░░░░░░░░]  53.4% frames 4306000/8069056 ep 52/56  2009 frames/s  ETA 1873s
[2026-08-04 11:23:23] [data] [██████████░░░░░░░░░░]  53.4% frames 4308000/8069056 ep 52/56  2009 frames/s  ETA 1872s
[2026-08-04 11:23:24] [data] [██████████░░░░░░░░░░]  53.4% frames 4310000/8069056 ep 52/56  2009 frames/s  ETA 1871s
[2026-08-04 11:23:25] [data] [██████████░░░░░░░░░░]  53.4% frames 4312000/8069056 ep 52/56  2009 frames/s  ETA 1870s
[2026-08-04 11:23:26] [data] [██████████░░░░░░░░░░]  53.5% frames 4314000/8069056 ep 52/56  2009 frames/s  ETA 1869s
[2026-08-04 11:23:27] [data] [██████████░░░░░░░░░░]  53.5% frames 4316000/8069056 ep 52/56  2009 frames/s  ETA 1868s
[2026-08-04 11:23:28] [data] [██████████░░░░░░░░░░]  53.5% frames 4318000/8069056 ep 52/56  2009 frames/s  ETA 1867s
[2026-08-04 11:23:29] [data] [██████████░░░░░░░░░░]  53.5% frames 4320000/8069056 ep 52/56  2009 frames/s  ETA 1866s
[2026-08-04 11:23:30] [data] [██████████░░░░░░░░░░]  53.6% frames 4322000/8069056 ep 52/56  2009 frames/s  ETA 1865s
[2026-08-04 11:23:31] [data] [██████████░░░░░░░░░░]  53.6% frames 4324000/8069056 ep 52/56  2009 frames/s  ETA 1864s
[2026-08-04 11:23:32] [data] [██████████░░░░░░░░░░]  53.6% frames 4326000/8069056 ep 52/56  2009 frames/s  ETA 1863s
[2026-08-04 11:23:33] [data] [██████████░░░░░░░░░░]  53.6% frames 4328000/8069056 ep 52/56  2009 frames/s  ETA 1862s
[2026-08-04 11:23:34] [data] [██████████░░░░░░░░░░]  53.7% frames 4330000/8069056 ep 52/56  2009 frames/s  ETA 1861s
[2026-08-04 11:23:35] [data] [██████████░░░░░░░░░░]  53.7% frames 4332000/8069056 ep 52/56  2009 frames/s  ETA 1860s
[2026-08-04 11:23:36] [data] [██████████░░░░░░░░░░]  53.7% frames 4334000/8069056 ep 52/56  2009 frames/s  ETA 1859s
[2026-08-04 11:23:37] [data] [██████████░░░░░░░░░░]  53.7% frames 4336000/8069056 ep 52/56  2009 frames/s  ETA 1858s
[2026-08-04 11:23:38] [data] [██████████░░░░░░░░░░]  53.8% frames 4338000/8069056 ep 52/56  2009 frames/s  ETA 1857s
[2026-08-04 11:23:39] [data] [██████████░░░░░░░░░░]  53.8% frames 4340000/8069056 ep 52/56  2009 frames/s  ETA 1856s
[2026-08-04 11:23:40] [data] [██████████░░░░░░░░░░]  53.8% frames 4342000/8069056 ep 52/56  2009 frames/s  ETA 1855s
[2026-08-04 11:23:41] [data] [██████████░░░░░░░░░░]  53.8% frames 4344000/8069056 ep 52/56  2009 frames/s  ETA 1854s
[2026-08-04 11:23:42] [data] [██████████░░░░░░░░░░]  53.9% frames 4346000/8069056 ep 52/56  2009 frames/s  ETA 1853s
[2026-08-04 11:23:43] [data] [██████████░░░░░░░░░░]  53.9% frames 4348000/8069056 ep 52/56  2009 frames/s  ETA 1852s
[2026-08-04 11:23:44] [data] [██████████░░░░░░░░░░]  53.9% frames 4350000/8069056 ep 52/56  2009 frames/s  ETA 1851s
[2026-08-04 11:23:45] [data] [██████████░░░░░░░░░░]  53.9% frames 4352000/8069056 ep 52/56  2009 frames/s  ETA 1850s
[2026-08-04 11:23:46] [data] [██████████░░░░░░░░░░]  54.0% frames 4354000/8069056 ep 52/56  2009 frames/s  ETA 1849s
[2026-08-04 11:23:47] [data] [██████████░░░░░░░░░░]  54.0% frames 4356000/8069056 ep 52/56  2009 frames/s  ETA 1848s
[2026-08-04 11:23:48] [data] [██████████░░░░░░░░░░]  54.0% frames 4358000/8069056 ep 52/56  2009 frames/s  ETA 1847s
[2026-08-04 11:23:49] [data] [██████████░░░░░░░░░░]  54.0% frames 4360000/8069056 ep 52/56  2009 frames/s  ETA 1846s
[2026-08-04 11:23:50] [data] [██████████░░░░░░░░░░]  54.1% frames 4362000/8069056 ep 52/56  2009 frames/s  ETA 1845s
[2026-08-04 11:23:51] [data] [██████████░░░░░░░░░░]  54.1% frames 4364000/8069056 ep 52/56  2009 frames/s  ETA 1844s
[2026-08-04 11:23:52] [data] [██████████░░░░░░░░░░]  54.1% frames 4366000/8069056 ep 52/56  2009 frames/s  ETA 1843s
[2026-08-04 11:23:53] [data] [██████████░░░░░░░░░░]  54.1% frames 4368000/8069056 ep 52/56  2009 frames/s  ETA 1842s
[2026-08-04 11:23:54] [data] [██████████░░░░░░░░░░]  54.2% frames 4370000/8069056 ep 52/56  2009 frames/s  ETA 1841s
[2026-08-04 11:23:55] [data] [██████████░░░░░░░░░░]  54.2% frames 4372000/8069056 ep 52/56  2009 frames/s  ETA 1840s
[2026-08-04 11:23:56] [data] [██████████░░░░░░░░░░]  54.2% frames 4374000/8069056 ep 52/56  2009 frames/s  ETA 1839s
[2026-08-04 11:23:57] [data] [██████████░░░░░░░░░░]  54.2% frames 4376000/8069056 ep 52/56  2009 frames/s  ETA 1838s
[2026-08-04 11:23:58] [data] [██████████░░░░░░░░░░]  54.3% frames 4378000/8069056 ep 52/56  2009 frames/s  ETA 1837s
[2026-08-04 11:23:59] [data] [██████████░░░░░░░░░░]  54.3% frames 4380000/8069056 ep 52/56  2009 frames/s  ETA 1836s
[2026-08-04 11:24:00] [data] [██████████░░░░░░░░░░]  54.3% frames 4382000/8069056 ep 52/56  2009 frames/s  ETA 1835s
[2026-08-04 11:24:01] [data] [██████████░░░░░░░░░░]  54.3% frames 4384000/8069056 ep 52/56  2009 frames/s  ETA 1834s
[2026-08-04 11:24:02] [data] [██████████░░░░░░░░░░]  54.4% frames 4386000/8069056 ep 52/56  2009 frames/s  ETA 1833s
[2026-08-04 11:24:03] [data] [██████████░░░░░░░░░░]  54.4% frames 4388000/8069056 ep 52/56  2009 frames/s  ETA 1832s
[2026-08-04 11:24:04] [data] [██████████░░░░░░░░░░]  54.4% frames 4390000/8069056 ep 52/56  2009 frames/s  ETA 1831s
[2026-08-04 11:24:05] [data] [██████████░░░░░░░░░░]  54.4% frames 4392000/8069056 ep 52/56  2009 frames/s  ETA 1830s
[2026-08-04 11:24:06] [data] [██████████░░░░░░░░░░]  54.5% frames 4394000/8069056 ep 52/56  2009 frames/s  ETA 1829s
[2026-08-04 11:24:07] [data] [██████████░░░░░░░░░░]  54.5% frames 4396000/8069056 ep 52/56  2009 frames/s  ETA 1828s
[2026-08-04 11:24:07] [data] [██████████░░░░░░░░░░]  54.5% frames 4398000/8069056 ep 52/56  2009 frames/s  ETA 1827s
[2026-08-04 11:24:08] [data] [██████████░░░░░░░░░░]  54.5% frames 4400000/8069056 ep 52/56  2009 frames/s  ETA 1826s
[2026-08-04 11:24:09] [data] [██████████░░░░░░░░░░]  54.6% frames 4402000/8069056 ep 52/56  2009 frames/s  ETA 1825s
[2026-08-04 11:24:10] [data] [██████████░░░░░░░░░░]  54.6% frames 4404000/8069056 ep 52/56  2009 frames/s  ETA 1824s
[2026-08-04 11:24:11] [data] [██████████░░░░░░░░░░]  54.6% frames 4406000/8069056 ep 52/56  2009 frames/s  ETA 1823s
[2026-08-04 11:24:12] [data] [██████████░░░░░░░░░░]  54.6% frames 4408000/8069056 ep 52/56  2009 frames/s  ETA 1822s
[2026-08-04 11:24:13] [data] [██████████░░░░░░░░░░]  54.7% frames 4410000/8069056 ep 52/56  2010 frames/s  ETA 1821s
[2026-08-04 11:24:14] [data] [██████████░░░░░░░░░░]  54.7% frames 4412000/8069056 ep 52/56  2010 frames/s  ETA 1820s
[2026-08-04 11:24:15] [data] [██████████░░░░░░░░░░]  54.7% frames 4414000/8069056 ep 52/56  2010 frames/s  ETA 1819s
[2026-08-04 11:24:16] [data] [██████████░░░░░░░░░░]  54.7% frames 4416000/8069056 ep 52/56  2010 frames/s  ETA 1818s
[2026-08-04 11:24:17] [data] [██████████░░░░░░░░░░]  54.8% frames 4418000/8069056 ep 52/56  2010 frames/s  ETA 1817s
[2026-08-04 11:24:18] [data] [██████████░░░░░░░░░░]  54.8% frames 4420000/8069056 ep 52/56  2010 frames/s  ETA 1816s
[2026-08-04 11:24:19] [data] [██████████░░░░░░░░░░]  54.8% frames 4422000/8069056 ep 52/56  2009 frames/s  ETA 1815s
[2026-08-04 11:24:20] [data] [██████████░░░░░░░░░░]  54.8% frames 4424000/8069056 ep 52/56  2009 frames/s  ETA 1814s
[2026-08-04 11:24:21] [data] [██████████░░░░░░░░░░]  54.9% frames 4426000/8069056 ep 52/56  2009 frames/s  ETA 1813s
[2026-08-04 11:24:23] [data] [██████████░░░░░░░░░░]  54.9% frames 4428000/8069056 ep 52/56  2009 frames/s  ETA 1812s
[2026-08-04 11:24:24] [data] [██████████░░░░░░░░░░]  54.9% frames 4430000/8069056 ep 52/56  2009 frames/s  ETA 1811s
[2026-08-04 11:24:25] [data] [██████████░░░░░░░░░░]  54.9% frames 4432000/8069056 ep 52/56  2009 frames/s  ETA 1810s
[2026-08-04 11:24:26] [data] [██████████░░░░░░░░░░]  55.0% frames 4434000/8069056 ep 52/56  2009 frames/s  ETA 1809s
[2026-08-04 11:24:27] [data] [██████████░░░░░░░░░░]  55.0% frames 4436000/8069056 ep 52/56  2009 frames/s  ETA 1808s
[2026-08-04 11:24:28] [data] [███████████░░░░░░░░░]  55.0% frames 4438000/8069056 ep 52/56  2009 frames/s  ETA 1807s
[2026-08-04 11:24:29] [data] [███████████░░░░░░░░░]  55.0% frames 4440000/8069056 ep 52/56  2009 frames/s  ETA 1806s
[2026-08-04 11:24:30] [data] [███████████░░░░░░░░░]  55.0% frames 4442000/8069056 ep 52/56  2009 frames/s  ETA 1805s
[2026-08-04 11:24:31] [data] [███████████░░░░░░░░░]  55.1% frames 4444000/8069056 ep 52/56  2009 frames/s  ETA 1804s
[2026-08-04 11:24:32] [data] [███████████░░░░░░░░░]  55.1% frames 4446000/8069056 ep 52/56  2009 frames/s  ETA 1803s
[2026-08-04 11:24:33] [data] [███████████░░░░░░░░░]  55.1% frames 4448000/8069056 ep 52/56  2009 frames/s  ETA 1802s
[2026-08-04 11:24:34] [data] [███████████░░░░░░░░░]  55.1% frames 4450000/8069056 ep 52/56  2009 frames/s  ETA 1801s
[2026-08-04 11:24:35] [data] [███████████░░░░░░░░░]  55.2% frames 4452000/8069056 ep 52/56  2009 frames/s  ETA 1800s
[2026-08-04 11:24:36] [data] [███████████░░░░░░░░░]  55.2% frames 4454000/8069056 ep 52/56  2009 frames/s  ETA 1799s
[2026-08-04 11:24:37] [data] [███████████░░░░░░░░░]  55.2% frames 4456000/8069056 ep 52/56  2009 frames/s  ETA 1798s
[2026-08-04 11:24:38] [data] [███████████░░░░░░░░░]  55.2% frames 4458000/8069056 ep 52/56  2009 frames/s  ETA 1797s
[2026-08-04 11:24:39] [data] [███████████░░░░░░░░░]  55.3% frames 4460000/8069056 ep 52/56  2009 frames/s  ETA 1796s
[2026-08-04 11:24:40] [data] [███████████░░░░░░░░░]  55.3% frames 4462000/8069056 ep 52/56  2009 frames/s  ETA 1795s
[2026-08-04 11:24:41] [data] [███████████░░░░░░░░░]  55.3% frames 4464000/8069056 ep 52/56  2009 frames/s  ETA 1795s
[2026-08-04 11:24:42] [data] [███████████░░░░░░░░░]  55.3% frames 4466000/8069056 ep 52/56  2009 frames/s  ETA 1794s
[2026-08-04 11:24:43] [data] [███████████░░░░░░░░░]  55.4% frames 4468000/8069056 ep 52/56  2009 frames/s  ETA 1793s
[2026-08-04 11:24:44] [data] [███████████░░░░░░░░░]  55.4% frames 4470000/8069056 ep 52/56  2009 frames/s  ETA 1792s
[2026-08-04 11:24:45] [data] [███████████░░░░░░░░░]  55.4% frames 4472000/8069056 ep 52/56  2009 frames/s  ETA 1791s
[2026-08-04 11:24:46] [data] [███████████░░░░░░░░░]  55.4% frames 4474000/8069056 ep 52/56  2009 frames/s  ETA 1790s
[2026-08-04 11:24:47] [data] [███████████░░░░░░░░░]  55.5% frames 4476000/8069056 ep 52/56  2009 frames/s  ETA 1789s
[2026-08-04 11:24:48] [data] [███████████░░░░░░░░░]  55.5% frames 4478000/8069056 ep 52/56  2009 frames/s  ETA 1788s
[2026-08-04 11:24:49] [data] [███████████░░░░░░░░░]  55.5% frames 4480000/8069056 ep 52/56  2009 frames/s  ETA 1787s
[2026-08-04 11:24:50] [data] [███████████░░░░░░░░░]  55.5% frames 4482000/8069056 ep 52/56  2009 frames/s  ETA 1786s
[2026-08-04 11:24:51] [data] [███████████░░░░░░░░░]  55.6% frames 4484000/8069056 ep 52/56  2009 frames/s  ETA 1785s
[2026-08-04 11:24:52] [data] [███████████░░░░░░░░░]  55.6% frames 4486000/8069056 ep 52/56  2009 frames/s  ETA 1784s
[2026-08-04 11:24:53] [data] [███████████░░░░░░░░░]  55.6% frames 4488000/8069056 ep 52/56  2009 frames/s  ETA 1783s
[2026-08-04 11:24:54] [data] [███████████░░░░░░░░░]  55.6% frames 4490000/8069056 ep 52/56  2008 frames/s  ETA 1782s
[2026-08-04 11:24:56] [data] [███████████░░░░░░░░░]  55.7% frames 4492000/8069056 ep 52/56  2008 frames/s  ETA 1781s
[2026-08-04 11:24:57] [data] [███████████░░░░░░░░░]  55.7% frames 4494000/8069056 ep 52/56  2008 frames/s  ETA 1780s
[2026-08-04 11:24:58] [data] [███████████░░░░░░░░░]  55.7% frames 4496000/8069056 ep 52/56  2008 frames/s  ETA 1780s
[2026-08-04 11:24:59] [data] [███████████░░░░░░░░░]  55.7% frames 4498000/8069056 ep 52/56  2008 frames/s  ETA 1779s
[2026-08-04 11:25:00] [data] [███████████░░░░░░░░░]  55.8% frames 4500000/8069056 ep 52/56  2008 frames/s  ETA 1778s
[2026-08-04 11:25:01] [data] [███████████░░░░░░░░░]  55.8% frames 4502000/8069056 ep 52/56  2007 frames/s  ETA 1777s
[2026-08-04 11:25:02] [data] [███████████░░░░░░░░░]  55.8% frames 4504000/8069056 ep 52/56  2007 frames/s  ETA 1776s
[2026-08-04 11:25:04] [data] [███████████░░░░░░░░░]  55.8% frames 4506000/8069056 ep 52/56  2007 frames/s  ETA 1775s
[2026-08-04 11:25:05] [data] [███████████░░░░░░░░░]  55.9% frames 4508000/8069056 ep 52/56  2007 frames/s  ETA 1774s
[2026-08-04 11:25:06] [data] [███████████░░░░░░░░░]  55.9% frames 4510000/8069056 ep 52/56  2007 frames/s  ETA 1774s
[2026-08-04 11:25:07] [data] [███████████░░░░░░░░░]  55.9% frames 4512000/8069056 ep 52/56  2007 frames/s  ETA 1773s
[2026-08-04 11:25:08] [data] [███████████░░░░░░░░░]  55.9% frames 4514000/8069056 ep 52/56  2007 frames/s  ETA 1772s
[2026-08-04 11:25:09] [data] [███████████░░░░░░░░░]  56.0% frames 4516000/8069056 ep 52/56  2007 frames/s  ETA 1771s
[2026-08-04 11:25:10] [data] [███████████░░░░░░░░░]  56.0% frames 4518000/8069056 ep 52/56  2007 frames/s  ETA 1770s
[2026-08-04 11:25:11] [data] [███████████░░░░░░░░░]  56.0% frames 4520000/8069056 ep 52/56  2007 frames/s  ETA 1769s
[2026-08-04 11:25:12] [data] [███████████░░░░░░░░░]  56.0% frames 4522000/8069056 ep 52/56  2007 frames/s  ETA 1768s
[2026-08-04 11:25:13] [data] [███████████░░░░░░░░░]  56.1% frames 4524000/8069056 ep 52/56  2007 frames/s  ETA 1767s
[2026-08-04 11:25:14] [data] [███████████░░░░░░░░░]  56.1% frames 4526000/8069056 ep 52/56  2007 frames/s  ETA 1766s
[2026-08-04 11:25:15] [data] [███████████░░░░░░░░░]  56.1% frames 4528000/8069056 ep 52/56  2007 frames/s  ETA 1765s
[2026-08-04 11:25:16] [data] [███████████░░░░░░░░░]  56.1% frames 4530000/8069056 ep 52/56  2007 frames/s  ETA 1764s
[2026-08-04 11:25:17] [data] [███████████░░░░░░░░░]  56.2% frames 4532000/8069056 ep 52/56  2007 frames/s  ETA 1763s
[2026-08-04 11:25:18] [data] [███████████░░░░░░░░░]  56.2% frames 4534000/8069056 ep 52/56  2007 frames/s  ETA 1762s
[2026-08-04 11:25:19] [data] [███████████░░░░░░░░░]  56.2% frames 4536000/8069056 ep 52/56  2007 frames/s  ETA 1761s
[2026-08-04 11:25:20] [data] [███████████░░░░░░░░░]  56.2% frames 4538000/8069056 ep 52/56  2007 frames/s  ETA 1760s
[2026-08-04 11:25:21] [data] [███████████░░░░░░░░░]  56.3% frames 4540000/8069056 ep 52/56  2006 frames/s  ETA 1759s
[2026-08-04 11:25:23] [data] [███████████░░░░░░░░░]  56.3% frames 4542000/8069056 ep 52/56  2006 frames/s  ETA 1758s
[2026-08-04 11:25:24] [data] [███████████░░░░░░░░░]  56.3% frames 4544000/8069056 ep 52/56  2006 frames/s  ETA 1757s
[2026-08-04 11:25:25] [data] [███████████░░░░░░░░░]  56.3% frames 4546000/8069056 ep 52/56  2006 frames/s  ETA 1756s
[2026-08-04 11:25:26] [data] [███████████░░░░░░░░░]  56.4% frames 4548000/8069056 ep 52/56  2006 frames/s  ETA 1755s
[2026-08-04 11:25:27] [data] [███████████░░░░░░░░░]  56.4% frames 4550000/8069056 ep 52/56  2006 frames/s  ETA 1754s
[2026-08-04 11:25:28] [data] [███████████░░░░░░░░░]  56.4% frames 4552000/8069056 ep 52/56  2006 frames/s  ETA 1753s
[2026-08-04 11:25:29] [data] [███████████░░░░░░░░░]  56.4% frames 4554000/8069056 ep 52/56  2006 frames/s  ETA 1752s
[2026-08-04 11:25:30] [data] [███████████░░░░░░░░░]  56.5% frames 4556000/8069056 ep 52/56  2006 frames/s  ETA 1751s
[2026-08-04 11:25:31] [data] [███████████░░░░░░░░░]  56.5% frames 4558000/8069056 ep 52/56  2006 frames/s  ETA 1750s
[2026-08-04 11:25:32] [data] [███████████░░░░░░░░░]  56.5% frames 4560000/8069056 ep 52/56  2006 frames/s  ETA 1749s
[2026-08-04 11:25:33] [data] [███████████░░░░░░░░░]  56.5% frames 4562000/8069056 ep 52/56  2006 frames/s  ETA 1748s
[2026-08-04 11:25:34] [data] [███████████░░░░░░░░░]  56.6% frames 4564000/8069056 ep 52/56  2006 frames/s  ETA 1747s
[2026-08-04 11:25:35] [data] [███████████░░░░░░░░░]  56.6% frames 4566000/8069056 ep 52/56  2006 frames/s  ETA 1746s
[2026-08-04 11:25:36] [data] [███████████░░░░░░░░░]  56.6% frames 4568000/8069056 ep 52/56  2006 frames/s  ETA 1745s
[2026-08-04 11:25:37] [data] [███████████░░░░░░░░░]  56.6% frames 4570000/8069056 ep 52/56  2006 frames/s  ETA 1744s
[2026-08-04 11:25:38] [data] [███████████░░░░░░░░░]  56.7% frames 4572000/8069056 ep 52/56  2006 frames/s  ETA 1743s
[2026-08-04 11:25:39] [data] [███████████░░░░░░░░░]  56.7% frames 4574000/8069056 ep 52/56  2006 frames/s  ETA 1742s
[2026-08-04 11:25:40] [data] [███████████░░░░░░░░░]  56.7% frames 4576000/8069056 ep 52/56  2006 frames/s  ETA 1741s
[2026-08-04 11:25:41] [data] [███████████░░░░░░░░░]  56.7% frames 4578000/8069056 ep 52/56  2006 frames/s  ETA 1740s
[2026-08-04 11:25:42] [data] [███████████░░░░░░░░░]  56.8% frames 4580000/8069056 ep 52/56  2006 frames/s  ETA 1739s
[2026-08-04 11:25:43] [data] [███████████░░░░░░░░░]  56.8% frames 4582000/8069056 ep 52/56  2006 frames/s  ETA 1739s
[2026-08-04 11:25:44] [data] [███████████░░░░░░░░░]  56.8% frames 4584000/8069056 ep 52/56  2006 frames/s  ETA 1738s
[2026-08-04 11:25:45] [data] [███████████░░░░░░░░░]  56.8% frames 4586000/8069056 ep 52/56  2006 frames/s  ETA 1737s
[2026-08-04 11:25:46] [data] [███████████░░░░░░░░░]  56.9% frames 4588000/8069056 ep 52/56  2005 frames/s  ETA 1736s
[2026-08-04 11:25:47] [data] [███████████░░░░░░░░░]  56.9% frames 4590000/8069056 ep 52/56  2005 frames/s  ETA 1735s
[2026-08-04 11:25:48] [data] [███████████░░░░░░░░░]  56.9% frames 4592000/8069056 ep 52/56  2005 frames/s  ETA 1734s
[2026-08-04 11:25:49] [data] [███████████░░░░░░░░░]  56.9% frames 4594000/8069056 ep 52/56  2005 frames/s  ETA 1733s
[2026-08-04 11:25:50] [data] [███████████░░░░░░░░░]  57.0% frames 4596000/8069056 ep 52/56  2005 frames/s  ETA 1732s
[2026-08-04 11:25:51] [data] [███████████░░░░░░░░░]  57.0% frames 4598000/8069056 ep 52/56  2006 frames/s  ETA 1731s
[2026-08-04 11:25:52] [data] [███████████░░░░░░░░░]  57.0% frames 4600000/8069056 ep 52/56  2005 frames/s  ETA 1730s
[2026-08-04 11:25:53] [data] [███████████░░░░░░░░░]  57.0% frames 4602000/8069056 ep 52/56  2005 frames/s  ETA 1729s
[2026-08-04 11:25:54] [data] [███████████░░░░░░░░░]  57.1% frames 4604000/8069056 ep 52/56  2006 frames/s  ETA 1728s
[2026-08-04 11:25:55] [data] [███████████░░░░░░░░░]  57.1% frames 4606000/8069056 ep 52/56  2006 frames/s  ETA 1727s
[2026-08-04 11:25:56] [data] [███████████░░░░░░░░░]  57.1% frames 4608000/8069056 ep 52/56  2006 frames/s  ETA 1726s
[2026-08-04 11:25:57] [data] [███████████░░░░░░░░░]  57.1% frames 4610000/8069056 ep 52/56  2006 frames/s  ETA 1725s
[2026-08-04 11:25:58] [data] [███████████░░░░░░░░░]  57.2% frames 4612000/8069056 ep 52/56  2006 frames/s  ETA 1724s
[2026-08-04 11:25:59] [data] [███████████░░░░░░░░░]  57.2% frames 4614000/8069056 ep 52/56  2006 frames/s  ETA 1723s
[2026-08-04 11:26:00] [data] [███████████░░░░░░░░░]  57.2% frames 4616000/8069056 ep 52/56  2006 frames/s  ETA 1722s
[2026-08-04 11:26:01] [data] [███████████░░░░░░░░░]  57.2% frames 4618000/8069056 ep 52/56  2006 frames/s  ETA 1721s
[2026-08-04 11:26:02] [data] [███████████░░░░░░░░░]  57.3% frames 4620000/8069056 ep 52/56  2006 frames/s  ETA 1720s
[2026-08-04 11:26:03] [data] [███████████░░░░░░░░░]  57.3% frames 4622000/8069056 ep 52/56  2006 frames/s  ETA 1719s
[2026-08-04 11:26:04] [data] [███████████░░░░░░░░░]  57.3% frames 4624000/8069056 ep 52/56  2006 frames/s  ETA 1718s
[2026-08-04 11:26:05] [data] [███████████░░░░░░░░░]  57.3% frames 4626000/8069056 ep 52/56  2006 frames/s  ETA 1717s
[2026-08-04 11:26:06] [data] [███████████░░░░░░░░░]  57.4% frames 4628000/8069056 ep 52/56  2006 frames/s  ETA 1716s
[2026-08-04 11:26:07] [data] [███████████░░░░░░░░░]  57.4% frames 4630000/8069056 ep 52/56  2006 frames/s  ETA 1714s
[2026-08-04 11:26:08] [data] [███████████░░░░░░░░░]  57.4% frames 4632000/8069056 ep 52/56  2006 frames/s  ETA 1713s
[2026-08-04 11:26:09] [data] [███████████░░░░░░░░░]  57.4% frames 4634000/8069056 ep 52/56  2006 frames/s  ETA 1712s
[2026-08-04 11:26:10] [data] [███████████░░░░░░░░░]  57.5% frames 4636000/8069056 ep 52/56  2006 frames/s  ETA 1711s
[2026-08-04 11:26:11] [data] [███████████░░░░░░░░░]  57.5% frames 4638000/8069056 ep 52/56  2006 frames/s  ETA 1710s
[2026-08-04 11:26:12] [data] [███████████░░░░░░░░░]  57.5% frames 4640000/8069056 ep 52/56  2006 frames/s  ETA 1709s
[2026-08-04 11:26:13] [data] [███████████░░░░░░░░░]  57.5% frames 4642000/8069056 ep 52/56  2006 frames/s  ETA 1708s
[2026-08-04 11:26:14] [data] [███████████░░░░░░░░░]  57.6% frames 4644000/8069056 ep 52/56  2006 frames/s  ETA 1707s
[2026-08-04 11:26:15] [data] [███████████░░░░░░░░░]  57.6% frames 4646000/8069056 ep 52/56  2006 frames/s  ETA 1706s
[2026-08-04 11:26:16] [data] [███████████░░░░░░░░░]  57.6% frames 4648000/8069056 ep 52/56  2006 frames/s  ETA 1705s
[2026-08-04 11:26:17] [data] [███████████░░░░░░░░░]  57.6% frames 4650000/8069056 ep 52/56  2006 frames/s  ETA 1704s
[2026-08-04 11:26:18] [data] [███████████░░░░░░░░░]  57.7% frames 4652000/8069056 ep 52/56  2006 frames/s  ETA 1703s
[2026-08-04 11:26:19] [data] [███████████░░░░░░░░░]  57.7% frames 4654000/8069056 ep 52/56  2006 frames/s  ETA 1702s
[2026-08-04 11:26:20] [data] [███████████░░░░░░░░░]  57.7% frames 4656000/8069056 ep 52/56  2006 frames/s  ETA 1701s
[2026-08-04 11:26:20] [data] [███████████░░░░░░░░░]  57.7% frames 4658000/8069056 ep 52/56  2006 frames/s  ETA 1700s
[2026-08-04 11:26:21] [data] [███████████░░░░░░░░░]  57.8% frames 4660000/8069056 ep 52/56  2006 frames/s  ETA 1699s
[2026-08-04 11:26:22] [data] [███████████░░░░░░░░░]  57.8% frames 4662000/8069056 ep 52/56  2006 frames/s  ETA 1698s
[2026-08-04 11:26:23] [data] [███████████░░░░░░░░░]  57.8% frames 4664000/8069056 ep 52/56  2006 frames/s  ETA 1697s
[2026-08-04 11:26:24] [data] [███████████░░░░░░░░░]  57.8% frames 4666000/8069056 ep 52/56  2006 frames/s  ETA 1696s
[2026-08-04 11:26:25] [data] [███████████░░░░░░░░░]  57.9% frames 4668000/8069056 ep 52/56  2006 frames/s  ETA 1695s
[2026-08-04 11:26:26] [data] [███████████░░░░░░░░░]  57.9% frames 4670000/8069056 ep 52/56  2006 frames/s  ETA 1694s
[2026-08-04 11:26:27] [data] [███████████░░░░░░░░░]  57.9% frames 4672000/8069056 ep 52/56  2006 frames/s  ETA 1693s
[2026-08-04 11:26:28] [data] [███████████░░░░░░░░░]  57.9% frames 4674000/8069056 ep 52/56  2006 frames/s  ETA 1692s
[2026-08-04 11:26:29] [data] [███████████░░░░░░░░░]  57.9% frames 4676000/8069056 ep 52/56  2006 frames/s  ETA 1691s
[2026-08-04 11:26:30] [data] [███████████░░░░░░░░░]  58.0% frames 4678000/8069056 ep 52/56  2006 frames/s  ETA 1690s
[2026-08-04 11:26:31] [data] [███████████░░░░░░░░░]  58.0% frames 4680000/8069056 ep 52/56  2006 frames/s  ETA 1689s
[2026-08-04 11:26:32] [data] [███████████░░░░░░░░░]  58.0% frames 4682000/8069056 ep 52/56  2006 frames/s  ETA 1688s
[2026-08-04 11:26:33] [data] [███████████░░░░░░░░░]  58.0% frames 4684000/8069056 ep 52/56  2006 frames/s  ETA 1687s
[2026-08-04 11:26:34] [data] [███████████░░░░░░░░░]  58.1% frames 4686000/8069056 ep 52/56  2006 frames/s  ETA 1686s
[2026-08-04 11:26:35] [data] [███████████░░░░░░░░░]  58.1% frames 4688000/8069056 ep 52/56  2006 frames/s  ETA 1685s
[2026-08-04 11:26:36] [data] [███████████░░░░░░░░░]  58.1% frames 4690000/8069056 ep 52/56  2006 frames/s  ETA 1684s
[2026-08-04 11:26:37] [data] [███████████░░░░░░░░░]  58.1% frames 4692000/8069056 ep 52/56  2006 frames/s  ETA 1683s
[2026-08-04 11:26:38] [data] [███████████░░░░░░░░░]  58.2% frames 4694000/8069056 ep 52/56  2006 frames/s  ETA 1682s
[2026-08-04 11:26:39] [data] [███████████░░░░░░░░░]  58.2% frames 4696000/8069056 ep 52/56  2006 frames/s  ETA 1681s
[2026-08-04 11:26:40] [data] [███████████░░░░░░░░░]  58.2% frames 4698000/8069056 ep 52/56  2006 frames/s  ETA 1680s
[2026-08-04 11:26:41] [data] [███████████░░░░░░░░░]  58.2% frames 4700000/8069056 ep 52/56  2006 frames/s  ETA 1679s
[2026-08-04 11:26:42] [data] [███████████░░░░░░░░░]  58.3% frames 4702000/8069056 ep 52/56  2006 frames/s  ETA 1678s
[2026-08-04 11:26:43] [data] [███████████░░░░░░░░░]  58.3% frames 4704000/8069056 ep 52/56  2006 frames/s  ETA 1677s
[2026-08-04 11:26:44] [data] [███████████░░░░░░░░░]  58.3% frames 4706000/8069056 ep 52/56  2006 frames/s  ETA 1676s
[2026-08-04 11:26:45] [data] [███████████░░░░░░░░░]  58.3% frames 4708000/8069056 ep 52/56  2006 frames/s  ETA 1675s
[2026-08-04 11:26:46] [data] [███████████░░░░░░░░░]  58.4% frames 4710000/8069056 ep 52/56  2006 frames/s  ETA 1674s
[2026-08-04 11:26:47] [data] [███████████░░░░░░░░░]  58.4% frames 4712000/8069056 ep 52/56  2006 frames/s  ETA 1673s
[2026-08-04 11:26:48] [data] [███████████░░░░░░░░░]  58.4% frames 4714000/8069056 ep 52/56  2006 frames/s  ETA 1672s
[2026-08-04 11:26:49] [data] [███████████░░░░░░░░░]  58.4% frames 4716000/8069056 ep 52/56  2006 frames/s  ETA 1671s
[2026-08-04 11:26:50] [data] [███████████░░░░░░░░░]  58.5% frames 4718000/8069056 ep 52/56  2006 frames/s  ETA 1670s
[2026-08-04 11:26:51] [data] [███████████░░░░░░░░░]  58.5% frames 4720000/8069056 ep 52/56  2006 frames/s  ETA 1669s
[2026-08-04 11:26:52] [data] [███████████░░░░░░░░░]  58.5% frames 4722000/8069056 ep 52/56  2006 frames/s  ETA 1668s
[2026-08-04 11:26:53] [data] [███████████░░░░░░░░░]  58.5% frames 4724000/8069056 ep 52/56  2006 frames/s  ETA 1667s
[2026-08-04 11:26:54] [data] [███████████░░░░░░░░░]  58.6% frames 4726000/8069056 ep 52/56  2006 frames/s  ETA 1666s
[2026-08-04 11:26:55] [data] [███████████░░░░░░░░░]  58.6% frames 4728000/8069056 ep 52/56  2006 frames/s  ETA 1665s
[2026-08-04 11:26:56] [data] [███████████░░░░░░░░░]  58.6% frames 4730000/8069056 ep 52/56  2006 frames/s  ETA 1664s
[2026-08-04 11:26:57] [data] [███████████░░░░░░░░░]  58.6% frames 4732000/8069056 ep 52/56  2007 frames/s  ETA 1663s
[2026-08-04 11:26:58] [data] [███████████░░░░░░░░░]  58.7% frames 4734000/8069056 ep 52/56  2007 frames/s  ETA 1662s
[2026-08-04 11:26:59] [data] [███████████░░░░░░░░░]  58.7% frames 4736000/8069056 ep 52/56  2007 frames/s  ETA 1661s
[2026-08-04 11:27:00] [data] [███████████░░░░░░░░░]  58.7% frames 4738000/8069056 ep 52/56  2007 frames/s  ETA 1660s
[2026-08-04 11:27:01] [data] [███████████░░░░░░░░░]  58.7% frames 4740000/8069056 ep 52/56  2007 frames/s  ETA 1659s
[2026-08-04 11:27:02] [data] [███████████░░░░░░░░░]  58.8% frames 4742000/8069056 ep 52/56  2007 frames/s  ETA 1658s
[2026-08-04 11:27:03] [data] [███████████░░░░░░░░░]  58.8% frames 4744000/8069056 ep 52/56  2007 frames/s  ETA 1657s
[2026-08-04 11:27:04] [data] [███████████░░░░░░░░░]  58.8% frames 4746000/8069056 ep 52/56  2007 frames/s  ETA 1656s
[2026-08-04 11:27:05] [data] [███████████░░░░░░░░░]  58.8% frames 4748000/8069056 ep 52/56  2007 frames/s  ETA 1655s
[2026-08-04 11:27:06] [data] [███████████░░░░░░░░░]  58.9% frames 4750000/8069056 ep 52/56  2007 frames/s  ETA 1654s
[2026-08-04 11:27:07] [data] [███████████░░░░░░░░░]  58.9% frames 4752000/8069056 ep 52/56  2007 frames/s  ETA 1653s
[2026-08-04 11:27:08] [data] [███████████░░░░░░░░░]  58.9% frames 4754000/8069056 ep 52/56  2007 frames/s  ETA 1652s
[2026-08-04 11:27:09] [data] [███████████░░░░░░░░░]  58.9% frames 4756000/8069056 ep 52/56  2007 frames/s  ETA 1651s
[2026-08-04 11:27:10] [data] [███████████░░░░░░░░░]  59.0% frames 4758000/8069056 ep 52/56  2007 frames/s  ETA 1650s
[2026-08-04 11:27:11] [data] [███████████░░░░░░░░░]  59.0% frames 4760000/8069056 ep 52/56  2007 frames/s  ETA 1649s
[2026-08-04 11:27:12] [data] [███████████░░░░░░░░░]  59.0% frames 4762000/8069056 ep 52/56  2007 frames/s  ETA 1648s
[2026-08-04 11:27:13] [data] [███████████░░░░░░░░░]  59.0% frames 4764000/8069056 ep 52/56  2007 frames/s  ETA 1647s
[2026-08-04 11:27:14] [data] [███████████░░░░░░░░░]  59.1% frames 4766000/8069056 ep 52/56  2007 frames/s  ETA 1646s
[2026-08-04 11:27:15] [data] [███████████░░░░░░░░░]  59.1% frames 4768000/8069056 ep 52/56  2007 frames/s  ETA 1645s
[2026-08-04 11:27:16] [data] [███████████░░░░░░░░░]  59.1% frames 4770000/8069056 ep 52/56  2007 frames/s  ETA 1644s
[2026-08-04 11:27:17] [data] [███████████░░░░░░░░░]  59.1% frames 4772000/8069056 ep 52/56  2007 frames/s  ETA 1643s
[2026-08-04 11:27:18] [data] [███████████░░░░░░░░░]  59.2% frames 4774000/8069056 ep 52/56  2007 frames/s  ETA 1642s
[2026-08-04 11:27:19] [data] [███████████░░░░░░░░░]  59.2% frames 4776000/8069056 ep 52/56  2007 frames/s  ETA 1641s
[2026-08-04 11:27:20] [data] [███████████░░░░░░░░░]  59.2% frames 4778000/8069056 ep 52/56  2007 frames/s  ETA 1640s
[2026-08-04 11:27:21] [data] [███████████░░░░░░░░░]  59.2% frames 4780000/8069056 ep 52/56  2007 frames/s  ETA 1639s
[2026-08-04 11:27:22] [data] [███████████░░░░░░░░░]  59.3% frames 4782000/8069056 ep 52/56  2007 frames/s  ETA 1638s
[2026-08-04 11:27:23] [data] [███████████░░░░░░░░░]  59.3% frames 4784000/8069056 ep 52/56  2007 frames/s  ETA 1637s
[2026-08-04 11:27:24] [data] [███████████░░░░░░░░░]  59.3% frames 4786000/8069056 ep 52/56  2007 frames/s  ETA 1636s
[2026-08-04 11:27:25] [data] [███████████░░░░░░░░░]  59.3% frames 4788000/8069056 ep 52/56  2007 frames/s  ETA 1635s
[2026-08-04 11:27:26] [data] [███████████░░░░░░░░░]  59.4% frames 4790000/8069056 ep 52/56  2007 frames/s  ETA 1634s
[2026-08-04 11:27:27] [data] [███████████░░░░░░░░░]  59.4% frames 4792000/8069056 ep 52/56  2007 frames/s  ETA 1633s
[2026-08-04 11:27:28] [data] [███████████░░░░░░░░░]  59.4% frames 4794000/8069056 ep 52/56  2007 frames/s  ETA 1632s
[2026-08-04 11:27:29] [data] [███████████░░░░░░░░░]  59.4% frames 4796000/8069056 ep 52/56  2006 frames/s  ETA 1631s
[2026-08-04 11:27:30] [data] [███████████░░░░░░░░░]  59.5% frames 4798000/8069056 ep 52/56  2006 frames/s  ETA 1630s
[2026-08-04 11:27:31] [data] [███████████░░░░░░░░░]  59.5% frames 4800000/8069056 ep 52/56  2006 frames/s  ETA 1630s
[2026-08-04 11:27:33] [data] [███████████░░░░░░░░░]  59.5% frames 4802000/8069056 ep 52/56  2006 frames/s  ETA 1629s
[2026-08-04 11:27:34] [data] [███████████░░░░░░░░░]  59.5% frames 4804000/8069056 ep 52/56  2006 frames/s  ETA 1628s
[2026-08-04 11:27:35] [data] [███████████░░░░░░░░░]  59.6% frames 4806000/8069056 ep 52/56  2006 frames/s  ETA 1627s
[2026-08-04 11:27:36] [data] [███████████░░░░░░░░░]  59.6% frames 4808000/8069056 ep 52/56  2006 frames/s  ETA 1626s
[2026-08-04 11:27:37] [data] [███████████░░░░░░░░░]  59.6% frames 4810000/8069056 ep 52/56  2006 frames/s  ETA 1625s
[2026-08-04 11:27:38] [data] [███████████░░░░░░░░░]  59.6% frames 4812000/8069056 ep 52/56  2006 frames/s  ETA 1624s
[2026-08-04 11:27:39] [data] [███████████░░░░░░░░░]  59.7% frames 4814000/8069056 ep 52/56  2006 frames/s  ETA 1623s
[2026-08-04 11:27:40] [data] [███████████░░░░░░░░░]  59.7% frames 4816000/8069056 ep 52/56  2006 frames/s  ETA 1622s
[2026-08-04 11:27:41] [data] [███████████░░░░░░░░░]  59.7% frames 4818000/8069056 ep 52/56  2006 frames/s  ETA 1621s
[2026-08-04 11:27:42] [data] [███████████░░░░░░░░░]  59.7% frames 4820000/8069056 ep 52/56  2005 frames/s  ETA 1620s
[2026-08-04 11:27:43] [data] [███████████░░░░░░░░░]  59.8% frames 4822000/8069056 ep 52/56  2005 frames/s  ETA 1619s
[2026-08-04 11:27:44] [data] [███████████░░░░░░░░░]  59.8% frames 4824000/8069056 ep 52/56  2005 frames/s  ETA 1618s
[2026-08-04 11:27:46] [data] [███████████░░░░░░░░░]  59.8% frames 4826000/8069056 ep 52/56  2005 frames/s  ETA 1617s
[2026-08-04 11:27:46] [data] [███████████░░░░░░░░░]  59.8% frames 4828000/8069056 ep 52/56  2005 frames/s  ETA 1616s
[2026-08-04 11:27:48] [data] [███████████░░░░░░░░░]  59.9% frames 4830000/8069056 ep 52/56  2005 frames/s  ETA 1615s
[2026-08-04 11:27:48] [data] [███████████░░░░░░░░░]  59.9% frames 4832000/8069056 ep 52/56  2005 frames/s  ETA 1614s
[2026-08-04 11:27:49] [data] [███████████░░░░░░░░░]  59.9% frames 4834000/8069056 ep 52/56  2005 frames/s  ETA 1613s
[2026-08-04 11:27:50] [data] [███████████░░░░░░░░░]  59.9% frames 4836000/8069056 ep 52/56  2005 frames/s  ETA 1612s
[2026-08-04 11:27:51] [data] [███████████░░░░░░░░░]  60.0% frames 4838000/8069056 ep 52/56  2005 frames/s  ETA 1611s
[2026-08-04 11:27:52] [data] [███████████░░░░░░░░░]  60.0% frames 4840000/8069056 ep 52/56  2005 frames/s  ETA 1610s
[2026-08-04 11:27:53] [data] [████████████░░░░░░░░]  60.0% frames 4842000/8069056 ep 52/56  2005 frames/s  ETA 1609s
[2026-08-04 11:27:54] [data] [████████████░░░░░░░░]  60.0% frames 4844000/8069056 ep 52/56  2005 frames/s  ETA 1608s
[2026-08-04 11:27:55] [data] [████████████░░░░░░░░]  60.1% frames 4846000/8069056 ep 52/56  2005 frames/s  ETA 1607s
[2026-08-04 11:27:56] [data] [████████████░░░░░░░░]  60.1% frames 4848000/8069056 ep 52/56  2005 frames/s  ETA 1606s
[2026-08-04 11:27:57] [data] [████████████░░░░░░░░]  60.1% frames 4850000/8069056 ep 52/56  2005 frames/s  ETA 1605s
[2026-08-04 11:27:58] [data] [████████████░░░░░░░░]  60.1% frames 4852000/8069056 ep 52/56  2005 frames/s  ETA 1604s
[2026-08-04 11:27:59] [data] [████████████░░░░░░░░]  60.2% frames 4854000/8069056 ep 52/56  2005 frames/s  ETA 1603s
[2026-08-04 11:28:00] [data] [████████████░░░░░░░░]  60.2% frames 4856000/8069056 ep 52/56  2005 frames/s  ETA 1602s
[2026-08-04 11:28:01] [data] [████████████░░░░░░░░]  60.2% frames 4858000/8069056 ep 52/56  2005 frames/s  ETA 1601s
[2026-08-04 11:28:02] [data] [████████████░░░░░░░░]  60.2% frames 4860000/8069056 ep 52/56  2005 frames/s  ETA 1600s
[2026-08-04 11:28:03] [data] [████████████░░░░░░░░]  60.3% frames 4862000/8069056 ep 52/56  2005 frames/s  ETA 1599s
[2026-08-04 11:28:04] [data] [████████████░░░░░░░░]  60.3% frames 4864000/8069056 ep 52/56  2005 frames/s  ETA 1598s
[2026-08-04 11:28:05] [data] [████████████░░░░░░░░]  60.3% frames 4866000/8069056 ep 52/56  2005 frames/s  ETA 1597s
[2026-08-04 11:28:06] [data] [████████████░░░░░░░░]  60.3% frames 4868000/8069056 ep 52/56  2005 frames/s  ETA 1596s
[2026-08-04 11:28:07] [data] [████████████░░░░░░░░]  60.4% frames 4870000/8069056 ep 52/56  2005 frames/s  ETA 1595s
[2026-08-04 11:28:08] [data] [████████████░░░░░░░░]  60.4% frames 4872000/8069056 ep 52/56  2005 frames/s  ETA 1594s
[2026-08-04 11:28:09] [data] [████████████░░░░░░░░]  60.4% frames 4874000/8069056 ep 52/56  2005 frames/s  ETA 1593s
[2026-08-04 11:28:10] [data] [████████████░░░░░░░░]  60.4% frames 4876000/8069056 ep 52/56  2005 frames/s  ETA 1592s
[2026-08-04 11:28:11] [data] [████████████░░░░░░░░]  60.5% frames 4878000/8069056 ep 52/56  2005 frames/s  ETA 1591s
[2026-08-04 11:28:12] [data] [████████████░░░░░░░░]  60.5% frames 4880000/8069056 ep 52/56  2005 frames/s  ETA 1590s
[2026-08-04 11:28:13] [data] [████████████░░░░░░░░]  60.5% frames 4882000/8069056 ep 52/56  2005 frames/s  ETA 1589s
[2026-08-04 11:28:14] [data] [████████████░░░░░░░░]  60.5% frames 4884000/8069056 ep 52/56  2005 frames/s  ETA 1588s
[2026-08-04 11:28:15] [data] [████████████░░░░░░░░]  60.6% frames 4886000/8069056 ep 52/56  2005 frames/s  ETA 1587s
[2026-08-04 11:28:16] [data] [████████████░░░░░░░░]  60.6% frames 4888000/8069056 ep 52/56  2005 frames/s  ETA 1586s
[2026-08-04 11:28:17] [data] [████████████░░░░░░░░]  60.6% frames 4890000/8069056 ep 52/56  2005 frames/s  ETA 1585s
[2026-08-04 11:28:18] [data] [████████████░░░░░░░░]  60.6% frames 4892000/8069056 ep 52/56  2005 frames/s  ETA 1584s
[2026-08-04 11:28:19] [data] [████████████░░░░░░░░]  60.7% frames 4894000/8069056 ep 52/56  2005 frames/s  ETA 1583s
[2026-08-04 11:28:20] [data] [████████████░░░░░░░░]  60.7% frames 4896000/8069056 ep 52/56  2005 frames/s  ETA 1582s
[2026-08-04 11:28:21] [data] [████████████░░░░░░░░]  60.7% frames 4898000/8069056 ep 52/56  2005 frames/s  ETA 1581s
[2026-08-04 11:28:22] [data] [████████████░░░░░░░░]  60.7% frames 4900000/8069056 ep 52/56  2005 frames/s  ETA 1580s
[2026-08-04 11:28:23] [data] [████████████░░░░░░░░]  60.8% frames 4902000/8069056 ep 52/56  2005 frames/s  ETA 1579s
[2026-08-04 11:28:24] [data] [████████████░░░░░░░░]  60.8% frames 4904000/8069056 ep 52/56  2006 frames/s  ETA 1578s
[2026-08-04 11:28:25] [data] [████████████░░░░░░░░]  60.8% frames 4906000/8069056 ep 52/56  2006 frames/s  ETA 1577s
[2026-08-04 11:28:26] [data] [████████████░░░░░░░░]  60.8% frames 4908000/8069056 ep 52/56  2006 frames/s  ETA 1576s
[2026-08-04 11:28:27] [data] [████████████░░░░░░░░]  60.8% frames 4910000/8069056 ep 52/56  2006 frames/s  ETA 1575s
[2026-08-04 11:28:28] [data] [████████████░░░░░░░░]  60.9% frames 4912000/8069056 ep 52/56  2006 frames/s  ETA 1574s
[2026-08-04 11:28:29] [data] [████████████░░░░░░░░]  60.9% frames 4914000/8069056 ep 52/56  2006 frames/s  ETA 1573s
[2026-08-04 11:28:30] [data] [████████████░░░░░░░░]  60.9% frames 4916000/8069056 ep 52/56  2006 frames/s  ETA 1572s
[2026-08-04 11:28:31] [data] [████████████░░░░░░░░]  60.9% frames 4918000/8069056 ep 52/56  2006 frames/s  ETA 1571s
[2026-08-04 11:28:32] [data] [████████████░░░░░░░░]  61.0% frames 4920000/8069056 ep 52/56  2006 frames/s  ETA 1570s
[2026-08-04 11:28:33] [data] [████████████░░░░░░░░]  61.0% frames 4922000/8069056 ep 52/56  2006 frames/s  ETA 1569s
[2026-08-04 11:28:34] [data] [████████████░░░░░░░░]  61.0% frames 4924000/8069056 ep 52/56  2006 frames/s  ETA 1568s
[2026-08-04 11:28:35] [data] [████████████░░░░░░░░]  61.0% frames 4926000/8069056 ep 52/56  2006 frames/s  ETA 1567s
[2026-08-04 11:28:36] [data] [████████████░░░░░░░░]  61.1% frames 4928000/8069056 ep 52/56  2006 frames/s  ETA 1566s
[2026-08-04 11:28:37] [data] [████████████░░░░░░░░]  61.1% frames 4930000/8069056 ep 52/56  2005 frames/s  ETA 1565s
[2026-08-04 11:28:38] [data] [████████████░░░░░░░░]  61.1% frames 4932000/8069056 ep 52/56  2005 frames/s  ETA 1564s
[2026-08-04 11:28:39] [data] [████████████░░░░░░░░]  61.1% frames 4934000/8069056 ep 52/56  2005 frames/s  ETA 1563s
[2026-08-04 11:28:40] [data] [████████████░░░░░░░░]  61.2% frames 4936000/8069056 ep 52/56  2005 frames/s  ETA 1562s
[2026-08-04 11:28:41] [data] [████████████░░░░░░░░]  61.2% frames 4938000/8069056 ep 52/56  2005 frames/s  ETA 1561s
[2026-08-04 11:28:42] [data] [████████████░░░░░░░░]  61.2% frames 4940000/8069056 ep 52/56  2005 frames/s  ETA 1560s
[2026-08-04 11:28:43] [data] [████████████░░░░░░░░]  61.2% frames 4942000/8069056 ep 52/56  2005 frames/s  ETA 1559s
[2026-08-04 11:28:44] [data] [████████████░░░░░░░░]  61.3% frames 4944000/8069056 ep 52/56  2005 frames/s  ETA 1558s
[2026-08-04 11:28:45] [data] [████████████░░░░░░░░]  61.3% frames 4946000/8069056 ep 52/56  2005 frames/s  ETA 1557s
[2026-08-04 11:28:46] [data] [████████████░░░░░░░░]  61.3% frames 4948000/8069056 ep 52/56  2005 frames/s  ETA 1556s
[2026-08-04 11:28:47] [data] [████████████░░░░░░░░]  61.3% frames 4950000/8069056 ep 52/56  2005 frames/s  ETA 1555s
[2026-08-04 11:28:48] [data] [████████████░░░░░░░░]  61.4% frames 4952000/8069056 ep 52/56  2005 frames/s  ETA 1554s
[2026-08-04 11:28:49] [data] [████████████░░░░░░░░]  61.4% frames 4954000/8069056 ep 52/56  2005 frames/s  ETA 1553s
[2026-08-04 11:28:50] [data] [████████████░░░░░░░░]  61.4% frames 4956000/8069056 ep 52/56  2006 frames/s  ETA 1552s
[2026-08-04 11:28:51] [data] [████████████░░░░░░░░]  61.4% frames 4958000/8069056 ep 52/56  2005 frames/s  ETA 1551s
[2026-08-04 11:28:52] [data] [████████████░░░░░░░░]  61.5% frames 4960000/8069056 ep 52/56  2005 frames/s  ETA 1550s
[2026-08-04 11:28:53] [data] [████████████░░░░░░░░]  61.5% frames 4962000/8069056 ep 52/56  2005 frames/s  ETA 1549s
[2026-08-04 11:28:54] [data] [████████████░░░░░░░░]  61.5% frames 4964000/8069056 ep 52/56  2005 frames/s  ETA 1549s
[2026-08-04 11:28:55] [data] [████████████░░░░░░░░]  61.5% frames 4966000/8069056 ep 52/56  2005 frames/s  ETA 1548s
[2026-08-04 11:28:56] [data] [████████████░░░░░░░░]  61.6% frames 4968000/8069056 ep 52/56  2005 frames/s  ETA 1547s
[2026-08-04 11:28:57] [data] [████████████░░░░░░░░]  61.6% frames 4970000/8069056 ep 52/56  2005 frames/s  ETA 1546s
[2026-08-04 11:28:58] [data] [████████████░░░░░░░░]  61.6% frames 4972000/8069056 ep 52/56  2005 frames/s  ETA 1545s
[2026-08-04 11:28:59] [data] [████████████░░░░░░░░]  61.6% frames 4974000/8069056 ep 52/56  2005 frames/s  ETA 1544s
[2026-08-04 11:29:01] [data] [████████████░░░░░░░░]  61.7% frames 4976000/8069056 ep 52/56  2005 frames/s  ETA 1543s
[2026-08-04 11:29:02] [data] [████████████░░░░░░░░]  61.7% frames 4978000/8069056 ep 52/56  2005 frames/s  ETA 1542s
[2026-08-04 11:29:02] [data] [████████████░░░░░░░░]  61.7% frames 4980000/8069056 ep 52/56  2005 frames/s  ETA 1541s
[2026-08-04 11:29:03] [data] [████████████░░░░░░░░]  61.7% frames 4982000/8069056 ep 52/56  2005 frames/s  ETA 1540s
[2026-08-04 11:29:05] [data] [████████████░░░░░░░░]  61.8% frames 4984000/8069056 ep 52/56  2005 frames/s  ETA 1539s
[2026-08-04 11:29:06] [data] [████████████░░░░░░░░]  61.8% frames 4986000/8069056 ep 52/56  2005 frames/s  ETA 1538s
[2026-08-04 11:29:07] [data] [████████████░░░░░░░░]  61.8% frames 4988000/8069056 ep 52/56  2005 frames/s  ETA 1537s
[2026-08-04 11:29:07] [data] [████████████░░░░░░░░]  61.8% frames 4990000/8069056 ep 52/56  2005 frames/s  ETA 1536s
[2026-08-04 11:29:08] [data] [████████████░░░░░░░░]  61.9% frames 4992000/8069056 ep 52/56  2005 frames/s  ETA 1535s
[2026-08-04 11:29:09] [data] [████████████░░░░░░░░]  61.9% frames 4994000/8069056 ep 52/56  2005 frames/s  ETA 1534s
[2026-08-04 11:29:10] [data] [████████████░░░░░░░░]  61.9% frames 4996000/8069056 ep 52/56  2005 frames/s  ETA 1533s
[2026-08-04 11:29:11] [data] [████████████░░░░░░░░]  61.9% frames 4998000/8069056 ep 52/56  2005 frames/s  ETA 1532s
[2026-08-04 11:29:12] [data] [████████████░░░░░░░░]  62.0% frames 5000000/8069056 ep 52/56  2005 frames/s  ETA 1531s
[2026-08-04 11:29:14] [data] [████████████░░░░░░░░]  62.0% frames 5002000/8069056 ep 52/56  2005 frames/s  ETA 1530s
[2026-08-04 11:29:15] [data] [████████████░░░░░░░░]  62.0% frames 5004000/8069056 ep 52/56  2005 frames/s  ETA 1529s
[2026-08-04 11:29:16] [data] [████████████░░░░░░░░]  62.0% frames 5006000/8069056 ep 52/56  2005 frames/s  ETA 1528s
[2026-08-04 11:29:17] [data] [████████████░░░░░░░░]  62.1% frames 5008000/8069056 ep 52/56  2005 frames/s  ETA 1527s
[2026-08-04 11:29:18] [data] [████████████░░░░░░░░]  62.1% frames 5010000/8069056 ep 52/56  2005 frames/s  ETA 1526s
[2026-08-04 11:29:19] [data] [████████████░░░░░░░░]  62.1% frames 5012000/8069056 ep 52/56  2005 frames/s  ETA 1525s
[2026-08-04 11:29:20] [data] [████████████░░░░░░░░]  62.1% frames 5014000/8069056 ep 52/56  2005 frames/s  ETA 1524s
[2026-08-04 11:29:21] [data] [████████████░░░░░░░░]  62.2% frames 5016000/8069056 ep 52/56  2005 frames/s  ETA 1523s
[2026-08-04 11:29:22] [data] [████████████░░░░░░░░]  62.2% frames 5018000/8069056 ep 52/56  2005 frames/s  ETA 1522s
[2026-08-04 11:29:23] [data] [████████████░░░░░░░░]  62.2% frames 5020000/8069056 ep 52/56  2005 frames/s  ETA 1521s
[2026-08-04 11:29:24] [data] [████████████░░░░░░░░]  62.2% frames 5022000/8069056 ep 52/56  2005 frames/s  ETA 1520s
[2026-08-04 11:29:25] [data] [████████████░░░░░░░░]  62.3% frames 5024000/8069056 ep 52/56  2005 frames/s  ETA 1519s
[2026-08-04 11:29:26] [data] [████████████░░░░░░░░]  62.3% frames 5026000/8069056 ep 52/56  2005 frames/s  ETA 1518s
[2026-08-04 11:29:27] [data] [████████████░░░░░░░░]  62.3% frames 5028000/8069056 ep 52/56  2005 frames/s  ETA 1517s
[2026-08-04 11:29:28] [data] [████████████░░░░░░░░]  62.3% frames 5030000/8069056 ep 52/56  2005 frames/s  ETA 1516s
[2026-08-04 11:29:29] [data] [████████████░░░░░░░░]  62.4% frames 5032000/8069056 ep 52/56  2005 frames/s  ETA 1515s
[2026-08-04 11:29:30] [data] [████████████░░░░░░░░]  62.4% frames 5034000/8069056 ep 52/56  2005 frames/s  ETA 1514s
[2026-08-04 11:29:31] [data] [████████████░░░░░░░░]  62.4% frames 5036000/8069056 ep 52/56  2005 frames/s  ETA 1513s
[2026-08-04 11:29:32] [data] [████████████░░░░░░░░]  62.4% frames 5038000/8069056 ep 52/56  2005 frames/s  ETA 1512s
[2026-08-04 11:29:33] [data] [████████████░░░░░░░░]  62.5% frames 5040000/8069056 ep 52/56  2005 frames/s  ETA 1511s
[2026-08-04 11:29:34] [data] [████████████░░░░░░░░]  62.5% frames 5042000/8069056 ep 52/56  2005 frames/s  ETA 1510s
[2026-08-04 11:29:35] [data] [████████████░░░░░░░░]  62.5% frames 5044000/8069056 ep 52/56  2004 frames/s  ETA 1509s
[2026-08-04 11:29:36] [data] [████████████░░░░░░░░]  62.5% frames 5046000/8069056 ep 52/56  2004 frames/s  ETA 1508s
[2026-08-04 11:29:37] [data] [████████████░░░░░░░░]  62.6% frames 5048000/8069056 ep 52/56  2004 frames/s  ETA 1507s
[2026-08-04 11:29:38] [data] [████████████░░░░░░░░]  62.6% frames 5050000/8069056 ep 52/56  2004 frames/s  ETA 1506s
[2026-08-04 11:29:39] [data] [████████████░░░░░░░░]  62.6% frames 5052000/8069056 ep 52/56  2004 frames/s  ETA 1505s
[2026-08-04 11:29:40] [data] [████████████░░░░░░░░]  62.6% frames 5054000/8069056 ep 52/56  2004 frames/s  ETA 1504s
[2026-08-04 11:29:41] [data] [████████████░░░░░░░░]  62.7% frames 5056000/8069056 ep 52/56  2004 frames/s  ETA 1503s
[2026-08-04 11:29:42] [data] [████████████░░░░░░░░]  62.7% frames 5058000/8069056 ep 52/56  2004 frames/s  ETA 1502s
[2026-08-04 11:29:43] [data] [████████████░░░░░░░░]  62.7% frames 5060000/8069056 ep 52/56  2004 frames/s  ETA 1501s
[2026-08-04 11:29:44] [data] [████████████░░░░░░░░]  62.7% frames 5062000/8069056 ep 52/56  2004 frames/s  ETA 1500s
[2026-08-04 11:29:45] [data] [████████████░░░░░░░░]  62.8% frames 5064000/8069056 ep 52/56  2004 frames/s  ETA 1499s
[2026-08-04 11:29:46] [data] [████████████░░░░░░░░]  62.8% frames 5066000/8069056 ep 52/56  2004 frames/s  ETA 1498s
[2026-08-04 11:29:47] [data] [████████████░░░░░░░░]  62.8% frames 5068000/8069056 ep 52/56  2004 frames/s  ETA 1497s
[2026-08-04 11:29:48] [data] [████████████░░░░░░░░]  62.8% frames 5070000/8069056 ep 52/56  2004 frames/s  ETA 1496s
[2026-08-04 11:29:49] [data] [████████████░░░░░░░░]  62.9% frames 5072000/8069056 ep 52/56  2004 frames/s  ETA 1495s
[2026-08-04 11:29:50] [data] [████████████░░░░░░░░]  62.9% frames 5074000/8069056 ep 52/56  2004 frames/s  ETA 1494s
[2026-08-04 11:29:51] [data] [████████████░░░░░░░░]  62.9% frames 5076000/8069056 ep 52/56  2004 frames/s  ETA 1493s
[2026-08-04 11:29:52] [data] [████████████░░░░░░░░]  62.9% frames 5078000/8069056 ep 52/56  2004 frames/s  ETA 1492s
[2026-08-04 11:29:53] [data] [████████████░░░░░░░░]  63.0% frames 5080000/8069056 ep 52/56  2004 frames/s  ETA 1491s
[2026-08-04 11:29:54] [data] [████████████░░░░░░░░]  63.0% frames 5082000/8069056 ep 52/56  2004 frames/s  ETA 1490s
[2026-08-04 11:29:55] [data] [████████████░░░░░░░░]  63.0% frames 5084000/8069056 ep 52/56  2004 frames/s  ETA 1489s
[2026-08-04 11:29:56] [data] [████████████░░░░░░░░]  63.0% frames 5086000/8069056 ep 52/56  2004 frames/s  ETA 1488s
[2026-08-04 11:29:57] [data] [████████████░░░░░░░░]  63.1% frames 5088000/8069056 ep 52/56  2004 frames/s  ETA 1487s
[2026-08-04 11:29:58] [data] [████████████░░░░░░░░]  63.1% frames 5090000/8069056 ep 52/56  2004 frames/s  ETA 1486s
[2026-08-04 11:29:59] [data] [████████████░░░░░░░░]  63.1% frames 5092000/8069056 ep 52/56  2004 frames/s  ETA 1485s
[2026-08-04 11:30:00] [data] [████████████░░░░░░░░]  63.1% frames 5094000/8069056 ep 52/56  2004 frames/s  ETA 1484s
[2026-08-04 11:30:01] [data] [████████████░░░░░░░░]  63.2% frames 5096000/8069056 ep 52/56  2004 frames/s  ETA 1483s
[2026-08-04 11:30:02] [data] [████████████░░░░░░░░]  63.2% frames 5098000/8069056 ep 52/56  2004 frames/s  ETA 1482s
[2026-08-04 11:30:03] [data] [████████████░░░░░░░░]  63.2% frames 5100000/8069056 ep 52/56  2004 frames/s  ETA 1481s
[2026-08-04 11:30:04] [data] [████████████░░░░░░░░]  63.2% frames 5102000/8069056 ep 52/56  2004 frames/s  ETA 1480s
[2026-08-04 11:30:05] [data] [████████████░░░░░░░░]  63.3% frames 5104000/8069056 ep 52/56  2004 frames/s  ETA 1479s
[2026-08-04 11:30:06] [data] [████████████░░░░░░░░]  63.3% frames 5106000/8069056 ep 52/56  2004 frames/s  ETA 1478s
[2026-08-04 11:30:07] [data] [████████████░░░░░░░░]  63.3% frames 5108000/8069056 ep 52/56  2004 frames/s  ETA 1477s
[2026-08-04 11:30:08] [data] [████████████░░░░░░░░]  63.3% frames 5110000/8069056 ep 52/56  2004 frames/s  ETA 1476s
[2026-08-04 11:30:10] [data] [████████████░░░░░░░░]  63.4% frames 5112000/8069056 ep 52/56  2004 frames/s  ETA 1476s
[2026-08-04 11:30:11] [data] [████████████░░░░░░░░]  63.4% frames 5114000/8069056 ep 52/56  2004 frames/s  ETA 1475s
[2026-08-04 11:30:12] [data] [████████████░░░░░░░░]  63.4% frames 5116000/8069056 ep 52/56  2004 frames/s  ETA 1474s
[2026-08-04 11:30:13] [data] [████████████░░░░░░░░]  63.4% frames 5118000/8069056 ep 52/56  2004 frames/s  ETA 1473s
[2026-08-04 11:30:14] [data] [████████████░░░░░░░░]  63.5% frames 5120000/8069056 ep 52/56  2004 frames/s  ETA 1472s
[2026-08-04 11:30:15] [data] [████████████░░░░░░░░]  63.5% frames 5122000/8069056 ep 52/56  2004 frames/s  ETA 1471s
[2026-08-04 11:30:16] [data] [████████████░░░░░░░░]  63.5% frames 5124000/8069056 ep 52/56  2004 frames/s  ETA 1470s
[2026-08-04 11:30:17] [data] [████████████░░░░░░░░]  63.5% frames 5126000/8069056 ep 52/56  2004 frames/s  ETA 1469s
[2026-08-04 11:30:18] [data] [████████████░░░░░░░░]  63.6% frames 5128000/8069056 ep 52/56  2004 frames/s  ETA 1468s
[2026-08-04 11:30:19] [data] [████████████░░░░░░░░]  63.6% frames 5130000/8069056 ep 52/56  2004 frames/s  ETA 1467s
[2026-08-04 11:30:20] [data] [████████████░░░░░░░░]  63.6% frames 5132000/8069056 ep 52/56  2004 frames/s  ETA 1466s
[2026-08-04 11:30:21] [data] [████████████░░░░░░░░]  63.6% frames 5134000/8069056 ep 52/56  2004 frames/s  ETA 1465s
[2026-08-04 11:30:22] [data] [████████████░░░░░░░░]  63.7% frames 5136000/8069056 ep 52/56  2004 frames/s  ETA 1464s
[2026-08-04 11:30:23] [data] [████████████░░░░░░░░]  63.7% frames 5138000/8069056 ep 52/56  2004 frames/s  ETA 1463s
[2026-08-04 11:30:24] [data] [████████████░░░░░░░░]  63.7% frames 5140000/8069056 ep 52/56  2004 frames/s  ETA 1462s
[2026-08-04 11:30:25] [data] [████████████░░░░░░░░]  63.7% frames 5142000/8069056 ep 52/56  2004 frames/s  ETA 1461s
[2026-08-04 11:30:26] [data] [████████████░░░░░░░░]  63.7% frames 5144000/8069056 ep 52/56  2004 frames/s  ETA 1460s
[2026-08-04 11:30:27] [data] [████████████░░░░░░░░]  63.8% frames 5146000/8069056 ep 52/56  2004 frames/s  ETA 1459s
[2026-08-04 11:30:28] [data] [████████████░░░░░░░░]  63.8% frames 5148000/8069056 ep 52/56  2004 frames/s  ETA 1458s
[2026-08-04 11:30:29] [data] [████████████░░░░░░░░]  63.8% frames 5150000/8069056 ep 52/56  2004 frames/s  ETA 1457s
[2026-08-04 11:30:30] [data] [████████████░░░░░░░░]  63.8% frames 5152000/8069056 ep 52/56  2004 frames/s  ETA 1456s
[2026-08-04 11:30:31] [data] [████████████░░░░░░░░]  63.9% frames 5154000/8069056 ep 52/56  2004 frames/s  ETA 1455s
[2026-08-04 11:30:31] [data] [████████████░░░░░░░░]  63.9% frames 5156000/8069056 ep 52/56  2004 frames/s  ETA 1454s
[2026-08-04 11:30:32] [data] [████████████░░░░░░░░]  63.9% frames 5158000/8069056 ep 52/56  2004 frames/s  ETA 1453s
[2026-08-04 11:30:33] [data] [████████████░░░░░░░░]  63.9% frames 5160000/8069056 ep 52/56  2004 frames/s  ETA 1452s
[2026-08-04 11:30:34] [data] [████████████░░░░░░░░]  64.0% frames 5162000/8069056 ep 52/56  2004 frames/s  ETA 1451s
[2026-08-04 11:30:35] [data] [████████████░░░░░░░░]  64.0% frames 5164000/8069056 ep 52/56  2004 frames/s  ETA 1450s
[2026-08-04 11:30:37] [data] [████████████░░░░░░░░]  64.0% frames 5166000/8069056 ep 52/56  2004 frames/s  ETA 1449s
[2026-08-04 11:30:38] [data] [████████████░░░░░░░░]  64.0% frames 5168000/8069056 ep 52/56  2004 frames/s  ETA 1448s
[2026-08-04 11:30:39] [data] [████████████░░░░░░░░]  64.1% frames 5170000/8069056 ep 52/56  2004 frames/s  ETA 1447s
[2026-08-04 11:30:40] [data] [████████████░░░░░░░░]  64.1% frames 5172000/8069056 ep 52/56  2004 frames/s  ETA 1446s
[2026-08-04 11:30:41] [data] [████████████░░░░░░░░]  64.1% frames 5174000/8069056 ep 52/56  2004 frames/s  ETA 1445s
[2026-08-04 11:30:42] [data] [████████████░░░░░░░░]  64.1% frames 5176000/8069056 ep 52/56  2004 frames/s  ETA 1444s
[2026-08-04 11:30:43] [data] [████████████░░░░░░░░]  64.2% frames 5178000/8069056 ep 52/56  2004 frames/s  ETA 1443s
[2026-08-04 11:30:44] [data] [████████████░░░░░░░░]  64.2% frames 5180000/8069056 ep 52/56  2004 frames/s  ETA 1442s
[2026-08-04 11:30:45] [data] [████████████░░░░░░░░]  64.2% frames 5182000/8069056 ep 52/56  2004 frames/s  ETA 1441s
[2026-08-04 11:30:46] [data] [████████████░░░░░░░░]  64.2% frames 5184000/8069056 ep 52/56  2004 frames/s  ETA 1440s
[2026-08-04 11:30:47] [data] [████████████░░░░░░░░]  64.3% frames 5186000/8069056 ep 52/56  2003 frames/s  ETA 1439s
[2026-08-04 11:30:48] [data] [████████████░░░░░░░░]  64.3% frames 5188000/8069056 ep 52/56  2003 frames/s  ETA 1438s
[2026-08-04 11:30:49] [data] [████████████░░░░░░░░]  64.3% frames 5190000/8069056 ep 52/56  2003 frames/s  ETA 1437s
[2026-08-04 11:30:50] [data] [████████████░░░░░░░░]  64.3% frames 5192000/8069056 ep 52/56  2003 frames/s  ETA 1436s
[2026-08-04 11:30:51] [data] [████████████░░░░░░░░]  64.4% frames 5194000/8069056 ep 52/56  2003 frames/s  ETA 1435s
[2026-08-04 11:30:52] [data] [████████████░░░░░░░░]  64.4% frames 5196000/8069056 ep 52/56  2003 frames/s  ETA 1434s
[2026-08-04 11:30:53] [data] [████████████░░░░░░░░]  64.4% frames 5198000/8069056 ep 52/56  2003 frames/s  ETA 1433s
[2026-08-04 11:30:54] [data] [████████████░░░░░░░░]  64.4% frames 5200000/8069056 ep 52/56  2003 frames/s  ETA 1432s
[2026-08-04 11:30:55] [data] [████████████░░░░░░░░]  64.5% frames 5202000/8069056 ep 52/56  2003 frames/s  ETA 1431s
[2026-08-04 11:30:56] [data] [████████████░░░░░░░░]  64.5% frames 5204000/8069056 ep 52/56  2003 frames/s  ETA 1430s
[2026-08-04 11:30:57] [data] [████████████░░░░░░░░]  64.5% frames 5206000/8069056 ep 52/56  2003 frames/s  ETA 1429s
[2026-08-04 11:30:58] [data] [████████████░░░░░░░░]  64.5% frames 5208000/8069056 ep 52/56  2003 frames/s  ETA 1428s
[2026-08-04 11:30:59] [data] [████████████░░░░░░░░]  64.6% frames 5210000/8069056 ep 52/56  2003 frames/s  ETA 1427s
[2026-08-04 11:31:00] [data] [████████████░░░░░░░░]  64.6% frames 5212000/8069056 ep 52/56  2003 frames/s  ETA 1426s
[2026-08-04 11:31:01] [data] [████████████░░░░░░░░]  64.6% frames 5214000/8069056 ep 52/56  2003 frames/s  ETA 1425s
[2026-08-04 11:31:02] [data] [████████████░░░░░░░░]  64.6% frames 5216000/8069056 ep 52/56  2003 frames/s  ETA 1424s
[2026-08-04 11:31:03] [data] [████████████░░░░░░░░]  64.7% frames 5218000/8069056 ep 52/56  2004 frames/s  ETA 1423s
[2026-08-04 11:31:04] [data] [████████████░░░░░░░░]  64.7% frames 5220000/8069056 ep 52/56  2004 frames/s  ETA 1422s
[2026-08-04 11:31:05] [data] [████████████░░░░░░░░]  64.7% frames 5222000/8069056 ep 52/56  2004 frames/s  ETA 1421s
[2026-08-04 11:31:06] [data] [████████████░░░░░░░░]  64.7% frames 5224000/8069056 ep 52/56  2004 frames/s  ETA 1420s
[2026-08-04 11:31:07] [data] [████████████░░░░░░░░]  64.8% frames 5226000/8069056 ep 52/56  2004 frames/s  ETA 1419s
[2026-08-04 11:31:08] [data] [████████████░░░░░░░░]  64.8% frames 5228000/8069056 ep 52/56  2004 frames/s  ETA 1418s
[2026-08-04 11:31:09] [data] [████████████░░░░░░░░]  64.8% frames 5230000/8069056 ep 52/56  2004 frames/s  ETA 1417s
[2026-08-04 11:31:10] [data] [████████████░░░░░░░░]  64.8% frames 5232000/8069056 ep 52/56  2004 frames/s  ETA 1416s
[2026-08-04 11:31:11] [data] [████████████░░░░░░░░]  64.9% frames 5234000/8069056 ep 52/56  2004 frames/s  ETA 1415s
[2026-08-04 11:31:12] [data] [████████████░░░░░░░░]  64.9% frames 5236000/8069056 ep 52/56  2004 frames/s  ETA 1414s
[2026-08-04 11:31:13] [data] [████████████░░░░░░░░]  64.9% frames 5238000/8069056 ep 52/56  2004 frames/s  ETA 1413s
[2026-08-04 11:31:14] [data] [████████████░░░░░░░░]  64.9% frames 5240000/8069056 ep 52/56  2004 frames/s  ETA 1412s
[2026-08-04 11:31:15] [data] [████████████░░░░░░░░]  65.0% frames 5242000/8069056 ep 52/56  2004 frames/s  ETA 1411s
[2026-08-04 11:31:16] [data] [████████████░░░░░░░░]  65.0% frames 5244000/8069056 ep 52/56  2004 frames/s  ETA 1410s
[2026-08-04 11:31:17] [data] [█████████████░░░░░░░]  65.0% frames 5246000/8069056 ep 52/56  2004 frames/s  ETA 1409s
[2026-08-04 11:31:18] [data] [█████████████░░░░░░░]  65.0% frames 5248000/8069056 ep 52/56  2004 frames/s  ETA 1408s
[2026-08-04 11:31:19] [data] [█████████████░░░░░░░]  65.1% frames 5250000/8069056 ep 52/56  2004 frames/s  ETA 1407s
[2026-08-04 11:31:20] [data] [█████████████░░░░░░░]  65.1% frames 5252000/8069056 ep 52/56  2004 frames/s  ETA 1406s
[2026-08-04 11:31:21] [data] [█████████████░░░░░░░]  65.1% frames 5254000/8069056 ep 52/56  2004 frames/s  ETA 1405s
[2026-08-04 11:31:21] [data] [█████████████░░░░░░░]  65.1% frames 5256000/8069056 ep 52/56  2004 frames/s  ETA 1404s
[2026-08-04 11:31:22] [data] [█████████████░░░░░░░]  65.2% frames 5258000/8069056 ep 52/56  2004 frames/s  ETA 1403s
[2026-08-04 11:31:23] [data] [█████████████░░░░░░░]  65.2% frames 5260000/8069056 ep 52/56  2004 frames/s  ETA 1402s
[2026-08-04 11:31:24] [data] [█████████████░░░░░░░]  65.2% frames 5262000/8069056 ep 52/56  2004 frames/s  ETA 1401s
[2026-08-04 11:31:25] [data] [█████████████░░░░░░░]  65.2% frames 5264000/8069056 ep 52/56  2004 frames/s  ETA 1400s
[2026-08-04 11:31:26] [data] [█████████████░░░░░░░]  65.3% frames 5266000/8069056 ep 52/56  2004 frames/s  ETA 1399s
[2026-08-04 11:31:27] [data] [█████████████░░░░░░░]  65.3% frames 5268000/8069056 ep 52/56  2004 frames/s  ETA 1398s
[2026-08-04 11:31:28] [data] [█████████████░░░░░░░]  65.3% frames 5270000/8069056 ep 52/56  2004 frames/s  ETA 1397s
[2026-08-04 11:31:29] [data] [█████████████░░░░░░░]  65.3% frames 5272000/8069056 ep 52/56  2004 frames/s  ETA 1396s
[2026-08-04 11:31:30] [data] [█████████████░░░░░░░]  65.4% frames 5274000/8069056 ep 52/56  2004 frames/s  ETA 1395s
[2026-08-04 11:31:31] [data] [█████████████░░░░░░░]  65.4% frames 5276000/8069056 ep 52/56  2004 frames/s  ETA 1394s
[2026-08-04 11:31:32] [data] [█████████████░░░░░░░]  65.4% frames 5278000/8069056 ep 52/56  2004 frames/s  ETA 1393s
[2026-08-04 11:31:33] [data] [█████████████░░░░░░░]  65.4% frames 5280000/8069056 ep 52/56  2004 frames/s  ETA 1392s
[2026-08-04 11:31:34] [data] [█████████████░░░░░░░]  65.5% frames 5282000/8069056 ep 52/56  2004 frames/s  ETA 1391s
[2026-08-04 11:31:35] [data] [█████████████░░░░░░░]  65.5% frames 5284000/8069056 ep 52/56  2004 frames/s  ETA 1390s
[2026-08-04 11:31:36] [data] [█████████████░░░░░░░]  65.5% frames 5286000/8069056 ep 52/56  2004 frames/s  ETA 1388s
[2026-08-04 11:31:37] [data] [█████████████░░░░░░░]  65.5% frames 5288000/8069056 ep 52/56  2004 frames/s  ETA 1388s
[2026-08-04 11:31:38] [data] [█████████████░░░░░░░]  65.6% frames 5290000/8069056 ep 52/56  2004 frames/s  ETA 1387s
[2026-08-04 11:31:39] [data] [█████████████░░░░░░░]  65.6% frames 5292000/8069056 ep 52/56  2004 frames/s  ETA 1386s
[2026-08-04 11:31:40] [data] [█████████████░░░░░░░]  65.6% frames 5294000/8069056 ep 52/56  2004 frames/s  ETA 1384s
[2026-08-04 11:31:41] [data] [█████████████░░░░░░░]  65.6% frames 5296000/8069056 ep 52/56  2004 frames/s  ETA 1383s
[2026-08-04 11:31:42] [data] [█████████████░░░░░░░]  65.7% frames 5298000/8069056 ep 52/56  2004 frames/s  ETA 1382s
[2026-08-04 11:31:43] [data] [█████████████░░░░░░░]  65.7% frames 5300000/8069056 ep 52/56  2005 frames/s  ETA 1381s
[2026-08-04 11:31:44] [data] [█████████████░░░░░░░]  65.7% frames 5302000/8069056 ep 52/56  2005 frames/s  ETA 1380s
[2026-08-04 11:31:45] [data] [█████████████░░░░░░░]  65.7% frames 5304000/8069056 ep 52/56  2005 frames/s  ETA 1379s
[2026-08-04 11:31:46] [data] [█████████████░░░░░░░]  65.8% frames 5306000/8069056 ep 52/56  2005 frames/s  ETA 1378s
[2026-08-04 11:31:47] [data] [█████████████░░░░░░░]  65.8% frames 5308000/8069056 ep 52/56  2005 frames/s  ETA 1377s
[2026-08-04 11:31:48] [data] [█████████████░░░░░░░]  65.8% frames 5310000/8069056 ep 52/56  2005 frames/s  ETA 1376s
[2026-08-04 11:31:48] [data] [█████████████░░░░░░░]  65.8% frames 5312000/8069056 ep 52/56  2005 frames/s  ETA 1375s
[2026-08-04 11:31:49] [data] [█████████████░░░░░░░]  65.9% frames 5314000/8069056 ep 52/56  2005 frames/s  ETA 1374s
[2026-08-04 11:31:50] [data] [█████████████░░░░░░░]  65.9% frames 5316000/8069056 ep 52/56  2005 frames/s  ETA 1373s
[2026-08-04 11:31:51] [data] [█████████████░░░░░░░]  65.9% frames 5318000/8069056 ep 52/56  2005 frames/s  ETA 1372s
[2026-08-04 11:31:52] [data] [█████████████░░░░░░░]  65.9% frames 5320000/8069056 ep 52/56  2005 frames/s  ETA 1371s
[2026-08-04 11:31:53] [data] [█████████████░░░░░░░]  66.0% frames 5322000/8069056 ep 52/56  2005 frames/s  ETA 1370s
[2026-08-04 11:31:54] [data] [█████████████░░░░░░░]  66.0% frames 5324000/8069056 ep 52/56  2005 frames/s  ETA 1369s
[2026-08-04 11:31:55] [data] [█████████████░░░░░░░]  66.0% frames 5326000/8069056 ep 52/56  2005 frames/s  ETA 1368s
[2026-08-04 11:31:56] [data] [█████████████░░░░░░░]  66.0% frames 5328000/8069056 ep 52/56  2005 frames/s  ETA 1367s
[2026-08-04 11:31:57] [data] [█████████████░░░░░░░]  66.1% frames 5330000/8069056 ep 52/56  2005 frames/s  ETA 1366s
[2026-08-04 11:31:58] [data] [█████████████░░░░░░░]  66.1% frames 5332000/8069056 ep 52/56  2005 frames/s  ETA 1365s
[2026-08-04 11:31:59] [data] [█████████████░░░░░░░]  66.1% frames 5334000/8069056 ep 52/56  2005 frames/s  ETA 1364s
[2026-08-04 11:32:00] [data] [█████████████░░░░░░░]  66.1% frames 5336000/8069056 ep 52/56  2005 frames/s  ETA 1363s
[2026-08-04 11:32:01] [data] [█████████████░░░░░░░]  66.2% frames 5338000/8069056 ep 52/56  2005 frames/s  ETA 1362s
[2026-08-04 11:32:02] [data] [█████████████░░░░░░░]  66.2% frames 5340000/8069056 ep 52/56  2005 frames/s  ETA 1361s
[2026-08-04 11:32:03] [data] [█████████████░░░░░░░]  66.2% frames 5342000/8069056 ep 52/56  2005 frames/s  ETA 1360s
[2026-08-04 11:32:04] [data] [█████████████░░░░░░░]  66.2% frames 5344000/8069056 ep 52/56  2005 frames/s  ETA 1359s
[2026-08-04 11:32:05] [data] [█████████████░░░░░░░]  66.3% frames 5346000/8069056 ep 52/56  2005 frames/s  ETA 1358s
[2026-08-04 11:32:06] [data] [█████████████░░░░░░░]  66.3% frames 5348000/8069056 ep 52/56  2005 frames/s  ETA 1357s
[2026-08-04 11:32:07] [data] [█████████████░░░░░░░]  66.3% frames 5350000/8069056 ep 52/56  2005 frames/s  ETA 1356s
[2026-08-04 11:32:08] [data] [█████████████░░░░░░░]  66.3% frames 5352000/8069056 ep 52/56  2005 frames/s  ETA 1355s
[2026-08-04 11:32:09] [data] [█████████████░░░░░░░]  66.4% frames 5354000/8069056 ep 52/56  2005 frames/s  ETA 1354s
[2026-08-04 11:32:10] [data] [█████████████░░░░░░░]  66.4% frames 5356000/8069056 ep 52/56  2005 frames/s  ETA 1353s
[2026-08-04 11:32:11] [data] [█████████████░░░░░░░]  66.4% frames 5358000/8069056 ep 52/56  2005 frames/s  ETA 1352s
[2026-08-04 11:32:12] [data] [█████████████░░░░░░░]  66.4% frames 5360000/8069056 ep 52/56  2005 frames/s  ETA 1351s
[2026-08-04 11:32:13] [data] [█████████████░░░░░░░]  66.5% frames 5362000/8069056 ep 52/56  2005 frames/s  ETA 1350s
[2026-08-04 11:32:14] [data] [█████████████░░░░░░░]  66.5% frames 5364000/8069056 ep 52/56  2005 frames/s  ETA 1349s
[2026-08-04 11:32:15] [data] [█████████████░░░░░░░]  66.5% frames 5366000/8069056 ep 52/56  2005 frames/s  ETA 1348s
[2026-08-04 11:32:16] [data] [█████████████░░░░░░░]  66.5% frames 5368000/8069056 ep 52/56  2005 frames/s  ETA 1347s
[2026-08-04 11:32:17] [data] [█████████████░░░░░░░]  66.6% frames 5370000/8069056 ep 52/56  2005 frames/s  ETA 1346s
[2026-08-04 11:32:18] [data] [█████████████░░░░░░░]  66.6% frames 5372000/8069056 ep 52/56  2005 frames/s  ETA 1345s
[2026-08-04 11:32:19] [data] [█████████████░░░░░░░]  66.6% frames 5374000/8069056 ep 52/56  2005 frames/s  ETA 1344s
[2026-08-04 11:32:20] [data] [█████████████░░░░░░░]  66.6% frames 5376000/8069056 ep 52/56  2005 frames/s  ETA 1343s
[2026-08-04 11:32:21] [data] [█████████████░░░░░░░]  66.6% frames 5378000/8069056 ep 52/56  2005 frames/s  ETA 1342s
[2026-08-04 11:32:22] [data] [█████████████░░░░░░░]  66.7% frames 5380000/8069056 ep 52/56  2005 frames/s  ETA 1341s
[2026-08-04 11:32:23] [data] [█████████████░░░░░░░]  66.7% frames 5382000/8069056 ep 52/56  2005 frames/s  ETA 1340s
[2026-08-04 11:32:24] [data] [█████████████░░░░░░░]  66.7% frames 5384000/8069056 ep 52/56  2005 frames/s  ETA 1339s
[2026-08-04 11:32:25] [data] [█████████████░░░░░░░]  66.7% frames 5386000/8069056 ep 52/56  2005 frames/s  ETA 1338s
[2026-08-04 11:32:26] [data] [█████████████░░░░░░░]  66.8% frames 5388000/8069056 ep 52/56  2005 frames/s  ETA 1337s
[2026-08-04 11:32:27] [data] [█████████████░░░░░░░]  66.8% frames 5390000/8069056 ep 52/56  2005 frames/s  ETA 1336s
[2026-08-04 11:32:28] [data] [█████████████░░░░░░░]  66.8% frames 5392000/8069056 ep 52/56  2005 frames/s  ETA 1335s
[2026-08-04 11:32:29] [data] [█████████████░░░░░░░]  66.8% frames 5394000/8069056 ep 52/56  2005 frames/s  ETA 1334s
[2026-08-04 11:32:30] [data] [█████████████░░░░░░░]  66.9% frames 5396000/8069056 ep 52/56  2005 frames/s  ETA 1333s
[2026-08-04 11:32:31] [data] [█████████████░░░░░░░]  66.9% frames 5398000/8069056 ep 52/56  2005 frames/s  ETA 1332s
[2026-08-04 11:32:32] [data] [█████████████░░░░░░░]  66.9% frames 5400000/8069056 ep 52/56  2005 frames/s  ETA 1331s
[2026-08-04 11:32:33] [data] [█████████████░░░░░░░]  66.9% frames 5402000/8069056 ep 52/56  2005 frames/s  ETA 1330s
[2026-08-04 11:32:34] [data] [█████████████░░░░░░░]  67.0% frames 5404000/8069056 ep 52/56  2005 frames/s  ETA 1329s
[2026-08-04 11:32:34] [data] [█████████████░░░░░░░]  67.0% frames 5406000/8069056 ep 52/56  2005 frames/s  ETA 1328s
[2026-08-04 11:32:35] [data] [█████████████░░░░░░░]  67.0% frames 5408000/8069056 ep 52/56  2005 frames/s  ETA 1327s
[2026-08-04 11:32:36] [data] [█████████████░░░░░░░]  67.0% frames 5410000/8069056 ep 52/56  2005 frames/s  ETA 1326s
[2026-08-04 11:32:37] [data] [█████████████░░░░░░░]  67.1% frames 5412000/8069056 ep 52/56  2005 frames/s  ETA 1325s
[2026-08-04 11:32:38] [data] [█████████████░░░░░░░]  67.1% frames 5414000/8069056 ep 52/56  2005 frames/s  ETA 1324s
[2026-08-04 11:32:40] [data] [█████████████░░░░░░░]  67.1% frames 5416000/8069056 ep 52/56  2005 frames/s  ETA 1323s
[2026-08-04 11:32:41] [data] [█████████████░░░░░░░]  67.1% frames 5418000/8069056 ep 52/56  2005 frames/s  ETA 1322s
[2026-08-04 11:32:42] [data] [█████████████░░░░░░░]  67.2% frames 5420000/8069056 ep 52/56  2005 frames/s  ETA 1321s
[2026-08-04 11:32:43] [data] [█████████████░░░░░░░]  67.2% frames 5422000/8069056 ep 52/56  2005 frames/s  ETA 1320s
[2026-08-04 11:32:44] [data] [█████████████░░░░░░░]  67.2% frames 5424000/8069056 ep 52/56  2005 frames/s  ETA 1319s
[2026-08-04 11:32:45] [data] [█████████████░░░░░░░]  67.2% frames 5426000/8069056 ep 52/56  2005 frames/s  ETA 1318s
[2026-08-04 11:32:46] [data] [█████████████░░░░░░░]  67.3% frames 5428000/8069056 ep 52/56  2005 frames/s  ETA 1317s
[2026-08-04 11:32:47] [data] [█████████████░░░░░░░]  67.3% frames 5430000/8069056 ep 52/56  2005 frames/s  ETA 1316s
[2026-08-04 11:32:48] [data] [█████████████░░░░░░░]  67.3% frames 5432000/8069056 ep 52/56  2005 frames/s  ETA 1315s
[2026-08-04 11:32:49] [data] [█████████████░░░░░░░]  67.3% frames 5434000/8069056 ep 52/56  2005 frames/s  ETA 1314s
[2026-08-04 11:32:50] [data] [█████████████░░░░░░░]  67.4% frames 5436000/8069056 ep 52/56  2005 frames/s  ETA 1313s
[2026-08-04 11:32:51] [data] [█████████████░░░░░░░]  67.4% frames 5438000/8069056 ep 52/56  2005 frames/s  ETA 1312s
[2026-08-04 11:32:52] [data] [█████████████░░░░░░░]  67.4% frames 5440000/8069056 ep 52/56  2005 frames/s  ETA 1311s
[2026-08-04 11:32:53] [data] [█████████████░░░░░░░]  67.4% frames 5442000/8069056 ep 52/56  2005 frames/s  ETA 1310s
[2026-08-04 11:32:54] [data] [█████████████░░░░░░░]  67.5% frames 5444000/8069056 ep 52/56  2005 frames/s  ETA 1309s
[2026-08-04 11:32:55] [data] [█████████████░░░░░░░]  67.5% frames 5446000/8069056 ep 52/56  2005 frames/s  ETA 1308s
[2026-08-04 11:32:56] [data] [█████████████░░░░░░░]  67.5% frames 5448000/8069056 ep 52/56  2005 frames/s  ETA 1307s
[2026-08-04 11:32:57] [data] [█████████████░░░░░░░]  67.5% frames 5450000/8069056 ep 52/56  2005 frames/s  ETA 1306s
[2026-08-04 11:32:58] [data] [█████████████░░░░░░░]  67.6% frames 5452000/8069056 ep 52/56  2005 frames/s  ETA 1305s
[2026-08-04 11:32:59] [data] [█████████████░░░░░░░]  67.6% frames 5454000/8069056 ep 52/56  2005 frames/s  ETA 1304s
[2026-08-04 11:33:00] [data] [█████████████░░░░░░░]  67.6% frames 5456000/8069056 ep 52/56  2005 frames/s  ETA 1303s
[2026-08-04 11:33:01] [data] [█████████████░░░░░░░]  67.6% frames 5458000/8069056 ep 52/56  2005 frames/s  ETA 1302s
[2026-08-04 11:33:02] [data] [█████████████░░░░░░░]  67.7% frames 5460000/8069056 ep 52/56  2005 frames/s  ETA 1301s
[2026-08-04 11:33:02] [data] [█████████████░░░░░░░]  67.7% frames 5462000/8069056 ep 52/56  2005 frames/s  ETA 1300s
[2026-08-04 11:33:03] [data] [█████████████░░░░░░░]  67.7% frames 5464000/8069056 ep 52/56  2005 frames/s  ETA 1299s
[2026-08-04 11:33:04] [data] [█████████████░░░░░░░]  67.7% frames 5466000/8069056 ep 52/56  2005 frames/s  ETA 1298s
[2026-08-04 11:33:05] [data] [█████████████░░░░░░░]  67.8% frames 5468000/8069056 ep 52/56  2005 frames/s  ETA 1297s
[2026-08-04 11:33:06] [data] [█████████████░░░░░░░]  67.8% frames 5470000/8069056 ep 52/56  2005 frames/s  ETA 1296s
[2026-08-04 11:33:07] [data] [█████████████░░░░░░░]  67.8% frames 5472000/8069056 ep 52/56  2005 frames/s  ETA 1295s
[2026-08-04 11:33:08] [data] [█████████████░░░░░░░]  67.8% frames 5474000/8069056 ep 52/56  2006 frames/s  ETA 1294s
[2026-08-04 11:33:09] [data] [█████████████░░░░░░░]  67.9% frames 5476000/8069056 ep 52/56  2006 frames/s  ETA 1293s
[2026-08-04 11:33:10] [data] [█████████████░░░░░░░]  67.9% frames 5478000/8069056 ep 52/56  2006 frames/s  ETA 1292s
[2026-08-04 11:33:11] [data] [█████████████░░░░░░░]  67.9% frames 5480000/8069056 ep 52/56  2006 frames/s  ETA 1291s
[2026-08-04 11:33:12] [data] [█████████████░░░░░░░]  67.9% frames 5482000/8069056 ep 52/56  2006 frames/s  ETA 1290s
[2026-08-04 11:33:13] [data] [█████████████░░░░░░░]  68.0% frames 5484000/8069056 ep 52/56  2006 frames/s  ETA 1289s
[2026-08-04 11:33:14] [data] [█████████████░░░░░░░]  68.0% frames 5486000/8069056 ep 52/56  2006 frames/s  ETA 1288s
[2026-08-04 11:33:15] [data] [█████████████░░░░░░░]  68.0% frames 5488000/8069056 ep 52/56  2006 frames/s  ETA 1287s
[2026-08-04 11:33:16] [data] [█████████████░░░░░░░]  68.0% frames 5490000/8069056 ep 52/56  2006 frames/s  ETA 1286s
[2026-08-04 11:33:17] [data] [█████████████░░░░░░░]  68.1% frames 5492000/8069056 ep 52/56  2006 frames/s  ETA 1285s
[2026-08-04 11:33:18] [data] [█████████████░░░░░░░]  68.1% frames 5494000/8069056 ep 52/56  2006 frames/s  ETA 1284s
[2026-08-04 11:33:19] [data] [█████████████░░░░░░░]  68.1% frames 5496000/8069056 ep 52/56  2006 frames/s  ETA 1283s
[2026-08-04 11:33:20] [data] [█████████████░░░░░░░]  68.1% frames 5498000/8069056 ep 52/56  2006 frames/s  ETA 1282s
[2026-08-04 11:33:21] [data] [█████████████░░░░░░░]  68.2% frames 5500000/8069056 ep 52/56  2006 frames/s  ETA 1281s
[2026-08-04 11:33:22] [data] [█████████████░░░░░░░]  68.2% frames 5502000/8069056 ep 52/56  2006 frames/s  ETA 1280s
[2026-08-04 11:33:23] [data] [█████████████░░░░░░░]  68.2% frames 5504000/8069056 ep 52/56  2006 frames/s  ETA 1279s
[2026-08-04 11:33:24] [data] [█████████████░░░░░░░]  68.2% frames 5506000/8069056 ep 52/56  2006 frames/s  ETA 1278s
[2026-08-04 11:33:25] [data] [█████████████░░░░░░░]  68.3% frames 5508000/8069056 ep 52/56  2006 frames/s  ETA 1277s
[2026-08-04 11:33:26] [data] [█████████████░░░░░░░]  68.3% frames 5510000/8069056 ep 52/56  2006 frames/s  ETA 1276s
[2026-08-04 11:33:26] [data] [█████████████░░░░░░░]  68.3% frames 5512000/8069056 ep 52/56  2006 frames/s  ETA 1275s
[2026-08-04 11:33:27] [data] [█████████████░░░░░░░]  68.3% frames 5514000/8069056 ep 52/56  2006 frames/s  ETA 1274s
[2026-08-04 11:33:28] [data] [█████████████░░░░░░░]  68.4% frames 5516000/8069056 ep 52/56  2006 frames/s  ETA 1273s
[2026-08-04 11:33:29] [data] [█████████████░░░░░░░]  68.4% frames 5518000/8069056 ep 52/56  2006 frames/s  ETA 1272s
[2026-08-04 11:33:30] [data] [█████████████░░░░░░░]  68.4% frames 5520000/8069056 ep 52/56  2006 frames/s  ETA 1271s
[2026-08-04 11:33:31] [data] [█████████████░░░░░░░]  68.4% frames 5522000/8069056 ep 52/56  2006 frames/s  ETA 1270s
[2026-08-04 11:33:32] [data] [█████████████░░░░░░░]  68.5% frames 5524000/8069056 ep 52/56  2006 frames/s  ETA 1269s
[2026-08-04 11:33:33] [data] [█████████████░░░░░░░]  68.5% frames 5526000/8069056 ep 52/56  2006 frames/s  ETA 1268s
[2026-08-04 11:33:34] [data] [█████████████░░░░░░░]  68.5% frames 5528000/8069056 ep 52/56  2006 frames/s  ETA 1267s
[2026-08-04 11:33:35] [data] [█████████████░░░░░░░]  68.5% frames 5530000/8069056 ep 52/56  2006 frames/s  ETA 1266s
[2026-08-04 11:33:36] [data] [█████████████░░░░░░░]  68.6% frames 5532000/8069056 ep 52/56  2006 frames/s  ETA 1265s
[2026-08-04 11:33:37] [data] [█████████████░░░░░░░]  68.6% frames 5534000/8069056 ep 52/56  2006 frames/s  ETA 1264s
[2026-08-04 11:33:38] [data] [█████████████░░░░░░░]  68.6% frames 5536000/8069056 ep 52/56  2006 frames/s  ETA 1263s
[2026-08-04 11:33:39] [data] [█████████████░░░░░░░]  68.6% frames 5538000/8069056 ep 52/56  2006 frames/s  ETA 1262s
[2026-08-04 11:33:40] [data] [█████████████░░░░░░░]  68.7% frames 5540000/8069056 ep 52/56  2006 frames/s  ETA 1261s
[2026-08-04 11:33:41] [data] [█████████████░░░░░░░]  68.7% frames 5542000/8069056 ep 52/56  2006 frames/s  ETA 1260s
[2026-08-04 11:33:42] [data] [█████████████░░░░░░░]  68.7% frames 5544000/8069056 ep 52/56  2006 frames/s  ETA 1259s
[2026-08-04 11:33:43] [data] [█████████████░░░░░░░]  68.7% frames 5546000/8069056 ep 52/56  2006 frames/s  ETA 1258s
[2026-08-04 11:33:44] [data] [█████████████░░░░░░░]  68.8% frames 5548000/8069056 ep 52/56  2006 frames/s  ETA 1257s
[2026-08-04 11:33:45] [data] [█████████████░░░░░░░]  68.8% frames 5550000/8069056 ep 52/56  2006 frames/s  ETA 1256s
[2026-08-04 11:33:46] [data] [█████████████░░░░░░░]  68.8% frames 5552000/8069056 ep 52/56  2006 frames/s  ETA 1254s
[2026-08-04 11:33:47] [data] [█████████████░░░░░░░]  68.8% frames 5554000/8069056 ep 52/56  2006 frames/s  ETA 1253s
[2026-08-04 11:33:48] [data] [█████████████░░░░░░░]  68.9% frames 5556000/8069056 ep 52/56  2006 frames/s  ETA 1252s
[2026-08-04 11:33:49] [data] [█████████████░░░░░░░]  68.9% frames 5558000/8069056 ep 52/56  2007 frames/s  ETA 1251s
[2026-08-04 11:33:50] [data] [█████████████░░░░░░░]  68.9% frames 5560000/8069056 ep 52/56  2007 frames/s  ETA 1250s
[2026-08-04 11:33:51] [data] [█████████████░░░░░░░]  68.9% frames 5562000/8069056 ep 52/56  2007 frames/s  ETA 1249s
[2026-08-04 11:33:52] [data] [█████████████░░░░░░░]  69.0% frames 5564000/8069056 ep 52/56  2006 frames/s  ETA 1248s
[2026-08-04 11:33:53] [data] [█████████████░░░░░░░]  69.0% frames 5566000/8069056 ep 52/56  2006 frames/s  ETA 1247s
[2026-08-04 11:33:54] [data] [█████████████░░░░░░░]  69.0% frames 5568000/8069056 ep 52/56  2006 frames/s  ETA 1247s
[2026-08-04 11:33:55] [data] [█████████████░░░░░░░]  69.0% frames 5570000/8069056 ep 52/56  2006 frames/s  ETA 1246s
[2026-08-04 11:33:56] [data] [█████████████░░░░░░░]  69.1% frames 5572000/8069056 ep 52/56  2006 frames/s  ETA 1245s
[2026-08-04 11:33:57] [data] [█████████████░░░░░░░]  69.1% frames 5574000/8069056 ep 52/56  2006 frames/s  ETA 1244s
[2026-08-04 11:33:58] [data] [█████████████░░░░░░░]  69.1% frames 5576000/8069056 ep 52/56  2006 frames/s  ETA 1243s
[2026-08-04 11:33:59] [data] [█████████████░░░░░░░]  69.1% frames 5578000/8069056 ep 52/56  2006 frames/s  ETA 1242s
[2026-08-04 11:34:00] [data] [█████████████░░░░░░░]  69.2% frames 5580000/8069056 ep 52/56  2006 frames/s  ETA 1241s
[2026-08-04 11:34:01] [data] [█████████████░░░░░░░]  69.2% frames 5582000/8069056 ep 52/56  2006 frames/s  ETA 1240s
[2026-08-04 11:34:02] [data] [█████████████░░░░░░░]  69.2% frames 5584000/8069056 ep 52/56  2006 frames/s  ETA 1239s
[2026-08-04 11:34:03] [data] [█████████████░░░░░░░]  69.2% frames 5586000/8069056 ep 52/56  2006 frames/s  ETA 1238s
[2026-08-04 11:34:04] [data] [█████████████░░░░░░░]  69.3% frames 5588000/8069056 ep 52/56  2006 frames/s  ETA 1237s
[2026-08-04 11:34:05] [data] [█████████████░░░░░░░]  69.3% frames 5590000/8069056 ep 52/56  2006 frames/s  ETA 1236s
[2026-08-04 11:34:06] [data] [█████████████░░░░░░░]  69.3% frames 5592000/8069056 ep 52/56  2006 frames/s  ETA 1235s
[2026-08-04 11:34:07] [data] [█████████████░░░░░░░]  69.3% frames 5594000/8069056 ep 52/56  2006 frames/s  ETA 1234s
[2026-08-04 11:34:08] [data] [█████████████░░░░░░░]  69.4% frames 5596000/8069056 ep 52/56  2006 frames/s  ETA 1233s
[2026-08-04 11:34:10] [data] [█████████████░░░░░░░]  69.4% frames 5598000/8069056 ep 52/56  2006 frames/s  ETA 1232s
[2026-08-04 11:34:11] [data] [█████████████░░░░░░░]  69.4% frames 5600000/8069056 ep 52/56  2006 frames/s  ETA 1231s
[2026-08-04 11:34:12] [data] [█████████████░░░░░░░]  69.4% frames 5602000/8069056 ep 52/56  2006 frames/s  ETA 1230s
[2026-08-04 11:34:13] [data] [█████████████░░░░░░░]  69.5% frames 5604000/8069056 ep 52/56  2006 frames/s  ETA 1229s
[2026-08-04 11:34:14] [data] [█████████████░░░░░░░]  69.5% frames 5606000/8069056 ep 52/56  2006 frames/s  ETA 1228s
[2026-08-04 11:34:15] [data] [█████████████░░░░░░░]  69.5% frames 5608000/8069056 ep 52/56  2006 frames/s  ETA 1227s
[2026-08-04 11:34:16] [data] [█████████████░░░░░░░]  69.5% frames 5610000/8069056 ep 52/56  2006 frames/s  ETA 1226s
[2026-08-04 11:34:17] [data] [█████████████░░░░░░░]  69.5% frames 5612000/8069056 ep 52/56  2006 frames/s  ETA 1225s
[2026-08-04 11:34:18] [data] [█████████████░░░░░░░]  69.6% frames 5614000/8069056 ep 52/56  2006 frames/s  ETA 1224s
[2026-08-04 11:34:19] [data] [█████████████░░░░░░░]  69.6% frames 5616000/8069056 ep 52/56  2006 frames/s  ETA 1223s
[2026-08-04 11:34:20] [data] [█████████████░░░░░░░]  69.6% frames 5618000/8069056 ep 52/56  2006 frames/s  ETA 1222s
[2026-08-04 11:34:21] [data] [█████████████░░░░░░░]  69.6% frames 5620000/8069056 ep 52/56  2006 frames/s  ETA 1221s
[2026-08-04 11:34:22] [data] [█████████████░░░░░░░]  69.7% frames 5622000/8069056 ep 52/56  2006 frames/s  ETA 1220s
[2026-08-04 11:34:23] [data] [█████████████░░░░░░░]  69.7% frames 5624000/8069056 ep 52/56  2006 frames/s  ETA 1219s
[2026-08-04 11:34:24] [data] [█████████████░░░░░░░]  69.7% frames 5626000/8069056 ep 52/56  2006 frames/s  ETA 1218s
[2026-08-04 11:34:25] [data] [█████████████░░░░░░░]  69.7% frames 5628000/8069056 ep 52/56  2006 frames/s  ETA 1217s
[2026-08-04 11:34:26] [data] [█████████████░░░░░░░]  69.8% frames 5630000/8069056 ep 52/56  2006 frames/s  ETA 1216s
[2026-08-04 11:34:27] [data] [█████████████░░░░░░░]  69.8% frames 5632000/8069056 ep 52/56  2006 frames/s  ETA 1215s
[2026-08-04 11:34:28] [data] [█████████████░░░░░░░]  69.8% frames 5634000/8069056 ep 52/56  2006 frames/s  ETA 1214s
[2026-08-04 11:34:29] [data] [█████████████░░░░░░░]  69.8% frames 5636000/8069056 ep 52/56  2006 frames/s  ETA 1213s
[2026-08-04 11:34:30] [data] [█████████████░░░░░░░]  69.9% frames 5638000/8069056 ep 52/56  2006 frames/s  ETA 1212s
[2026-08-04 11:34:31] [data] [█████████████░░░░░░░]  69.9% frames 5640000/8069056 ep 52/56  2006 frames/s  ETA 1211s
[2026-08-04 11:34:32] [data] [█████████████░░░░░░░]  69.9% frames 5642000/8069056 ep 52/56  2006 frames/s  ETA 1210s
[2026-08-04 11:34:33] [data] [█████████████░░░░░░░]  69.9% frames 5644000/8069056 ep 52/56  2006 frames/s  ETA 1209s
[2026-08-04 11:34:34] [data] [█████████████░░░░░░░]  70.0% frames 5646000/8069056 ep 52/56  2006 frames/s  ETA 1208s
[2026-08-04 11:34:35] [data] [█████████████░░░░░░░]  70.0% frames 5648000/8069056 ep 52/56  2006 frames/s  ETA 1207s
[2026-08-04 11:34:36] [data] [██████████████░░░░░░]  70.0% frames 5650000/8069056 ep 52/56  2006 frames/s  ETA 1206s
[2026-08-04 11:34:37] [data] [██████████████░░░░░░]  70.0% frames 5652000/8069056 ep 52/56  2006 frames/s  ETA 1205s
[2026-08-04 11:34:38] [data] [██████████████░░░░░░]  70.1% frames 5654000/8069056 ep 52/56  2006 frames/s  ETA 1204s
[2026-08-04 11:34:39] [data] [██████████████░░░░░░]  70.1% frames 5656000/8069056 ep 52/56  2006 frames/s  ETA 1203s
[2026-08-04 11:34:40] [data] [██████████████░░░░░░]  70.1% frames 5658000/8069056 ep 52/56  2006 frames/s  ETA 1202s
[2026-08-04 11:34:41] [data] [██████████████░░░░░░]  70.1% frames 5660000/8069056 ep 52/56  2006 frames/s  ETA 1201s
[2026-08-04 11:34:42] [data] [██████████████░░░░░░]  70.2% frames 5662000/8069056 ep 52/56  2006 frames/s  ETA 1200s
[2026-08-04 11:34:43] [data] [██████████████░░░░░░]  70.2% frames 5664000/8069056 ep 52/56  2006 frames/s  ETA 1199s
[2026-08-04 11:34:44] [data] [██████████████░░░░░░]  70.2% frames 5666000/8069056 ep 52/56  2006 frames/s  ETA 1198s
[2026-08-04 11:34:45] [data] [██████████████░░░░░░]  70.2% frames 5668000/8069056 ep 52/56  2006 frames/s  ETA 1197s
[2026-08-04 11:34:46] [data] [██████████████░░░░░░]  70.3% frames 5670000/8069056 ep 52/56  2006 frames/s  ETA 1196s
[2026-08-04 11:34:47] [data] [██████████████░░░░░░]  70.3% frames 5672000/8069056 ep 52/56  2006 frames/s  ETA 1195s
[2026-08-04 11:34:48] [data] [██████████████░░░░░░]  70.3% frames 5674000/8069056 ep 52/56  2006 frames/s  ETA 1194s
[2026-08-04 11:34:49] [data] [██████████████░░░░░░]  70.3% frames 5676000/8069056 ep 52/56  2006 frames/s  ETA 1193s
[2026-08-04 11:34:49] [data] [██████████████░░░░░░]  70.4% frames 5678000/8069056 ep 52/56  2006 frames/s  ETA 1192s
[2026-08-04 11:34:50] [data] [██████████████░░░░░░]  70.4% frames 5680000/8069056 ep 52/56  2006 frames/s  ETA 1191s
[2026-08-04 11:34:51] [data] [██████████████░░░░░░]  70.4% frames 5682000/8069056 ep 52/56  2006 frames/s  ETA 1190s
[2026-08-04 11:34:52] [data] [██████████████░░░░░░]  70.4% frames 5684000/8069056 ep 52/56  2006 frames/s  ETA 1189s
[2026-08-04 11:34:53] [data] [██████████████░░░░░░]  70.5% frames 5686000/8069056 ep 52/56  2006 frames/s  ETA 1188s
[2026-08-04 11:34:54] [data] [██████████████░░░░░░]  70.5% frames 5688000/8069056 ep 52/56  2006 frames/s  ETA 1187s
[2026-08-04 11:34:55] [data] [██████████████░░░░░░]  70.5% frames 5690000/8069056 ep 52/56  2006 frames/s  ETA 1186s
[2026-08-04 11:34:56] [data] [██████████████░░░░░░]  70.5% frames 5692000/8069056 ep 52/56  2006 frames/s  ETA 1185s
[2026-08-04 11:34:57] [data] [██████████████░░░░░░]  70.6% frames 5694000/8069056 ep 52/56  2006 frames/s  ETA 1184s
[2026-08-04 11:34:58] [data] [██████████████░░░░░░]  70.6% frames 5696000/8069056 ep 52/56  2006 frames/s  ETA 1183s
[2026-08-04 11:34:59] [data] [██████████████░░░░░░]  70.6% frames 5698000/8069056 ep 52/56  2006 frames/s  ETA 1182s
[2026-08-04 11:35:00] [data] [██████████████░░░░░░]  70.6% frames 5700000/8069056 ep 52/56  2006 frames/s  ETA 1181s
[2026-08-04 11:35:01] [data] [██████████████░░░░░░]  70.7% frames 5702000/8069056 ep 52/56  2006 frames/s  ETA 1180s
[2026-08-04 11:35:02] [data] [██████████████░░░░░░]  70.7% frames 5704000/8069056 ep 52/56  2006 frames/s  ETA 1179s
[2026-08-04 11:35:03] [data] [██████████████░░░░░░]  70.7% frames 5706000/8069056 ep 52/56  2006 frames/s  ETA 1178s
[2026-08-04 11:35:04] [data] [██████████████░░░░░░]  70.7% frames 5708000/8069056 ep 52/56  2006 frames/s  ETA 1177s
[2026-08-04 11:35:05] [data] [██████████████░░░░░░]  70.8% frames 5710000/8069056 ep 52/56  2006 frames/s  ETA 1176s
[2026-08-04 11:35:06] [data] [██████████████░░░░░░]  70.8% frames 5712000/8069056 ep 52/56  2006 frames/s  ETA 1175s
[2026-08-04 11:35:07] [data] [██████████████░░░░░░]  70.8% frames 5714000/8069056 ep 52/56  2006 frames/s  ETA 1174s
[2026-08-04 11:35:08] [data] [██████████████░░░░░░]  70.8% frames 5716000/8069056 ep 52/56  2006 frames/s  ETA 1173s
[2026-08-04 11:35:09] [data] [██████████████░░░░░░]  70.9% frames 5718000/8069056 ep 52/56  2006 frames/s  ETA 1172s
[2026-08-04 11:35:10] [data] [██████████████░░░░░░]  70.9% frames 5720000/8069056 ep 52/56  2006 frames/s  ETA 1171s
[2026-08-04 11:35:11] [data] [██████████████░░░░░░]  70.9% frames 5722000/8069056 ep 52/56  2006 frames/s  ETA 1170s
[2026-08-04 11:35:12] [data] [██████████████░░░░░░]  70.9% frames 5724000/8069056 ep 52/56  2006 frames/s  ETA 1169s
[2026-08-04 11:35:13] [data] [██████████████░░░░░░]  71.0% frames 5726000/8069056 ep 52/56  2006 frames/s  ETA 1168s
[2026-08-04 11:35:14] [data] [██████████████░░░░░░]  71.0% frames 5728000/8069056 ep 52/56  2006 frames/s  ETA 1167s
[2026-08-04 11:35:15] [data] [██████████████░░░░░░]  71.0% frames 5730000/8069056 ep 52/56  2006 frames/s  ETA 1166s
[2026-08-04 11:35:16] [data] [██████████████░░░░░░]  71.0% frames 5732000/8069056 ep 52/56  2006 frames/s  ETA 1165s
[2026-08-04 11:35:17] [data] [██████████████░░░░░░]  71.1% frames 5734000/8069056 ep 52/56  2006 frames/s  ETA 1164s
[2026-08-04 11:35:18] [data] [██████████████░░░░░░]  71.1% frames 5736000/8069056 ep 52/56  2006 frames/s  ETA 1163s
[2026-08-04 11:35:19] [data] [██████████████░░░░░░]  71.1% frames 5738000/8069056 ep 52/56  2006 frames/s  ETA 1162s
[2026-08-04 11:35:20] [data] [██████████████░░░░░░]  71.1% frames 5740000/8069056 ep 52/56  2006 frames/s  ETA 1161s
[2026-08-04 11:35:21] [data] [██████████████░░░░░░]  71.2% frames 5742000/8069056 ep 52/56  2006 frames/s  ETA 1160s
[2026-08-04 11:35:22] [data] [██████████████░░░░░░]  71.2% frames 5744000/8069056 ep 52/56  2006 frames/s  ETA 1159s
[2026-08-04 11:35:23] [data] [██████████████░░░░░░]  71.2% frames 5746000/8069056 ep 52/56  2006 frames/s  ETA 1158s
[2026-08-04 11:35:24] [data] [██████████████░░░░░░]  71.2% frames 5748000/8069056 ep 52/56  2006 frames/s  ETA 1157s
[2026-08-04 11:35:25] [data] [██████████████░░░░░░]  71.3% frames 5750000/8069056 ep 52/56  2006 frames/s  ETA 1156s
[2026-08-04 11:35:26] [data] [██████████████░░░░░░]  71.3% frames 5752000/8069056 ep 52/56  2006 frames/s  ETA 1155s
[2026-08-04 11:35:27] [data] [██████████████░░░░░░]  71.3% frames 5754000/8069056 ep 52/56  2006 frames/s  ETA 1154s
[2026-08-04 11:35:28] [data] [██████████████░░░░░░]  71.3% frames 5756000/8069056 ep 52/56  2006 frames/s  ETA 1153s
[2026-08-04 11:35:29] [data] [██████████████░░░░░░]  71.4% frames 5758000/8069056 ep 52/56  2006 frames/s  ETA 1152s
[2026-08-04 11:35:30] [data] [██████████████░░░░░░]  71.4% frames 5760000/8069056 ep 52/56  2006 frames/s  ETA 1151s
[2026-08-04 11:35:31] [data] [██████████████░░░░░░]  71.4% frames 5762000/8069056 ep 52/56  2006 frames/s  ETA 1150s
[2026-08-04 11:35:32] [data] [██████████████░░░░░░]  71.4% frames 5764000/8069056 ep 52/56  2006 frames/s  ETA 1149s
[2026-08-04 11:35:33] [data] [██████████████░░░░░░]  71.5% frames 5766000/8069056 ep 52/56  2006 frames/s  ETA 1148s
[2026-08-04 11:35:34] [data] [██████████████░░░░░░]  71.5% frames 5768000/8069056 ep 52/56  2006 frames/s  ETA 1147s
[2026-08-04 11:35:35] [data] [██████████████░░░░░░]  71.5% frames 5770000/8069056 ep 52/56  2006 frames/s  ETA 1146s
[2026-08-04 11:35:36] [data] [██████████████░░░░░░]  71.5% frames 5772000/8069056 ep 52/56  2006 frames/s  ETA 1145s
[2026-08-04 11:35:37] [data] [██████████████░░░░░░]  71.6% frames 5774000/8069056 ep 52/56  2006 frames/s  ETA 1144s
[2026-08-04 11:35:38] [data] [██████████████░░░░░░]  71.6% frames 5776000/8069056 ep 52/56  2006 frames/s  ETA 1143s
[2026-08-04 11:35:39] [data] [██████████████░░░░░░]  71.6% frames 5778000/8069056 ep 52/56  2006 frames/s  ETA 1142s
[2026-08-04 11:35:40] [data] [██████████████░░░░░░]  71.6% frames 5780000/8069056 ep 52/56  2006 frames/s  ETA 1141s
[2026-08-04 11:35:41] [data] [██████████████░░░░░░]  71.7% frames 5782000/8069056 ep 52/56  2006 frames/s  ETA 1140s
[2026-08-04 11:35:42] [data] [██████████████░░░░░░]  71.7% frames 5784000/8069056 ep 52/56  2006 frames/s  ETA 1139s
[2026-08-04 11:35:43] [data] [██████████████░░░░░░]  71.7% frames 5786000/8069056 ep 52/56  2006 frames/s  ETA 1138s
[2026-08-04 11:35:44] [data] [██████████████░░░░░░]  71.7% frames 5788000/8069056 ep 52/56  2006 frames/s  ETA 1137s
[2026-08-04 11:35:45] [data] [██████████████░░░░░░]  71.8% frames 5790000/8069056 ep 52/56  2006 frames/s  ETA 1136s
[2026-08-04 11:35:46] [data] [██████████████░░░░░░]  71.8% frames 5792000/8069056 ep 52/56  2006 frames/s  ETA 1135s
[2026-08-04 11:35:47] [data] [██████████████░░░░░░]  71.8% frames 5794000/8069056 ep 52/56  2006 frames/s  ETA 1134s
[2026-08-04 11:35:48] [data] [██████████████░░░░░░]  71.8% frames 5796000/8069056 ep 52/56  2006 frames/s  ETA 1133s
[2026-08-04 11:35:49] [data] [██████████████░░░░░░]  71.9% frames 5798000/8069056 ep 52/56  2006 frames/s  ETA 1132s
[2026-08-04 11:35:50] [data] [██████████████░░░░░░]  71.9% frames 5800000/8069056 ep 52/56  2006 frames/s  ETA 1131s
[2026-08-04 11:35:51] [data] [██████████████░░░░░░]  71.9% frames 5802000/8069056 ep 52/56  2006 frames/s  ETA 1130s
[2026-08-04 11:35:53] [data] [██████████████░░░░░░]  71.9% frames 5804000/8069056 ep 52/56  2006 frames/s  ETA 1129s
[2026-08-04 11:35:54] [data] [██████████████░░░░░░]  72.0% frames 5806000/8069056 ep 52/56  2005 frames/s  ETA 1128s
[2026-08-04 11:35:55] [data] [██████████████░░░░░░]  72.0% frames 5808000/8069056 ep 52/56  2005 frames/s  ETA 1128s
[2026-08-04 11:35:56] [data] [██████████████░░░░░░]  72.0% frames 5810000/8069056 ep 52/56  2005 frames/s  ETA 1127s
[2026-08-04 11:35:58] [data] [██████████████░░░░░░]  72.0% frames 5812000/8069056 ep 52/56  2005 frames/s  ETA 1126s
[2026-08-04 11:35:59] [data] [██████████████░░░░░░]  72.1% frames 5814000/8069056 ep 52/56  2005 frames/s  ETA 1125s
[2026-08-04 11:36:00] [data] [██████████████░░░░░░]  72.1% frames 5816000/8069056 ep 52/56  2005 frames/s  ETA 1124s
[2026-08-04 11:36:01] [data] [██████████████░░░░░░]  72.1% frames 5818000/8069056 ep 52/56  2005 frames/s  ETA 1123s
[2026-08-04 11:36:02] [data] [██████████████░░░░░░]  72.1% frames 5820000/8069056 ep 52/56  2005 frames/s  ETA 1122s
[2026-08-04 11:36:03] [data] [██████████████░░░░░░]  72.2% frames 5822000/8069056 ep 52/56  2005 frames/s  ETA 1121s
[2026-08-04 11:36:04] [data] [██████████████░░░░░░]  72.2% frames 5824000/8069056 ep 52/56  2005 frames/s  ETA 1120s
[2026-08-04 11:36:05] [data] [██████████████░░░░░░]  72.2% frames 5826000/8069056 ep 52/56  2005 frames/s  ETA 1119s
[2026-08-04 11:36:06] [data] [██████████████░░░░░░]  72.2% frames 5828000/8069056 ep 52/56  2005 frames/s  ETA 1118s
[2026-08-04 11:36:07] [data] [██████████████░░░░░░]  72.3% frames 5830000/8069056 ep 52/56  2005 frames/s  ETA 1117s
[2026-08-04 11:36:08] [data] [██████████████░░░░░░]  72.3% frames 5832000/8069056 ep 52/56  2005 frames/s  ETA 1116s
[2026-08-04 11:36:09] [data] [██████████████░░░░░░]  72.3% frames 5834000/8069056 ep 52/56  2005 frames/s  ETA 1115s
[2026-08-04 11:36:10] [data] [██████████████░░░░░░]  72.3% frames 5836000/8069056 ep 52/56  2005 frames/s  ETA 1114s
[2026-08-04 11:36:11] [data] [██████████████░░░░░░]  72.4% frames 5838000/8069056 ep 52/56  2005 frames/s  ETA 1113s
[2026-08-04 11:36:12] [data] [██████████████░░░░░░]  72.4% frames 5840000/8069056 ep 52/56  2005 frames/s  ETA 1112s
[2026-08-04 11:36:13] [data] [██████████████░░░░░░]  72.4% frames 5842000/8069056 ep 52/56  2005 frames/s  ETA 1111s
[2026-08-04 11:36:14] [data] [██████████████░░░░░░]  72.4% frames 5844000/8069056 ep 52/56  2005 frames/s  ETA 1110s
[2026-08-04 11:36:15] [data] [██████████████░░░░░░]  72.4% frames 5846000/8069056 ep 52/56  2005 frames/s  ETA 1109s
[2026-08-04 11:36:16] [data] [██████████████░░░░░░]  72.5% frames 5848000/8069056 ep 52/56  2005 frames/s  ETA 1108s
[2026-08-04 11:36:17] [data] [██████████████░░░░░░]  72.5% frames 5850000/8069056 ep 52/56  2005 frames/s  ETA 1107s
[2026-08-04 11:36:18] [data] [██████████████░░░░░░]  72.5% frames 5852000/8069056 ep 52/56  2005 frames/s  ETA 1106s
[2026-08-04 11:36:19] [data] [██████████████░░░░░░]  72.5% frames 5854000/8069056 ep 52/56  2005 frames/s  ETA 1105s
[2026-08-04 11:36:20] [data] [██████████████░░░░░░]  72.6% frames 5856000/8069056 ep 52/56  2005 frames/s  ETA 1104s
[2026-08-04 11:36:21] [data] [██████████████░░░░░░]  72.6% frames 5858000/8069056 ep 52/56  2005 frames/s  ETA 1103s
[2026-08-04 11:36:22] [data] [██████████████░░░░░░]  72.6% frames 5860000/8069056 ep 52/56  2005 frames/s  ETA 1102s
[2026-08-04 11:36:23] [data] [██████████████░░░░░░]  72.6% frames 5862000/8069056 ep 52/56  2005 frames/s  ETA 1101s
[2026-08-04 11:36:24] [data] [██████████████░░░░░░]  72.7% frames 5864000/8069056 ep 52/56  2005 frames/s  ETA 1100s
[2026-08-04 11:36:25] [data] [██████████████░░░░░░]  72.7% frames 5866000/8069056 ep 52/56  2005 frames/s  ETA 1099s
[2026-08-04 11:36:26] [data] [██████████████░░░░░░]  72.7% frames 5868000/8069056 ep 52/56  2005 frames/s  ETA 1098s
[2026-08-04 11:36:27] [data] [██████████████░░░░░░]  72.7% frames 5870000/8069056 ep 52/56  2005 frames/s  ETA 1097s
[2026-08-04 11:36:28] [data] [██████████████░░░░░░]  72.8% frames 5872000/8069056 ep 52/56  2005 frames/s  ETA 1096s
[2026-08-04 11:36:29] [data] [██████████████░░░░░░]  72.8% frames 5874000/8069056 ep 52/56  2005 frames/s  ETA 1095s
[2026-08-04 11:36:30] [data] [██████████████░░░░░░]  72.8% frames 5876000/8069056 ep 52/56  2005 frames/s  ETA 1094s
[2026-08-04 11:36:31] [data] [██████████████░░░░░░]  72.8% frames 5878000/8069056 ep 52/56  2005 frames/s  ETA 1093s
[2026-08-04 11:36:32] [data] [██████████████░░░░░░]  72.9% frames 5880000/8069056 ep 52/56  2005 frames/s  ETA 1092s
[2026-08-04 11:36:33] [data] [██████████████░░░░░░]  72.9% frames 5882000/8069056 ep 52/56  2005 frames/s  ETA 1091s
[2026-08-04 11:36:34] [data] [██████████████░░░░░░]  72.9% frames 5884000/8069056 ep 52/56  2005 frames/s  ETA 1090s
[2026-08-04 11:36:35] [data] [██████████████░░░░░░]  72.9% frames 5886000/8069056 ep 52/56  2005 frames/s  ETA 1089s
[2026-08-04 11:36:36] [data] [██████████████░░░░░░]  73.0% frames 5888000/8069056 ep 52/56  2005 frames/s  ETA 1088s
[2026-08-04 11:36:37] [data] [██████████████░░░░░░]  73.0% frames 5890000/8069056 ep 52/56  2005 frames/s  ETA 1087s
[2026-08-04 11:36:38] [data] [██████████████░░░░░░]  73.0% frames 5892000/8069056 ep 52/56  2005 frames/s  ETA 1086s
[2026-08-04 11:36:39] [data] [██████████████░░░░░░]  73.0% frames 5894000/8069056 ep 52/56  2005 frames/s  ETA 1085s
[2026-08-04 11:36:40] [data] [██████████████░░░░░░]  73.1% frames 5896000/8069056 ep 52/56  2005 frames/s  ETA 1084s
[2026-08-04 11:36:41] [data] [██████████████░░░░░░]  73.1% frames 5898000/8069056 ep 52/56  2005 frames/s  ETA 1083s
[2026-08-04 11:36:42] [data] [██████████████░░░░░░]  73.1% frames 5900000/8069056 ep 52/56  2005 frames/s  ETA 1082s
[2026-08-04 11:36:43] [data] [██████████████░░░░░░]  73.1% frames 5902000/8069056 ep 52/56  2005 frames/s  ETA 1081s
[2026-08-04 11:36:44] [data] [██████████████░░░░░░]  73.2% frames 5904000/8069056 ep 52/56  2005 frames/s  ETA 1080s
[2026-08-04 11:36:45] [data] [██████████████░░░░░░]  73.2% frames 5906000/8069056 ep 52/56  2005 frames/s  ETA 1079s
[2026-08-04 11:36:46] [data] [██████████████░░░░░░]  73.2% frames 5908000/8069056 ep 52/56  2005 frames/s  ETA 1078s
[2026-08-04 11:36:47] [data] [██████████████░░░░░░]  73.2% frames 5910000/8069056 ep 52/56  2005 frames/s  ETA 1077s
[2026-08-04 11:36:48] [data] [██████████████░░░░░░]  73.3% frames 5912000/8069056 ep 52/56  2005 frames/s  ETA 1076s
[2026-08-04 11:36:49] [data] [██████████████░░░░░░]  73.3% frames 5914000/8069056 ep 52/56  2005 frames/s  ETA 1075s
[2026-08-04 11:36:50] [data] [██████████████░░░░░░]  73.3% frames 5916000/8069056 ep 52/56  2005 frames/s  ETA 1074s
[2026-08-04 11:36:51] [data] [██████████████░░░░░░]  73.3% frames 5918000/8069056 ep 52/56  2005 frames/s  ETA 1073s
[2026-08-04 11:36:52] [data] [██████████████░░░░░░]  73.4% frames 5920000/8069056 ep 52/56  2005 frames/s  ETA 1072s
[2026-08-04 11:36:53] [data] [██████████████░░░░░░]  73.4% frames 5922000/8069056 ep 52/56  2005 frames/s  ETA 1071s
[2026-08-04 11:36:54] [data] [██████████████░░░░░░]  73.4% frames 5924000/8069056 ep 52/56  2005 frames/s  ETA 1070s
[2026-08-04 11:36:55] [data] [██████████████░░░░░░]  73.4% frames 5926000/8069056 ep 52/56  2005 frames/s  ETA 1069s
[2026-08-04 11:36:56] [data] [██████████████░░░░░░]  73.5% frames 5928000/8069056 ep 52/56  2005 frames/s  ETA 1068s
[2026-08-04 11:36:57] [data] [██████████████░░░░░░]  73.5% frames 5930000/8069056 ep 52/56  2005 frames/s  ETA 1067s
[2026-08-04 11:36:58] [data] [██████████████░░░░░░]  73.5% frames 5932000/8069056 ep 52/56  2005 frames/s  ETA 1066s
[2026-08-04 11:36:59] [data] [██████████████░░░░░░]  73.5% frames 5934000/8069056 ep 52/56  2005 frames/s  ETA 1065s
[2026-08-04 11:37:00] [data] [██████████████░░░░░░]  73.6% frames 5936000/8069056 ep 52/56  2005 frames/s  ETA 1064s
[2026-08-04 11:37:01] [data] [██████████████░░░░░░]  73.6% frames 5938000/8069056 ep 52/56  2005 frames/s  ETA 1063s
[2026-08-04 11:37:02] [data] [██████████████░░░░░░]  73.6% frames 5940000/8069056 ep 52/56  2005 frames/s  ETA 1062s
[2026-08-04 11:37:03] [data] [██████████████░░░░░░]  73.6% frames 5942000/8069056 ep 52/56  2005 frames/s  ETA 1061s
[2026-08-04 11:37:04] [data] [██████████████░░░░░░]  73.7% frames 5944000/8069056 ep 52/56  2005 frames/s  ETA 1060s
[2026-08-04 11:37:05] [data] [██████████████░░░░░░]  73.7% frames 5946000/8069056 ep 52/56  2005 frames/s  ETA 1059s
[2026-08-04 11:37:06] [data] [██████████████░░░░░░]  73.7% frames 5948000/8069056 ep 52/56  2005 frames/s  ETA 1058s
[2026-08-04 11:37:07] [data] [██████████████░░░░░░]  73.7% frames 5950000/8069056 ep 52/56  2005 frames/s  ETA 1057s
[2026-08-04 11:37:08] [data] [██████████████░░░░░░]  73.8% frames 5952000/8069056 ep 52/56  2005 frames/s  ETA 1056s
[2026-08-04 11:37:09] [data] [██████████████░░░░░░]  73.8% frames 5954000/8069056 ep 52/56  2005 frames/s  ETA 1055s
[2026-08-04 11:37:10] [data] [██████████████░░░░░░]  73.8% frames 5956000/8069056 ep 52/56  2005 frames/s  ETA 1054s
[2026-08-04 11:37:11] [data] [██████████████░░░░░░]  73.8% frames 5958000/8069056 ep 52/56  2005 frames/s  ETA 1053s
[2026-08-04 11:37:12] [data] [██████████████░░░░░░]  73.9% frames 5960000/8069056 ep 52/56  2005 frames/s  ETA 1052s
[2026-08-04 11:37:13] [data] [██████████████░░░░░░]  73.9% frames 5962000/8069056 ep 52/56  2005 frames/s  ETA 1051s
[2026-08-04 11:37:14] [data] [██████████████░░░░░░]  73.9% frames 5964000/8069056 ep 52/56  2005 frames/s  ETA 1050s
[2026-08-04 11:37:15] [data] [██████████████░░░░░░]  73.9% frames 5966000/8069056 ep 52/56  2005 frames/s  ETA 1049s
[2026-08-04 11:37:16] [data] [██████████████░░░░░░]  74.0% frames 5968000/8069056 ep 52/56  2005 frames/s  ETA 1048s
[2026-08-04 11:37:17] [data] [██████████████░░░░░░]  74.0% frames 5970000/8069056 ep 52/56  2005 frames/s  ETA 1047s
[2026-08-04 11:37:18] [data] [██████████████░░░░░░]  74.0% frames 5972000/8069056 ep 52/56  2005 frames/s  ETA 1046s
[2026-08-04 11:37:19] [data] [██████████████░░░░░░]  74.0% frames 5974000/8069056 ep 52/56  2005 frames/s  ETA 1045s
[2026-08-04 11:37:20] [data] [██████████████░░░░░░]  74.1% frames 5976000/8069056 ep 52/56  2005 frames/s  ETA 1044s
[2026-08-04 11:37:21] [data] [██████████████░░░░░░]  74.1% frames 5978000/8069056 ep 52/56  2005 frames/s  ETA 1043s
[2026-08-04 11:37:22] [data] [██████████████░░░░░░]  74.1% frames 5980000/8069056 ep 52/56  2005 frames/s  ETA 1042s
[2026-08-04 11:37:23] [data] [██████████████░░░░░░]  74.1% frames 5982000/8069056 ep 52/56  2005 frames/s  ETA 1041s
[2026-08-04 11:37:24] [data] [██████████████░░░░░░]  74.2% frames 5984000/8069056 ep 52/56  2005 frames/s  ETA 1040s
[2026-08-04 11:37:25] [data] [██████████████░░░░░░]  74.2% frames 5986000/8069056 ep 52/56  2005 frames/s  ETA 1039s
[2026-08-04 11:37:26] [data] [██████████████░░░░░░]  74.2% frames 5988000/8069056 ep 52/56  2005 frames/s  ETA 1038s
[2026-08-04 11:37:27] [data] [██████████████░░░░░░]  74.2% frames 5990000/8069056 ep 52/56  2005 frames/s  ETA 1037s
[2026-08-04 11:37:28] [data] [██████████████░░░░░░]  74.3% frames 5992000/8069056 ep 52/56  2005 frames/s  ETA 1036s
[2026-08-04 11:37:29] [data] [██████████████░░░░░░]  74.3% frames 5994000/8069056 ep 52/56  2005 frames/s  ETA 1035s
[2026-08-04 11:37:30] [data] [██████████████░░░░░░]  74.3% frames 5996000/8069056 ep 52/56  2005 frames/s  ETA 1034s
[2026-08-04 11:37:31] [data] [██████████████░░░░░░]  74.3% frames 5998000/8069056 ep 52/56  2005 frames/s  ETA 1033s
[2026-08-04 11:37:32] [data] [██████████████░░░░░░]  74.4% frames 6000000/8069056 ep 52/56  2005 frames/s  ETA 1032s
[2026-08-04 11:37:33] [data] [██████████████░░░░░░]  74.4% frames 6002000/8069056 ep 52/56  2005 frames/s  ETA 1031s
[2026-08-04 11:37:34] [data] [██████████████░░░░░░]  74.4% frames 6004000/8069056 ep 52/56  2005 frames/s  ETA 1030s
[2026-08-04 11:37:35] [data] [██████████████░░░░░░]  74.4% frames 6006000/8069056 ep 52/56  2005 frames/s  ETA 1029s
[2026-08-04 11:37:36] [data] [██████████████░░░░░░]  74.5% frames 6008000/8069056 ep 52/56  2005 frames/s  ETA 1028s
[2026-08-04 11:37:37] [data] [██████████████░░░░░░]  74.5% frames 6010000/8069056 ep 52/56  2005 frames/s  ETA 1027s
[2026-08-04 11:37:38] [data] [██████████████░░░░░░]  74.5% frames 6012000/8069056 ep 52/56  2004 frames/s  ETA 1026s
[2026-08-04 11:37:39] [data] [██████████████░░░░░░]  74.5% frames 6014000/8069056 ep 52/56  2004 frames/s  ETA 1025s
[2026-08-04 11:37:40] [data] [██████████████░░░░░░]  74.6% frames 6016000/8069056 ep 52/56  2004 frames/s  ETA 1024s
[2026-08-04 11:37:41] [data] [██████████████░░░░░░]  74.6% frames 6018000/8069056 ep 52/56  2005 frames/s  ETA 1023s
[2026-08-04 11:37:42] [data] [██████████████░░░░░░]  74.6% frames 6020000/8069056 ep 52/56  2005 frames/s  ETA 1022s
[2026-08-04 11:37:43] [data] [██████████████░░░░░░]  74.6% frames 6022000/8069056 ep 52/56  2005 frames/s  ETA 1021s
[2026-08-04 11:37:44] [data] [██████████████░░░░░░]  74.7% frames 6024000/8069056 ep 52/56  2005 frames/s  ETA 1020s
[2026-08-04 11:37:45] [data] [██████████████░░░░░░]  74.7% frames 6026000/8069056 ep 52/56  2005 frames/s  ETA 1019s
[2026-08-04 11:37:46] [data] [██████████████░░░░░░]  74.7% frames 6028000/8069056 ep 52/56  2005 frames/s  ETA 1018s
[2026-08-04 11:37:47] [data] [██████████████░░░░░░]  74.7% frames 6030000/8069056 ep 52/56  2005 frames/s  ETA 1017s
[2026-08-04 11:37:48] [data] [██████████████░░░░░░]  74.8% frames 6032000/8069056 ep 52/56  2005 frames/s  ETA 1016s
[2026-08-04 11:37:49] [data] [██████████████░░░░░░]  74.8% frames 6034000/8069056 ep 52/56  2005 frames/s  ETA 1015s
[2026-08-04 11:37:50] [data] [██████████████░░░░░░]  74.8% frames 6036000/8069056 ep 52/56  2004 frames/s  ETA 1014s
[2026-08-04 11:37:51] [data] [██████████████░░░░░░]  74.8% frames 6038000/8069056 ep 52/56  2004 frames/s  ETA 1013s
[2026-08-04 11:37:52] [data] [██████████████░░░░░░]  74.9% frames 6040000/8069056 ep 52/56  2004 frames/s  ETA 1012s
[2026-08-04 11:37:53] [data] [██████████████░░░░░░]  74.9% frames 6042000/8069056 ep 52/56  2004 frames/s  ETA 1011s
[2026-08-04 11:37:54] [data] [██████████████░░░░░░]  74.9% frames 6044000/8069056 ep 52/56  2004 frames/s  ETA 1010s
[2026-08-04 11:37:55] [data] [██████████████░░░░░░]  74.9% frames 6046000/8069056 ep 52/56  2004 frames/s  ETA 1009s
[2026-08-04 11:37:56] [data] [██████████████░░░░░░]  75.0% frames 6048000/8069056 ep 52/56  2004 frames/s  ETA 1008s
[2026-08-04 11:37:57] [data] [██████████████░░░░░░]  75.0% frames 6050000/8069056 ep 52/56  2004 frames/s  ETA 1007s
[2026-08-04 11:37:58] [data] [███████████████░░░░░]  75.0% frames 6052000/8069056 ep 52/56  2004 frames/s  ETA 1006s
[2026-08-04 11:37:59] [data] [███████████████░░░░░]  75.0% frames 6054000/8069056 ep 52/56  2004 frames/s  ETA 1005s
[2026-08-04 11:38:00] [data] [███████████████░░░░░]  75.1% frames 6056000/8069056 ep 52/56  2004 frames/s  ETA 1004s
[2026-08-04 11:38:01] [data] [███████████████░░░░░]  75.1% frames 6058000/8069056 ep 52/56  2005 frames/s  ETA 1003s
[2026-08-04 11:38:02] [data] [███████████████░░░░░]  75.1% frames 6060000/8069056 ep 52/56  2005 frames/s  ETA 1002s
[2026-08-04 11:38:03] [data] [███████████████░░░░░]  75.1% frames 6062000/8069056 ep 52/56  2005 frames/s  ETA 1001s
[2026-08-04 11:38:04] [data] [███████████████░░░░░]  75.2% frames 6064000/8069056 ep 52/56  2005 frames/s  ETA 1000s
[2026-08-04 11:38:05] [data] [███████████████░░░░░]  75.2% frames 6066000/8069056 ep 52/56  2005 frames/s  ETA 999s
[2026-08-04 11:38:06] [data] [███████████████░░░░░]  75.2% frames 6068000/8069056 ep 52/56  2005 frames/s  ETA 998s
[2026-08-04 11:38:07] [data] [███████████████░░░░░]  75.2% frames 6070000/8069056 ep 52/56  2005 frames/s  ETA 997s
[2026-08-04 11:38:08] [data] [███████████████░░░░░]  75.3% frames 6072000/8069056 ep 52/56  2005 frames/s  ETA 996s
[2026-08-04 11:38:09] [data] [███████████████░░░░░]  75.3% frames 6074000/8069056 ep 52/56  2005 frames/s  ETA 995s
[2026-08-04 11:38:10] [data] [███████████████░░░░░]  75.3% frames 6076000/8069056 ep 52/56  2005 frames/s  ETA 994s
[2026-08-04 11:38:11] [data] [███████████████░░░░░]  75.3% frames 6078000/8069056 ep 52/56  2005 frames/s  ETA 993s
[2026-08-04 11:38:12] [data] [███████████████░░░░░]  75.3% frames 6080000/8069056 ep 52/56  2005 frames/s  ETA 992s
[2026-08-04 11:38:13] [data] [███████████████░░░░░]  75.4% frames 6082000/8069056 ep 52/56  2005 frames/s  ETA 991s
[2026-08-04 11:38:14] [data] [███████████████░░░░░]  75.4% frames 6084000/8069056 ep 52/56  2005 frames/s  ETA 990s
[2026-08-04 11:38:15] [data] [███████████████░░░░░]  75.4% frames 6086000/8069056 ep 52/56  2005 frames/s  ETA 989s
[2026-08-04 11:38:16] [data] [███████████████░░░░░]  75.4% frames 6088000/8069056 ep 52/56  2005 frames/s  ETA 988s
[2026-08-04 11:38:17] [data] [███████████████░░░░░]  75.5% frames 6090000/8069056 ep 52/56  2005 frames/s  ETA 987s
[2026-08-04 11:38:18] [data] [███████████████░░░░░]  75.5% frames 6092000/8069056 ep 52/56  2005 frames/s  ETA 986s
[2026-08-04 11:38:19] [data] [███████████████░░░░░]  75.5% frames 6094000/8069056 ep 52/56  2005 frames/s  ETA 985s
[2026-08-04 11:38:20] [data] [███████████████░░░░░]  75.5% frames 6096000/8069056 ep 52/56  2005 frames/s  ETA 984s
[2026-08-04 11:38:21] [data] [███████████████░░░░░]  75.6% frames 6098000/8069056 ep 52/56  2005 frames/s  ETA 983s
[2026-08-04 11:38:22] [data] [███████████████░░░░░]  75.6% frames 6100000/8069056 ep 52/56  2005 frames/s  ETA 982s
[2026-08-04 11:38:23] [data] [███████████████░░░░░]  75.6% frames 6102000/8069056 ep 52/56  2005 frames/s  ETA 981s
[2026-08-04 11:38:24] [data] [███████████████░░░░░]  75.6% frames 6104000/8069056 ep 52/56  2005 frames/s  ETA 980s
[2026-08-04 11:38:25] [data] [███████████████░░░░░]  75.7% frames 6106000/8069056 ep 52/56  2005 frames/s  ETA 979s
[2026-08-04 11:38:26] [data] [███████████████░░░░░]  75.7% frames 6108000/8069056 ep 52/56  2005 frames/s  ETA 978s
[2026-08-04 11:38:27] [data] [███████████████░░░░░]  75.7% frames 6110000/8069056 ep 52/56  2005 frames/s  ETA 977s
[2026-08-04 11:38:28] [data] [███████████████░░░░░]  75.7% frames 6112000/8069056 ep 52/56  2005 frames/s  ETA 976s
[2026-08-04 11:38:29] [data] [███████████████░░░░░]  75.8% frames 6114000/8069056 ep 52/56  2004 frames/s  ETA 975s
[2026-08-04 11:38:30] [data] [███████████████░░░░░]  75.8% frames 6116000/8069056 ep 52/56  2004 frames/s  ETA 974s
[2026-08-04 11:38:31] [data] [███████████████░░░░░]  75.8% frames 6118000/8069056 ep 52/56  2004 frames/s  ETA 973s
[2026-08-04 11:38:32] [data] [███████████████░░░░░]  75.8% frames 6120000/8069056 ep 52/56  2004 frames/s  ETA 972s
[2026-08-04 11:38:34] [data] [███████████████░░░░░]  75.9% frames 6122000/8069056 ep 52/56  2004 frames/s  ETA 972s
[2026-08-04 11:38:35] [data] [███████████████░░░░░]  75.9% frames 6124000/8069056 ep 52/56  2004 frames/s  ETA 971s
[2026-08-04 11:38:36] [data] [███████████████░░░░░]  75.9% frames 6126000/8069056 ep 52/56  2004 frames/s  ETA 970s
[2026-08-04 11:38:37] [data] [███████████████░░░░░]  75.9% frames 6128000/8069056 ep 52/56  2004 frames/s  ETA 969s
[2026-08-04 11:38:38] [data] [███████████████░░░░░]  76.0% frames 6130000/8069056 ep 52/56  2004 frames/s  ETA 968s
[2026-08-04 11:38:39] [data] [███████████████░░░░░]  76.0% frames 6132000/8069056 ep 52/56  2004 frames/s  ETA 967s
[2026-08-04 11:38:40] [data] [███████████████░░░░░]  76.0% frames 6134000/8069056 ep 52/56  2004 frames/s  ETA 966s
[2026-08-04 11:38:41] [data] [███████████████░░░░░]  76.0% frames 6136000/8069056 ep 52/56  2004 frames/s  ETA 965s
[2026-08-04 11:38:42] [data] [███████████████░░░░░]  76.1% frames 6138000/8069056 ep 52/56  2004 frames/s  ETA 964s
[2026-08-04 11:38:43] [data] [███████████████░░░░░]  76.1% frames 6140000/8069056 ep 52/56  2004 frames/s  ETA 963s
[2026-08-04 11:38:44] [data] [███████████████░░░░░]  76.1% frames 6142000/8069056 ep 52/56  2004 frames/s  ETA 962s
[2026-08-04 11:38:45] [data] [███████████████░░░░░]  76.1% frames 6144000/8069056 ep 52/56  2004 frames/s  ETA 961s
[2026-08-04 11:38:46] [data] [███████████████░░░░░]  76.2% frames 6146000/8069056 ep 52/56  2004 frames/s  ETA 960s
[2026-08-04 11:38:47] [data] [███████████████░░░░░]  76.2% frames 6148000/8069056 ep 52/56  2004 frames/s  ETA 959s
[2026-08-04 11:38:48] [data] [███████████████░░░░░]  76.2% frames 6150000/8069056 ep 52/56  2004 frames/s  ETA 958s
[2026-08-04 11:38:49] [data] [███████████████░░░░░]  76.2% frames 6152000/8069056 ep 52/56  2004 frames/s  ETA 957s
[2026-08-04 11:38:50] [data] [███████████████░░░░░]  76.3% frames 6154000/8069056 ep 52/56  2004 frames/s  ETA 956s
[2026-08-04 11:38:51] [data] [███████████████░░░░░]  76.3% frames 6156000/8069056 ep 52/56  2004 frames/s  ETA 955s
[2026-08-04 11:38:52] [data] [███████████████░░░░░]  76.3% frames 6158000/8069056 ep 52/56  2004 frames/s  ETA 954s
[2026-08-04 11:38:53] [data] [███████████████░░░░░]  76.3% frames 6160000/8069056 ep 52/56  2004 frames/s  ETA 953s
[2026-08-04 11:38:54] [data] [███████████████░░░░░]  76.4% frames 6162000/8069056 ep 52/56  2004 frames/s  ETA 952s
[2026-08-04 11:38:55] [data] [███████████████░░░░░]  76.4% frames 6164000/8069056 ep 52/56  2004 frames/s  ETA 951s
[2026-08-04 11:38:56] [data] [███████████████░░░░░]  76.4% frames 6166000/8069056 ep 52/56  2004 frames/s  ETA 950s
[2026-08-04 11:38:57] [data] [███████████████░░░░░]  76.4% frames 6168000/8069056 ep 52/56  2004 frames/s  ETA 949s
[2026-08-04 11:38:58] [data] [███████████████░░░░░]  76.5% frames 6170000/8069056 ep 52/56  2004 frames/s  ETA 948s
[2026-08-04 11:38:59] [data] [███████████████░░░░░]  76.5% frames 6172000/8069056 ep 52/56  2004 frames/s  ETA 947s
[2026-08-04 11:39:00] [data] [███████████████░░░░░]  76.5% frames 6174000/8069056 ep 52/56  2004 frames/s  ETA 946s
[2026-08-04 11:39:01] [data] [███████████████░░░░░]  76.5% frames 6176000/8069056 ep 52/56  2004 frames/s  ETA 945s
[2026-08-04 11:39:02] [data] [███████████████░░░░░]  76.6% frames 6178000/8069056 ep 52/56  2004 frames/s  ETA 944s
[2026-08-04 11:39:03] [data] [███████████████░░░░░]  76.6% frames 6180000/8069056 ep 52/56  2004 frames/s  ETA 943s
[2026-08-04 11:39:04] [data] [███████████████░░░░░]  76.6% frames 6182000/8069056 ep 52/56  2004 frames/s  ETA 942s
[2026-08-04 11:39:05] [data] [███████████████░░░░░]  76.6% frames 6184000/8069056 ep 52/56  2004 frames/s  ETA 941s
[2026-08-04 11:39:06] [data] [███████████████░░░░░]  76.7% frames 6186000/8069056 ep 52/56  2004 frames/s  ETA 940s
[2026-08-04 11:39:07] [data] [███████████████░░░░░]  76.7% frames 6188000/8069056 ep 52/56  2004 frames/s  ETA 939s
[2026-08-04 11:39:08] [data] [███████████████░░░░░]  76.7% frames 6190000/8069056 ep 52/56  2004 frames/s  ETA 938s
[2026-08-04 11:39:09] [data] [███████████████░░░░░]  76.7% frames 6192000/8069056 ep 52/56  2004 frames/s  ETA 937s
[2026-08-04 11:39:10] [data] [███████████████░░░░░]  76.8% frames 6194000/8069056 ep 52/56  2004 frames/s  ETA 936s
[2026-08-04 11:39:11] [data] [███████████████░░░░░]  76.8% frames 6196000/8069056 ep 52/56  2004 frames/s  ETA 935s
[2026-08-04 11:39:12] [data] [███████████████░░░░░]  76.8% frames 6198000/8069056 ep 52/56  2004 frames/s  ETA 934s
[2026-08-04 11:39:13] [data] [███████████████░░░░░]  76.8% frames 6200000/8069056 ep 52/56  2004 frames/s  ETA 933s
[2026-08-04 11:39:14] [data] [███████████████░░░░░]  76.9% frames 6202000/8069056 ep 52/56  2004 frames/s  ETA 932s
[2026-08-04 11:39:15] [data] [███████████████░░░░░]  76.9% frames 6204000/8069056 ep 52/56  2004 frames/s  ETA 931s
[2026-08-04 11:39:16] [data] [███████████████░░░░░]  76.9% frames 6206000/8069056 ep 52/56  2004 frames/s  ETA 930s
[2026-08-04 11:39:17] [data] [███████████████░░░░░]  76.9% frames 6208000/8069056 ep 52/56  2004 frames/s  ETA 929s
[2026-08-04 11:39:18] [data] [███████████████░░░░░]  77.0% frames 6210000/8069056 ep 52/56  2004 frames/s  ETA 928s
[2026-08-04 11:39:19] [data] [███████████████░░░░░]  77.0% frames 6212000/8069056 ep 52/56  2004 frames/s  ETA 927s
[2026-08-04 11:39:20] [data] [███████████████░░░░░]  77.0% frames 6214000/8069056 ep 52/56  2004 frames/s  ETA 926s
[2026-08-04 11:39:21] [data] [███████████████░░░░░]  77.0% frames 6216000/8069056 ep 52/56  2004 frames/s  ETA 925s
[2026-08-04 11:39:22] [data] [███████████████░░░░░]  77.1% frames 6218000/8069056 ep 52/56  2004 frames/s  ETA 924s
[2026-08-04 11:39:23] [data] [███████████████░░░░░]  77.1% frames 6220000/8069056 ep 52/56  2004 frames/s  ETA 923s
[2026-08-04 11:39:24] [data] [███████████████░░░░░]  77.1% frames 6222000/8069056 ep 52/56  2004 frames/s  ETA 922s
[2026-08-04 11:39:25] [data] [███████████████░░░░░]  77.1% frames 6224000/8069056 ep 52/56  2004 frames/s  ETA 921s
[2026-08-04 11:39:26] [data] [███████████████░░░░░]  77.2% frames 6226000/8069056 ep 52/56  2004 frames/s  ETA 920s
[2026-08-04 11:39:27] [data] [███████████████░░░░░]  77.2% frames 6228000/8069056 ep 52/56  2004 frames/s  ETA 919s
[2026-08-04 11:39:28] [data] [███████████████░░░░░]  77.2% frames 6230000/8069056 ep 52/56  2004 frames/s  ETA 918s
[2026-08-04 11:39:29] [data] [███████████████░░░░░]  77.2% frames 6232000/8069056 ep 52/56  2004 frames/s  ETA 917s
[2026-08-04 11:39:30] [data] [███████████████░░░░░]  77.3% frames 6234000/8069056 ep 52/56  2004 frames/s  ETA 916s
[2026-08-04 11:39:31] [data] [███████████████░░░░░]  77.3% frames 6236000/8069056 ep 52/56  2004 frames/s  ETA 915s
[2026-08-04 11:39:32] [data] [███████████████░░░░░]  77.3% frames 6238000/8069056 ep 52/56  2004 frames/s  ETA 914s
[2026-08-04 11:39:32] [data] [███████████████░░░░░]  77.3% frames 6240000/8069056 ep 52/56  2004 frames/s  ETA 913s
[2026-08-04 11:39:33] [data] [███████████████░░░░░]  77.4% frames 6242000/8069056 ep 52/56  2004 frames/s  ETA 912s
[2026-08-04 11:39:34] [data] [███████████████░░░░░]  77.4% frames 6244000/8069056 ep 52/56  2004 frames/s  ETA 911s
[2026-08-04 11:39:35] [data] [███████████████░░░░░]  77.4% frames 6246000/8069056 ep 52/56  2004 frames/s  ETA 910s
[2026-08-04 11:39:36] [data] [███████████████░░░░░]  77.4% frames 6248000/8069056 ep 52/56  2004 frames/s  ETA 909s
[2026-08-04 11:39:37] [data] [███████████████░░░░░]  77.5% frames 6250000/8069056 ep 52/56  2004 frames/s  ETA 908s
[2026-08-04 11:39:39] [data] [███████████████░░░░░]  77.5% frames 6252000/8069056 ep 52/56  2004 frames/s  ETA 907s
[2026-08-04 11:39:40] [data] [███████████████░░░░░]  77.5% frames 6254000/8069056 ep 52/56  2004 frames/s  ETA 906s
[2026-08-04 11:39:41] [data] [███████████████░░░░░]  77.5% frames 6256000/8069056 ep 52/56  2004 frames/s  ETA 905s
[2026-08-04 11:39:42] [data] [███████████████░░░░░]  77.6% frames 6258000/8069056 ep 52/56  2004 frames/s  ETA 904s
[2026-08-04 11:39:43] [data] [███████████████░░░░░]  77.6% frames 6260000/8069056 ep 52/56  2004 frames/s  ETA 903s
[2026-08-04 11:39:44] [data] [███████████████░░░░░]  77.6% frames 6262000/8069056 ep 52/56  2004 frames/s  ETA 902s
[2026-08-04 11:39:45] [data] [███████████████░░░░░]  77.6% frames 6264000/8069056 ep 52/56  2004 frames/s  ETA 901s
[2026-08-04 11:39:46] [data] [███████████████░░░░░]  77.7% frames 6266000/8069056 ep 52/56  2004 frames/s  ETA 900s
[2026-08-04 11:39:47] [data] [███████████████░░░░░]  77.7% frames 6268000/8069056 ep 52/56  2004 frames/s  ETA 899s
[2026-08-04 11:39:48] [data] [███████████████░░░░░]  77.7% frames 6270000/8069056 ep 52/56  2004 frames/s  ETA 898s
[2026-08-04 11:39:48] [data] [███████████████░░░░░]  77.7% frames 6272000/8069056 ep 52/56  2004 frames/s  ETA 897s
[2026-08-04 11:39:49] [data] [███████████████░░░░░]  77.8% frames 6274000/8069056 ep 52/56  2004 frames/s  ETA 896s
[2026-08-04 11:39:50] [data] [███████████████░░░░░]  77.8% frames 6276000/8069056 ep 52/56  2004 frames/s  ETA 895s
[2026-08-04 11:39:51] [data] [███████████████░░░░░]  77.8% frames 6278000/8069056 ep 52/56  2004 frames/s  ETA 894s
[2026-08-04 11:39:52] [data] [███████████████░░░░░]  77.8% frames 6280000/8069056 ep 52/56  2004 frames/s  ETA 893s
[2026-08-04 11:39:53] [data] [███████████████░░░░░]  77.9% frames 6282000/8069056 ep 52/56  2004 frames/s  ETA 892s
[2026-08-04 11:39:54] [data] [███████████████░░░░░]  77.9% frames 6284000/8069056 ep 52/56  2004 frames/s  ETA 891s
[2026-08-04 11:39:55] [data] [███████████████░░░░░]  77.9% frames 6286000/8069056 ep 52/56  2004 frames/s  ETA 890s
[2026-08-04 11:39:56] [data] [███████████████░░░░░]  77.9% frames 6288000/8069056 ep 52/56  2004 frames/s  ETA 889s
[2026-08-04 11:39:57] [data] [███████████████░░░░░]  78.0% frames 6290000/8069056 ep 52/56  2004 frames/s  ETA 888s
[2026-08-04 11:39:58] [data] [███████████████░░░░░]  78.0% frames 6292000/8069056 ep 52/56  2004 frames/s  ETA 887s
[2026-08-04 11:39:59] [data] [███████████████░░░░░]  78.0% frames 6294000/8069056 ep 52/56  2004 frames/s  ETA 886s
[2026-08-04 11:40:00] [data] [███████████████░░░░░]  78.0% frames 6296000/8069056 ep 52/56  2004 frames/s  ETA 885s
[2026-08-04 11:40:01] [data] [███████████████░░░░░]  78.1% frames 6298000/8069056 ep 52/56  2004 frames/s  ETA 884s
[2026-08-04 11:40:02] [data] [███████████████░░░░░]  78.1% frames 6300000/8069056 ep 52/56  2004 frames/s  ETA 883s
[2026-08-04 11:40:03] [data] [███████████████░░░░░]  78.1% frames 6302000/8069056 ep 52/56  2004 frames/s  ETA 882s
[2026-08-04 11:40:04] [data] [███████████████░░░░░]  78.1% frames 6304000/8069056 ep 52/56  2004 frames/s  ETA 881s
[2026-08-04 11:40:05] [data] [███████████████░░░░░]  78.2% frames 6306000/8069056 ep 52/56  2004 frames/s  ETA 880s
[2026-08-04 11:40:06] [data] [███████████████░░░░░]  78.2% frames 6308000/8069056 ep 52/56  2004 frames/s  ETA 879s
[2026-08-04 11:40:07] [data] [███████████████░░░░░]  78.2% frames 6310000/8069056 ep 52/56  2004 frames/s  ETA 878s
[2026-08-04 11:40:08] [data] [███████████████░░░░░]  78.2% frames 6312000/8069056 ep 52/56  2004 frames/s  ETA 877s
[2026-08-04 11:40:09] [data] [███████████████░░░░░]  78.2% frames 6314000/8069056 ep 52/56  2004 frames/s  ETA 876s
[2026-08-04 11:40:10] [data] [███████████████░░░░░]  78.3% frames 6316000/8069056 ep 52/56  2004 frames/s  ETA 875s
[2026-08-04 11:40:11] [data] [███████████████░░░░░]  78.3% frames 6318000/8069056 ep 52/56  2004 frames/s  ETA 874s
[2026-08-04 11:40:12] [data] [███████████████░░░░░]  78.3% frames 6320000/8069056 ep 52/56  2004 frames/s  ETA 873s
[2026-08-04 11:40:13] [data] [███████████████░░░░░]  78.3% frames 6322000/8069056 ep 52/56  2004 frames/s  ETA 872s
[2026-08-04 11:40:14] [data] [███████████████░░░░░]  78.4% frames 6324000/8069056 ep 52/56  2004 frames/s  ETA 871s
[2026-08-04 11:40:15] [data] [███████████████░░░░░]  78.4% frames 6326000/8069056 ep 52/56  2004 frames/s  ETA 870s
[2026-08-04 11:40:16] [data] [███████████████░░░░░]  78.4% frames 6328000/8069056 ep 52/56  2004 frames/s  ETA 869s
[2026-08-04 11:40:17] [data] [███████████████░░░░░]  78.4% frames 6330000/8069056 ep 52/56  2004 frames/s  ETA 868s
[2026-08-04 11:40:18] [data] [███████████████░░░░░]  78.5% frames 6332000/8069056 ep 52/56  2004 frames/s  ETA 867s
[2026-08-04 11:40:19] [data] [███████████████░░░░░]  78.5% frames 6334000/8069056 ep 52/56  2004 frames/s  ETA 866s
[2026-08-04 11:40:20] [data] [███████████████░░░░░]  78.5% frames 6336000/8069056 ep 52/56  2004 frames/s  ETA 865s
[2026-08-04 11:40:21] [data] [███████████████░░░░░]  78.5% frames 6338000/8069056 ep 52/56  2004 frames/s  ETA 864s
[2026-08-04 11:40:22] [data] [███████████████░░░░░]  78.6% frames 6340000/8069056 ep 52/56  2004 frames/s  ETA 863s
[2026-08-04 11:40:23] [data] [███████████████░░░░░]  78.6% frames 6342000/8069056 ep 52/56  2004 frames/s  ETA 862s
[2026-08-04 11:40:24] [data] [███████████████░░░░░]  78.6% frames 6344000/8069056 ep 52/56  2004 frames/s  ETA 861s
[2026-08-04 11:40:25] [data] [███████████████░░░░░]  78.6% frames 6346000/8069056 ep 52/56  2004 frames/s  ETA 860s
[2026-08-04 11:40:26] [data] [███████████████░░░░░]  78.7% frames 6348000/8069056 ep 52/56  2004 frames/s  ETA 859s
[2026-08-04 11:40:27] [data] [███████████████░░░░░]  78.7% frames 6350000/8069056 ep 52/56  2004 frames/s  ETA 858s
[2026-08-04 11:40:28] [data] [███████████████░░░░░]  78.7% frames 6352000/8069056 ep 52/56  2004 frames/s  ETA 857s
[2026-08-04 11:40:29] [data] [███████████████░░░░░]  78.7% frames 6354000/8069056 ep 52/56  2004 frames/s  ETA 856s
[2026-08-04 11:40:30] [data] [███████████████░░░░░]  78.8% frames 6356000/8069056 ep 52/56  2004 frames/s  ETA 855s
[2026-08-04 11:40:31] [data] [███████████████░░░░░]  78.8% frames 6358000/8069056 ep 52/56  2004 frames/s  ETA 854s
[2026-08-04 11:40:32] [data] [███████████████░░░░░]  78.8% frames 6360000/8069056 ep 52/56  2004 frames/s  ETA 853s
[2026-08-04 11:40:33] [data] [███████████████░░░░░]  78.8% frames 6362000/8069056 ep 52/56  2004 frames/s  ETA 852s
[2026-08-04 11:40:34] [data] [███████████████░░░░░]  78.9% frames 6364000/8069056 ep 52/56  2004 frames/s  ETA 851s
[2026-08-04 11:40:35] [data] [███████████████░░░░░]  78.9% frames 6366000/8069056 ep 52/56  2004 frames/s  ETA 850s
[2026-08-04 11:40:36] [data] [███████████████░░░░░]  78.9% frames 6368000/8069056 ep 52/56  2004 frames/s  ETA 849s
[2026-08-04 11:40:37] [data] [███████████████░░░░░]  78.9% frames 6370000/8069056 ep 52/56  2004 frames/s  ETA 848s
[2026-08-04 11:40:38] [data] [███████████████░░░░░]  79.0% frames 6372000/8069056 ep 52/56  2004 frames/s  ETA 847s
[2026-08-04 11:40:39] [data] [███████████████░░░░░]  79.0% frames 6374000/8069056 ep 52/56  2004 frames/s  ETA 846s
[2026-08-04 11:40:40] [data] [███████████████░░░░░]  79.0% frames 6376000/8069056 ep 52/56  2004 frames/s  ETA 845s
[2026-08-04 11:40:41] [data] [███████████████░░░░░]  79.0% frames 6378000/8069056 ep 52/56  2004 frames/s  ETA 844s
[2026-08-04 11:40:42] [data] [███████████████░░░░░]  79.1% frames 6380000/8069056 ep 52/56  2004 frames/s  ETA 843s
[2026-08-04 11:40:43] [data] [███████████████░░░░░]  79.1% frames 6382000/8069056 ep 52/56  2004 frames/s  ETA 842s
[2026-08-04 11:40:44] [data] [███████████████░░░░░]  79.1% frames 6384000/8069056 ep 52/56  2004 frames/s  ETA 841s
[2026-08-04 11:40:45] [data] [███████████████░░░░░]  79.1% frames 6386000/8069056 ep 52/56  2004 frames/s  ETA 840s
[2026-08-04 11:40:46] [data] [███████████████░░░░░]  79.2% frames 6388000/8069056 ep 52/56  2004 frames/s  ETA 839s
[2026-08-04 11:40:47] [data] [███████████████░░░░░]  79.2% frames 6390000/8069056 ep 52/56  2004 frames/s  ETA 838s
[2026-08-04 11:40:48] [data] [███████████████░░░░░]  79.2% frames 6392000/8069056 ep 52/56  2004 frames/s  ETA 837s
[2026-08-04 11:40:49] [data] [███████████████░░░░░]  79.2% frames 6394000/8069056 ep 52/56  2004 frames/s  ETA 836s
[2026-08-04 11:40:50] [data] [███████████████░░░░░]  79.3% frames 6396000/8069056 ep 52/56  2004 frames/s  ETA 835s
[2026-08-04 11:40:51] [data] [███████████████░░░░░]  79.3% frames 6398000/8069056 ep 52/56  2004 frames/s  ETA 834s
[2026-08-04 11:40:52] [data] [███████████████░░░░░]  79.3% frames 6400000/8069056 ep 52/56  2004 frames/s  ETA 833s
[2026-08-04 11:40:53] [data] [███████████████░░░░░]  79.3% frames 6402000/8069056 ep 52/56  2004 frames/s  ETA 832s
[2026-08-04 11:40:54] [data] [███████████████░░░░░]  79.4% frames 6404000/8069056 ep 52/56  2004 frames/s  ETA 831s
[2026-08-04 11:40:55] [data] [███████████████░░░░░]  79.4% frames 6406000/8069056 ep 52/56  2004 frames/s  ETA 830s
[2026-08-04 11:40:56] [data] [███████████████░░░░░]  79.4% frames 6408000/8069056 ep 52/56  2004 frames/s  ETA 829s
[2026-08-04 11:40:57] [data] [███████████████░░░░░]  79.4% frames 6410000/8069056 ep 52/56  2004 frames/s  ETA 828s
[2026-08-04 11:40:58] [data] [███████████████░░░░░]  79.5% frames 6412000/8069056 ep 52/56  2004 frames/s  ETA 827s
[2026-08-04 11:40:59] [data] [███████████████░░░░░]  79.5% frames 6414000/8069056 ep 52/56  2004 frames/s  ETA 826s
[2026-08-04 11:41:00] [data] [███████████████░░░░░]  79.5% frames 6416000/8069056 ep 52/56  2004 frames/s  ETA 825s
[2026-08-04 11:41:01] [data] [███████████████░░░░░]  79.5% frames 6418000/8069056 ep 52/56  2005 frames/s  ETA 824s
[2026-08-04 11:41:01] [data] [███████████████░░░░░]  79.6% frames 6420000/8069056 ep 52/56  2005 frames/s  ETA 823s
[2026-08-04 11:41:02] [data] [███████████████░░░░░]  79.6% frames 6422000/8069056 ep 52/56  2005 frames/s  ETA 822s
[2026-08-04 11:41:03] [data] [███████████████░░░░░]  79.6% frames 6424000/8069056 ep 52/56  2005 frames/s  ETA 821s
[2026-08-04 11:41:04] [data] [███████████████░░░░░]  79.6% frames 6426000/8069056 ep 52/56  2005 frames/s  ETA 820s
[2026-08-04 11:41:05] [data] [███████████████░░░░░]  79.7% frames 6428000/8069056 ep 52/56  2005 frames/s  ETA 819s
[2026-08-04 11:41:06] [data] [███████████████░░░░░]  79.7% frames 6430000/8069056 ep 52/56  2005 frames/s  ETA 818s
[2026-08-04 11:41:07] [data] [███████████████░░░░░]  79.7% frames 6432000/8069056 ep 52/56  2005 frames/s  ETA 817s
[2026-08-04 11:41:08] [data] [███████████████░░░░░]  79.7% frames 6434000/8069056 ep 52/56  2005 frames/s  ETA 816s
[2026-08-04 11:41:09] [data] [███████████████░░░░░]  79.8% frames 6436000/8069056 ep 52/56  2005 frames/s  ETA 815s
[2026-08-04 11:41:10] [data] [███████████████░░░░░]  79.8% frames 6438000/8069056 ep 52/56  2005 frames/s  ETA 814s
[2026-08-04 11:41:11] [data] [███████████████░░░░░]  79.8% frames 6440000/8069056 ep 52/56  2005 frames/s  ETA 813s
[2026-08-04 11:41:12] [data] [███████████████░░░░░]  79.8% frames 6442000/8069056 ep 52/56  2005 frames/s  ETA 812s
[2026-08-04 11:41:13] [data] [███████████████░░░░░]  79.9% frames 6444000/8069056 ep 52/56  2005 frames/s  ETA 811s
[2026-08-04 11:41:14] [data] [███████████████░░░░░]  79.9% frames 6446000/8069056 ep 52/56  2005 frames/s  ETA 810s
[2026-08-04 11:41:15] [data] [███████████████░░░░░]  79.9% frames 6448000/8069056 ep 52/56  2005 frames/s  ETA 809s
[2026-08-04 11:41:16] [data] [███████████████░░░░░]  79.9% frames 6450000/8069056 ep 52/56  2005 frames/s  ETA 808s
[2026-08-04 11:41:17] [data] [███████████████░░░░░]  80.0% frames 6452000/8069056 ep 52/56  2005 frames/s  ETA 807s
[2026-08-04 11:41:18] [data] [███████████████░░░░░]  80.0% frames 6454000/8069056 ep 52/56  2005 frames/s  ETA 806s
[2026-08-04 11:41:19] [data] [████████████████░░░░]  80.0% frames 6456000/8069056 ep 52/56  2005 frames/s  ETA 805s
[2026-08-04 11:41:20] [data] [████████████████░░░░]  80.0% frames 6458000/8069056 ep 52/56  2005 frames/s  ETA 804s
[2026-08-04 11:41:21] [data] [████████████████░░░░]  80.1% frames 6460000/8069056 ep 52/56  2005 frames/s  ETA 803s
[2026-08-04 11:41:22] [data] [████████████████░░░░]  80.1% frames 6462000/8069056 ep 52/56  2005 frames/s  ETA 802s
[2026-08-04 11:41:23] [data] [████████████████░░░░]  80.1% frames 6464000/8069056 ep 52/56  2005 frames/s  ETA 801s
[2026-08-04 11:41:24] [data] [████████████████░░░░]  80.1% frames 6466000/8069056 ep 52/56  2005 frames/s  ETA 800s
[2026-08-04 11:41:25] [data] [████████████████░░░░]  80.2% frames 6468000/8069056 ep 52/56  2005 frames/s  ETA 799s
[2026-08-04 11:41:26] [data] [████████████████░░░░]  80.2% frames 6470000/8069056 ep 52/56  2005 frames/s  ETA 798s
[2026-08-04 11:41:28] [data] [████████████████░░░░]  80.2% frames 6472000/8069056 ep 52/56  2004 frames/s  ETA 797s
[2026-08-04 11:41:29] [data] [████████████████░░░░]  80.2% frames 6474000/8069056 ep 52/56  2004 frames/s  ETA 796s
[2026-08-04 11:41:30] [data] [████████████████░░░░]  80.3% frames 6476000/8069056 ep 52/56  2004 frames/s  ETA 795s
[2026-08-04 11:41:31] [data] [████████████████░░░░]  80.3% frames 6478000/8069056 ep 52/56  2004 frames/s  ETA 794s
[2026-08-04 11:41:32] [data] [████████████████░░░░]  80.3% frames 6480000/8069056 ep 52/56  2004 frames/s  ETA 793s
[2026-08-04 11:41:33] [data] [████████████████░░░░]  80.3% frames 6482000/8069056 ep 52/56  2004 frames/s  ETA 792s
[2026-08-04 11:41:34] [data] [████████████████░░░░]  80.4% frames 6484000/8069056 ep 52/56  2004 frames/s  ETA 791s
[2026-08-04 11:41:35] [data] [████████████████░░░░]  80.4% frames 6486000/8069056 ep 52/56  2004 frames/s  ETA 790s
[2026-08-04 11:41:36] [data] [████████████████░░░░]  80.4% frames 6488000/8069056 ep 52/56  2004 frames/s  ETA 789s
[2026-08-04 11:41:37] [data] [████████████████░░░░]  80.4% frames 6490000/8069056 ep 52/56  2004 frames/s  ETA 788s
[2026-08-04 11:41:38] [data] [████████████████░░░░]  80.5% frames 6492000/8069056 ep 52/56  2004 frames/s  ETA 787s
[2026-08-04 11:41:39] [data] [████████████████░░░░]  80.5% frames 6494000/8069056 ep 52/56  2004 frames/s  ETA 786s
[2026-08-04 11:41:40] [data] [████████████████░░░░]  80.5% frames 6496000/8069056 ep 52/56  2004 frames/s  ETA 785s
[2026-08-04 11:41:41] [data] [████████████████░░░░]  80.5% frames 6498000/8069056 ep 52/56  2004 frames/s  ETA 784s
[2026-08-04 11:41:42] [data] [████████████████░░░░]  80.6% frames 6500000/8069056 ep 52/56  2004 frames/s  ETA 783s
[2026-08-04 11:41:43] [data] [████████████████░░░░]  80.6% frames 6502000/8069056 ep 52/56  2004 frames/s  ETA 782s
[2026-08-04 11:41:45] [data] [████████████████░░░░]  80.6% frames 6504000/8069056 ep 52/56  2004 frames/s  ETA 781s
[2026-08-04 11:41:46] [data] [████████████████░░░░]  80.6% frames 6506000/8069056 ep 52/56  2004 frames/s  ETA 780s
[2026-08-04 11:41:46] [data] [████████████████░░░░]  80.7% frames 6508000/8069056 ep 52/56  2004 frames/s  ETA 779s
[2026-08-04 11:41:47] [data] [████████████████░░░░]  80.7% frames 6510000/8069056 ep 52/56  2004 frames/s  ETA 778s
[2026-08-04 11:41:48] [data] [████████████████░░░░]  80.7% frames 6512000/8069056 ep 52/56  2004 frames/s  ETA 777s
[2026-08-04 11:41:49] [data] [████████████████░░░░]  80.7% frames 6514000/8069056 ep 52/56  2004 frames/s  ETA 776s
[2026-08-04 11:41:50] [data] [████████████████░░░░]  80.8% frames 6516000/8069056 ep 52/56  2004 frames/s  ETA 775s
[2026-08-04 11:41:51] [data] [████████████████░░░░]  80.8% frames 6518000/8069056 ep 52/56  2004 frames/s  ETA 774s
[2026-08-04 11:41:52] [data] [████████████████░░░░]  80.8% frames 6520000/8069056 ep 52/56  2004 frames/s  ETA 773s
[2026-08-04 11:41:53] [data] [████████████████░░░░]  80.8% frames 6522000/8069056 ep 52/56  2004 frames/s  ETA 772s
[2026-08-04 11:41:54] [data] [████████████████░░░░]  80.9% frames 6524000/8069056 ep 52/56  2004 frames/s  ETA 771s
[2026-08-04 11:41:55] [data] [████████████████░░░░]  80.9% frames 6526000/8069056 ep 52/56  2004 frames/s  ETA 770s
[2026-08-04 11:41:56] [data] [████████████████░░░░]  80.9% frames 6528000/8069056 ep 52/56  2004 frames/s  ETA 769s
[2026-08-04 11:41:57] [data] [████████████████░░░░]  80.9% frames 6530000/8069056 ep 52/56  2004 frames/s  ETA 768s
[2026-08-04 11:41:58] [data] [████████████████░░░░]  81.0% frames 6532000/8069056 ep 52/56  2004 frames/s  ETA 767s
[2026-08-04 11:41:59] [data] [████████████████░░░░]  81.0% frames 6534000/8069056 ep 52/56  2004 frames/s  ETA 766s
[2026-08-04 11:42:00] [data] [████████████████░░░░]  81.0% frames 6536000/8069056 ep 52/56  2004 frames/s  ETA 765s
[2026-08-04 11:42:01] [data] [████████████████░░░░]  81.0% frames 6538000/8069056 ep 52/56  2004 frames/s  ETA 764s
[2026-08-04 11:42:02] [data] [████████████████░░░░]  81.1% frames 6540000/8069056 ep 52/56  2004 frames/s  ETA 763s
[2026-08-04 11:42:03] [data] [████████████████░░░░]  81.1% frames 6542000/8069056 ep 52/56  2004 frames/s  ETA 762s
[2026-08-04 11:42:04] [data] [████████████████░░░░]  81.1% frames 6544000/8069056 ep 52/56  2004 frames/s  ETA 761s
[2026-08-04 11:42:05] [data] [████████████████░░░░]  81.1% frames 6546000/8069056 ep 52/56  2004 frames/s  ETA 760s
[2026-08-04 11:42:06] [data] [████████████████░░░░]  81.1% frames 6548000/8069056 ep 52/56  2004 frames/s  ETA 759s
[2026-08-04 11:42:07] [data] [████████████████░░░░]  81.2% frames 6550000/8069056 ep 52/56  2004 frames/s  ETA 758s
[2026-08-04 11:42:08] [data] [████████████████░░░░]  81.2% frames 6552000/8069056 ep 52/56  2004 frames/s  ETA 757s
[2026-08-04 11:42:09] [data] [████████████████░░░░]  81.2% frames 6554000/8069056 ep 52/56  2004 frames/s  ETA 756s
[2026-08-04 11:42:10] [data] [████████████████░░░░]  81.2% frames 6556000/8069056 ep 52/56  2004 frames/s  ETA 755s
[2026-08-04 11:42:11] [data] [████████████████░░░░]  81.3% frames 6558000/8069056 ep 52/56  2004 frames/s  ETA 754s
[2026-08-04 11:42:12] [data] [████████████████░░░░]  81.3% frames 6560000/8069056 ep 52/56  2004 frames/s  ETA 753s
[2026-08-04 11:42:13] [data] [████████████████░░░░]  81.3% frames 6562000/8069056 ep 52/56  2004 frames/s  ETA 752s
[2026-08-04 11:42:14] [data] [████████████████░░░░]  81.3% frames 6564000/8069056 ep 52/56  2004 frames/s  ETA 751s
[2026-08-04 11:42:15] [data] [████████████████░░░░]  81.4% frames 6566000/8069056 ep 52/56  2004 frames/s  ETA 750s
[2026-08-04 11:42:16] [data] [████████████████░░░░]  81.4% frames 6568000/8069056 ep 52/56  2004 frames/s  ETA 749s
[2026-08-04 11:42:17] [data] [████████████████░░░░]  81.4% frames 6570000/8069056 ep 52/56  2004 frames/s  ETA 748s
[2026-08-04 11:42:18] [data] [████████████████░░░░]  81.4% frames 6572000/8069056 ep 52/56  2004 frames/s  ETA 747s
[2026-08-04 11:42:19] [data] [████████████████░░░░]  81.5% frames 6574000/8069056 ep 52/56  2004 frames/s  ETA 746s
[2026-08-04 11:42:20] [data] [████████████████░░░░]  81.5% frames 6576000/8069056 ep 52/56  2004 frames/s  ETA 745s
[2026-08-04 11:42:21] [data] [████████████████░░░░]  81.5% frames 6578000/8069056 ep 52/56  2004 frames/s  ETA 744s
[2026-08-04 11:42:22] [data] [████████████████░░░░]  81.5% frames 6580000/8069056 ep 52/56  2004 frames/s  ETA 743s
[2026-08-04 11:42:23] [data] [████████████████░░░░]  81.6% frames 6582000/8069056 ep 52/56  2004 frames/s  ETA 742s
[2026-08-04 11:42:24] [data] [████████████████░░░░]  81.6% frames 6584000/8069056 ep 52/56  2004 frames/s  ETA 741s
[2026-08-04 11:42:25] [data] [████████████████░░░░]  81.6% frames 6586000/8069056 ep 52/56  2004 frames/s  ETA 740s
[2026-08-04 11:42:26] [data] [████████████████░░░░]  81.6% frames 6588000/8069056 ep 52/56  2004 frames/s  ETA 739s
[2026-08-04 11:42:27] [data] [████████████████░░░░]  81.7% frames 6590000/8069056 ep 52/56  2004 frames/s  ETA 738s
[2026-08-04 11:42:28] [data] [████████████████░░░░]  81.7% frames 6592000/8069056 ep 52/56  2004 frames/s  ETA 737s
[2026-08-04 11:42:29] [data] [████████████████░░░░]  81.7% frames 6594000/8069056 ep 52/56  2004 frames/s  ETA 736s
[2026-08-04 11:42:30] [data] [████████████████░░░░]  81.7% frames 6596000/8069056 ep 52/56  2004 frames/s  ETA 735s
[2026-08-04 11:42:31] [data] [████████████████░░░░]  81.8% frames 6598000/8069056 ep 52/56  2004 frames/s  ETA 734s
[2026-08-04 11:42:32] [data] [████████████████░░░░]  81.8% frames 6600000/8069056 ep 52/56  2004 frames/s  ETA 733s
[2026-08-04 11:42:33] [data] [████████████████░░░░]  81.8% frames 6602000/8069056 ep 52/56  2004 frames/s  ETA 732s
[2026-08-04 11:42:34] [data] [████████████████░░░░]  81.8% frames 6604000/8069056 ep 52/56  2004 frames/s  ETA 731s
[2026-08-04 11:42:35] [data] [████████████████░░░░]  81.9% frames 6606000/8069056 ep 52/56  2004 frames/s  ETA 730s
[2026-08-04 11:42:36] [data] [████████████████░░░░]  81.9% frames 6608000/8069056 ep 52/56  2004 frames/s  ETA 729s
[2026-08-04 11:42:37] [data] [████████████████░░░░]  81.9% frames 6610000/8069056 ep 52/56  2004 frames/s  ETA 728s
[2026-08-04 11:42:38] [data] [████████████████░░░░]  81.9% frames 6612000/8069056 ep 52/56  2004 frames/s  ETA 727s
[2026-08-04 11:42:38] [data] [████████████████░░░░]  82.0% frames 6614000/8069056 ep 52/56  2004 frames/s  ETA 726s
[2026-08-04 11:42:39] [data] [████████████████░░░░]  82.0% frames 6616000/8069056 ep 52/56  2004 frames/s  ETA 725s
[2026-08-04 11:42:40] [data] [████████████████░░░░]  82.0% frames 6618000/8069056 ep 52/56  2004 frames/s  ETA 724s
[2026-08-04 11:42:41] [data] [████████████████░░░░]  82.0% frames 6620000/8069056 ep 52/56  2004 frames/s  ETA 723s
[2026-08-04 11:42:42] [data] [████████████████░░░░]  82.1% frames 6622000/8069056 ep 52/56  2004 frames/s  ETA 722s
[2026-08-04 11:42:43] [data] [████████████████░░░░]  82.1% frames 6624000/8069056 ep 52/56  2004 frames/s  ETA 721s
[2026-08-04 11:42:44] [data] [████████████████░░░░]  82.1% frames 6626000/8069056 ep 52/56  2004 frames/s  ETA 720s
[2026-08-04 11:42:45] [data] [████████████████░░░░]  82.1% frames 6628000/8069056 ep 52/56  2004 frames/s  ETA 719s
[2026-08-04 11:42:47] [data] [████████████████░░░░]  82.2% frames 6630000/8069056 ep 52/56  2004 frames/s  ETA 718s
[2026-08-04 11:42:48] [data] [████████████████░░░░]  82.2% frames 6632000/8069056 ep 52/56  2004 frames/s  ETA 717s
[2026-08-04 11:42:49] [data] [████████████████░░░░]  82.2% frames 6634000/8069056 ep 52/56  2004 frames/s  ETA 716s
[2026-08-04 11:42:50] [data] [████████████████░░░░]  82.2% frames 6636000/8069056 ep 52/56  2004 frames/s  ETA 715s
[2026-08-04 11:42:51] [data] [████████████████░░░░]  82.3% frames 6638000/8069056 ep 52/56  2004 frames/s  ETA 714s
[2026-08-04 11:42:52] [data] [████████████████░░░░]  82.3% frames 6640000/8069056 ep 52/56  2004 frames/s  ETA 713s
[2026-08-04 11:42:52] [data] [████████████████░░░░]  82.3% frames 6642000/8069056 ep 52/56  2004 frames/s  ETA 712s
[2026-08-04 11:42:53] [data] [████████████████░░░░]  82.3% frames 6644000/8069056 ep 52/56  2004 frames/s  ETA 711s
[2026-08-04 11:42:54] [data] [████████████████░░░░]  82.4% frames 6646000/8069056 ep 52/56  2004 frames/s  ETA 710s
[2026-08-04 11:42:55] [data] [████████████████░░░░]  82.4% frames 6648000/8069056 ep 52/56  2004 frames/s  ETA 709s
[2026-08-04 11:42:56] [data] [████████████████░░░░]  82.4% frames 6650000/8069056 ep 52/56  2004 frames/s  ETA 708s
[2026-08-04 11:42:57] [data] [████████████████░░░░]  82.4% frames 6652000/8069056 ep 52/56  2004 frames/s  ETA 707s
[2026-08-04 11:42:58] [data] [████████████████░░░░]  82.5% frames 6654000/8069056 ep 52/56  2005 frames/s  ETA 706s
[2026-08-04 11:42:59] [data] [████████████████░░░░]  82.5% frames 6656000/8069056 ep 52/56  2005 frames/s  ETA 705s
[2026-08-04 11:43:00] [data] [████████████████░░░░]  82.5% frames 6658000/8069056 ep 52/56  2004 frames/s  ETA 704s
[2026-08-04 11:43:01] [data] [████████████████░░░░]  82.5% frames 6660000/8069056 ep 52/56  2004 frames/s  ETA 703s
[2026-08-04 11:43:02] [data] [████████████████░░░░]  82.6% frames 6662000/8069056 ep 52/56  2004 frames/s  ETA 702s
[2026-08-04 11:43:03] [data] [████████████████░░░░]  82.6% frames 6664000/8069056 ep 52/56  2004 frames/s  ETA 701s
[2026-08-04 11:43:04] [data] [████████████████░░░░]  82.6% frames 6666000/8069056 ep 52/56  2005 frames/s  ETA 700s
[2026-08-04 11:43:05] [data] [████████████████░░░░]  82.6% frames 6668000/8069056 ep 52/56  2005 frames/s  ETA 699s
[2026-08-04 11:43:06] [data] [████████████████░░░░]  82.7% frames 6670000/8069056 ep 52/56  2005 frames/s  ETA 698s
[2026-08-04 11:43:07] [data] [████████████████░░░░]  82.7% frames 6672000/8069056 ep 52/56  2005 frames/s  ETA 697s
[2026-08-04 11:43:08] [data] [████████████████░░░░]  82.7% frames 6674000/8069056 ep 52/56  2005 frames/s  ETA 696s
[2026-08-04 11:43:09] [data] [████████████████░░░░]  82.7% frames 6676000/8069056 ep 52/56  2005 frames/s  ETA 695s
[2026-08-04 11:43:10] [data] [████████████████░░░░]  82.8% frames 6678000/8069056 ep 52/56  2005 frames/s  ETA 694s
[2026-08-04 11:43:11] [data] [████████████████░░░░]  82.8% frames 6680000/8069056 ep 52/56  2005 frames/s  ETA 693s
[2026-08-04 11:43:12] [data] [████████████████░░░░]  82.8% frames 6682000/8069056 ep 52/56  2005 frames/s  ETA 692s
[2026-08-04 11:43:13] [data] [████████████████░░░░]  82.8% frames 6684000/8069056 ep 52/56  2005 frames/s  ETA 691s
[2026-08-04 11:43:14] [data] [████████████████░░░░]  82.9% frames 6686000/8069056 ep 52/56  2005 frames/s  ETA 690s
[2026-08-04 11:43:15] [data] [████████████████░░░░]  82.9% frames 6688000/8069056 ep 52/56  2005 frames/s  ETA 689s
[2026-08-04 11:43:16] [data] [████████████████░░░░]  82.9% frames 6690000/8069056 ep 52/56  2005 frames/s  ETA 688s
[2026-08-04 11:43:17] [data] [████████████████░░░░]  82.9% frames 6692000/8069056 ep 52/56  2005 frames/s  ETA 687s
[2026-08-04 11:43:18] [data] [████████████████░░░░]  83.0% frames 6694000/8069056 ep 52/56  2005 frames/s  ETA 686s
[2026-08-04 11:43:19] [data] [████████████████░░░░]  83.0% frames 6696000/8069056 ep 52/56  2005 frames/s  ETA 685s
[2026-08-04 11:43:20] [data] [████████████████░░░░]  83.0% frames 6698000/8069056 ep 52/56  2005 frames/s  ETA 684s
[2026-08-04 11:43:21] [data] [████████████████░░░░]  83.0% frames 6700000/8069056 ep 52/56  2005 frames/s  ETA 683s
[2026-08-04 11:43:22] [data] [████████████████░░░░]  83.1% frames 6702000/8069056 ep 52/56  2005 frames/s  ETA 682s
[2026-08-04 11:43:23] [data] [████████████████░░░░]  83.1% frames 6704000/8069056 ep 52/56  2005 frames/s  ETA 681s
[2026-08-04 11:43:24] [data] [████████████████░░░░]  83.1% frames 6706000/8069056 ep 52/56  2005 frames/s  ETA 680s
[2026-08-04 11:43:25] [data] [████████████████░░░░]  83.1% frames 6708000/8069056 ep 52/56  2005 frames/s  ETA 679s
[2026-08-04 11:43:26] [data] [████████████████░░░░]  83.2% frames 6710000/8069056 ep 52/56  2005 frames/s  ETA 678s
[2026-08-04 11:43:27] [data] [████████████████░░░░]  83.2% frames 6712000/8069056 ep 52/56  2005 frames/s  ETA 677s
[2026-08-04 11:43:28] [data] [████████████████░░░░]  83.2% frames 6714000/8069056 ep 52/56  2005 frames/s  ETA 676s
[2026-08-04 11:43:29] [data] [████████████████░░░░]  83.2% frames 6716000/8069056 ep 52/56  2005 frames/s  ETA 675s
[2026-08-04 11:43:30] [data] [████████████████░░░░]  83.3% frames 6718000/8069056 ep 52/56  2005 frames/s  ETA 674s
[2026-08-04 11:43:31] [data] [████████████████░░░░]  83.3% frames 6720000/8069056 ep 52/56  2005 frames/s  ETA 673s
[2026-08-04 11:43:32] [data] [████████████████░░░░]  83.3% frames 6722000/8069056 ep 52/56  2005 frames/s  ETA 672s
[2026-08-04 11:43:33] [data] [████████████████░░░░]  83.3% frames 6724000/8069056 ep 52/56  2005 frames/s  ETA 671s
[2026-08-04 11:43:34] [data] [████████████████░░░░]  83.4% frames 6726000/8069056 ep 52/56  2005 frames/s  ETA 670s
[2026-08-04 11:43:35] [data] [████████████████░░░░]  83.4% frames 6728000/8069056 ep 52/56  2005 frames/s  ETA 669s
[2026-08-04 11:43:36] [data] [████████████████░░░░]  83.4% frames 6730000/8069056 ep 52/56  2005 frames/s  ETA 668s
[2026-08-04 11:43:37] [data] [████████████████░░░░]  83.4% frames 6732000/8069056 ep 52/56  2005 frames/s  ETA 667s
[2026-08-04 11:43:38] [data] [████████████████░░░░]  83.5% frames 6734000/8069056 ep 52/56  2005 frames/s  ETA 666s
[2026-08-04 11:43:39] [data] [████████████████░░░░]  83.5% frames 6736000/8069056 ep 52/56  2005 frames/s  ETA 665s
[2026-08-04 11:43:40] [data] [████████████████░░░░]  83.5% frames 6738000/8069056 ep 52/56  2005 frames/s  ETA 664s
[2026-08-04 11:43:41] [data] [████████████████░░░░]  83.5% frames 6740000/8069056 ep 52/56  2005 frames/s  ETA 663s
[2026-08-04 11:43:42] [data] [████████████████░░░░]  83.6% frames 6742000/8069056 ep 52/56  2005 frames/s  ETA 662s
[2026-08-04 11:43:43] [data] [████████████████░░░░]  83.6% frames 6744000/8069056 ep 52/56  2005 frames/s  ETA 661s
[2026-08-04 11:43:44] [data] [████████████████░░░░]  83.6% frames 6746000/8069056 ep 52/56  2005 frames/s  ETA 660s
[2026-08-04 11:43:45] [data] [████████████████░░░░]  83.6% frames 6748000/8069056 ep 52/56  2005 frames/s  ETA 659s
[2026-08-04 11:43:46] [data] [████████████████░░░░]  83.7% frames 6750000/8069056 ep 52/56  2005 frames/s  ETA 658s
[2026-08-04 11:43:47] [data] [████████████████░░░░]  83.7% frames 6752000/8069056 ep 52/56  2005 frames/s  ETA 657s
[2026-08-04 11:43:48] [data] [████████████████░░░░]  83.7% frames 6754000/8069056 ep 52/56  2005 frames/s  ETA 656s
[2026-08-04 11:43:49] [data] [████████████████░░░░]  83.7% frames 6756000/8069056 ep 52/56  2004 frames/s  ETA 655s
[2026-08-04 11:43:50] [data] [████████████████░░░░]  83.8% frames 6758000/8069056 ep 52/56  2004 frames/s  ETA 654s
[2026-08-04 11:43:51] [data] [████████████████░░░░]  83.8% frames 6760000/8069056 ep 52/56  2004 frames/s  ETA 653s
[2026-08-04 11:43:52] [data] [████████████████░░░░]  83.8% frames 6762000/8069056 ep 52/56  2004 frames/s  ETA 652s
[2026-08-04 11:43:54] [data] [████████████████░░░░]  83.8% frames 6764000/8069056 ep 52/56  2004 frames/s  ETA 651s
[2026-08-04 11:43:55] [data] [████████████████░░░░]  83.9% frames 6766000/8069056 ep 52/56  2004 frames/s  ETA 650s
[2026-08-04 11:43:56] [data] [████████████████░░░░]  83.9% frames 6768000/8069056 ep 52/56  2004 frames/s  ETA 649s
[2026-08-04 11:43:57] [data] [████████████████░░░░]  83.9% frames 6770000/8069056 ep 52/56  2004 frames/s  ETA 648s
[2026-08-04 11:43:58] [data] [████████████████░░░░]  83.9% frames 6772000/8069056 ep 52/56  2004 frames/s  ETA 647s
[2026-08-04 11:43:59] [data] [████████████████░░░░]  84.0% frames 6774000/8069056 ep 52/56  2004 frames/s  ETA 646s
[2026-08-04 11:44:00] [data] [████████████████░░░░]  84.0% frames 6776000/8069056 ep 52/56  2004 frames/s  ETA 645s
[2026-08-04 11:44:00] [data] [████████████████░░░░]  84.0% frames 6778000/8069056 ep 52/56  2004 frames/s  ETA 644s
[2026-08-04 11:44:01] [data] [████████████████░░░░]  84.0% frames 6780000/8069056 ep 52/56  2004 frames/s  ETA 643s
[2026-08-04 11:44:02] [data] [████████████████░░░░]  84.0% frames 6782000/8069056 ep 52/56  2004 frames/s  ETA 642s
[2026-08-04 11:44:03] [data] [████████████████░░░░]  84.1% frames 6784000/8069056 ep 52/56  2004 frames/s  ETA 641s
[2026-08-04 11:44:04] [data] [████████████████░░░░]  84.1% frames 6786000/8069056 ep 52/56  2004 frames/s  ETA 640s
[2026-08-04 11:44:05] [data] [████████████████░░░░]  84.1% frames 6788000/8069056 ep 52/56  2004 frames/s  ETA 639s
[2026-08-04 11:44:06] [data] [████████████████░░░░]  84.1% frames 6790000/8069056 ep 52/56  2004 frames/s  ETA 638s
[2026-08-04 11:44:07] [data] [████████████████░░░░]  84.2% frames 6792000/8069056 ep 52/56  2004 frames/s  ETA 637s
[2026-08-04 11:44:08] [data] [████████████████░░░░]  84.2% frames 6794000/8069056 ep 52/56  2004 frames/s  ETA 636s
[2026-08-04 11:44:09] [data] [████████████████░░░░]  84.2% frames 6796000/8069056 ep 52/56  2004 frames/s  ETA 635s
[2026-08-04 11:44:10] [data] [████████████████░░░░]  84.2% frames 6798000/8069056 ep 52/56  2004 frames/s  ETA 634s
[2026-08-04 11:44:11] [data] [████████████████░░░░]  84.3% frames 6800000/8069056 ep 52/56  2004 frames/s  ETA 633s
[2026-08-04 11:44:12] [data] [████████████████░░░░]  84.3% frames 6802000/8069056 ep 52/56  2005 frames/s  ETA 632s
[2026-08-04 11:44:13] [data] [████████████████░░░░]  84.3% frames 6804000/8069056 ep 52/56  2005 frames/s  ETA 631s
[2026-08-04 11:44:14] [data] [████████████████░░░░]  84.3% frames 6806000/8069056 ep 52/56  2005 frames/s  ETA 630s
[2026-08-04 11:44:15] [data] [████████████████░░░░]  84.4% frames 6808000/8069056 ep 52/56  2004 frames/s  ETA 629s
[2026-08-04 11:44:16] [data] [████████████████░░░░]  84.4% frames 6810000/8069056 ep 52/56  2004 frames/s  ETA 628s
[2026-08-04 11:44:17] [data] [████████████████░░░░]  84.4% frames 6812000/8069056 ep 52/56  2004 frames/s  ETA 627s
[2026-08-04 11:44:18] [data] [████████████████░░░░]  84.4% frames 6814000/8069056 ep 52/56  2004 frames/s  ETA 626s
[2026-08-04 11:44:19] [data] [████████████████░░░░]  84.5% frames 6816000/8069056 ep 52/56  2004 frames/s  ETA 625s
[2026-08-04 11:44:20] [data] [████████████████░░░░]  84.5% frames 6818000/8069056 ep 52/56  2004 frames/s  ETA 624s
[2026-08-04 11:44:21] [data] [████████████████░░░░]  84.5% frames 6820000/8069056 ep 52/56  2004 frames/s  ETA 623s
[2026-08-04 11:44:22] [data] [████████████████░░░░]  84.5% frames 6822000/8069056 ep 52/56  2005 frames/s  ETA 622s
[2026-08-04 11:44:23] [data] [████████████████░░░░]  84.6% frames 6824000/8069056 ep 52/56  2005 frames/s  ETA 621s
[2026-08-04 11:44:24] [data] [████████████████░░░░]  84.6% frames 6826000/8069056 ep 52/56  2005 frames/s  ETA 620s
[2026-08-04 11:44:25] [data] [████████████████░░░░]  84.6% frames 6828000/8069056 ep 52/56  2005 frames/s  ETA 619s
[2026-08-04 11:44:26] [data] [████████████████░░░░]  84.6% frames 6830000/8069056 ep 52/56  2005 frames/s  ETA 618s
[2026-08-04 11:44:27] [data] [████████████████░░░░]  84.7% frames 6832000/8069056 ep 52/56  2005 frames/s  ETA 617s
[2026-08-04 11:44:28] [data] [████████████████░░░░]  84.7% frames 6834000/8069056 ep 52/56  2005 frames/s  ETA 616s
[2026-08-04 11:44:29] [data] [████████████████░░░░]  84.7% frames 6836000/8069056 ep 52/56  2005 frames/s  ETA 615s
[2026-08-04 11:44:30] [data] [████████████████░░░░]  84.7% frames 6838000/8069056 ep 52/56  2005 frames/s  ETA 614s
[2026-08-04 11:44:31] [data] [████████████████░░░░]  84.8% frames 6840000/8069056 ep 52/56  2005 frames/s  ETA 613s
[2026-08-04 11:44:32] [data] [████████████████░░░░]  84.8% frames 6842000/8069056 ep 52/56  2005 frames/s  ETA 612s
[2026-08-04 11:44:33] [data] [████████████████░░░░]  84.8% frames 6844000/8069056 ep 52/56  2005 frames/s  ETA 611s
[2026-08-04 11:44:34] [data] [████████████████░░░░]  84.8% frames 6846000/8069056 ep 52/56  2004 frames/s  ETA 610s
[2026-08-04 11:44:35] [data] [████████████████░░░░]  84.9% frames 6848000/8069056 ep 52/56  2004 frames/s  ETA 609s
[2026-08-04 11:44:36] [data] [████████████████░░░░]  84.9% frames 6850000/8069056 ep 52/56  2004 frames/s  ETA 608s
[2026-08-04 11:44:37] [data] [████████████████░░░░]  84.9% frames 6852000/8069056 ep 52/56  2004 frames/s  ETA 607s
[2026-08-04 11:44:38] [data] [████████████████░░░░]  84.9% frames 6854000/8069056 ep 52/56  2004 frames/s  ETA 606s
[2026-08-04 11:44:39] [data] [████████████████░░░░]  85.0% frames 6856000/8069056 ep 52/56  2004 frames/s  ETA 605s
[2026-08-04 11:44:40] [data] [████████████████░░░░]  85.0% frames 6858000/8069056 ep 52/56  2005 frames/s  ETA 604s
[2026-08-04 11:44:41] [data] [█████████████████░░░]  85.0% frames 6860000/8069056 ep 52/56  2005 frames/s  ETA 603s
[2026-08-04 11:44:42] [data] [█████████████████░░░]  85.0% frames 6862000/8069056 ep 52/56  2005 frames/s  ETA 602s
[2026-08-04 11:44:43] [data] [█████████████████░░░]  85.1% frames 6864000/8069056 ep 52/56  2005 frames/s  ETA 601s
[2026-08-04 11:44:44] [data] [█████████████████░░░]  85.1% frames 6866000/8069056 ep 52/56  2005 frames/s  ETA 600s
[2026-08-04 11:44:45] [data] [█████████████████░░░]  85.1% frames 6868000/8069056 ep 52/56  2005 frames/s  ETA 599s
[2026-08-04 11:44:46] [data] [█████████████████░░░]  85.1% frames 6870000/8069056 ep 52/56  2004 frames/s  ETA 598s
[2026-08-04 11:44:47] [data] [█████████████████░░░]  85.2% frames 6872000/8069056 ep 52/56  2004 frames/s  ETA 597s
[2026-08-04 11:44:48] [data] [█████████████████░░░]  85.2% frames 6874000/8069056 ep 52/56  2004 frames/s  ETA 596s
[2026-08-04 11:44:49] [data] [█████████████████░░░]  85.2% frames 6876000/8069056 ep 52/56  2004 frames/s  ETA 595s
[2026-08-04 11:44:50] [data] [█████████████████░░░]  85.2% frames 6878000/8069056 ep 52/56  2004 frames/s  ETA 594s
[2026-08-04 11:44:51] [data] [█████████████████░░░]  85.3% frames 6880000/8069056 ep 52/56  2004 frames/s  ETA 593s
[2026-08-04 11:44:52] [data] [█████████████████░░░]  85.3% frames 6882000/8069056 ep 52/56  2004 frames/s  ETA 592s
[2026-08-04 11:44:53] [data] [█████████████████░░░]  85.3% frames 6884000/8069056 ep 52/56  2004 frames/s  ETA 591s
[2026-08-04 11:44:54] [data] [█████████████████░░░]  85.3% frames 6886000/8069056 ep 52/56  2004 frames/s  ETA 590s
[2026-08-04 11:44:55] [data] [█████████████████░░░]  85.4% frames 6888000/8069056 ep 52/56  2004 frames/s  ETA 589s
[2026-08-04 11:44:56] [data] [█████████████████░░░]  85.4% frames 6890000/8069056 ep 52/56  2004 frames/s  ETA 588s
[2026-08-04 11:44:57] [data] [█████████████████░░░]  85.4% frames 6892000/8069056 ep 52/56  2005 frames/s  ETA 587s
[2026-08-04 11:44:58] [data] [█████████████████░░░]  85.4% frames 6894000/8069056 ep 52/56  2004 frames/s  ETA 586s
[2026-08-04 11:44:59] [data] [█████████████████░░░]  85.5% frames 6896000/8069056 ep 52/56  2004 frames/s  ETA 585s
[2026-08-04 11:45:00] [data] [█████████████████░░░]  85.5% frames 6898000/8069056 ep 52/56  2004 frames/s  ETA 584s
[2026-08-04 11:45:01] [data] [█████████████████░░░]  85.5% frames 6900000/8069056 ep 52/56  2004 frames/s  ETA 583s
[2026-08-04 11:45:02] [data] [█████████████████░░░]  85.5% frames 6902000/8069056 ep 52/56  2004 frames/s  ETA 582s
[2026-08-04 11:45:03] [data] [█████████████████░░░]  85.6% frames 6904000/8069056 ep 52/56  2004 frames/s  ETA 581s
[2026-08-04 11:45:04] [data] [█████████████████░░░]  85.6% frames 6906000/8069056 ep 52/56  2004 frames/s  ETA 580s
[2026-08-04 11:45:05] [data] [█████████████████░░░]  85.6% frames 6908000/8069056 ep 52/56  2005 frames/s  ETA 579s
[2026-08-04 11:45:06] [data] [█████████████████░░░]  85.6% frames 6910000/8069056 ep 52/56  2004 frames/s  ETA 578s
[2026-08-04 11:45:07] [data] [█████████████████░░░]  85.7% frames 6912000/8069056 ep 52/56  2004 frames/s  ETA 577s
[2026-08-04 11:45:08] [data] [█████████████████░░░]  85.7% frames 6914000/8069056 ep 52/56  2004 frames/s  ETA 576s
[2026-08-04 11:45:09] [data] [█████████████████░░░]  85.7% frames 6916000/8069056 ep 52/56  2004 frames/s  ETA 575s
[2026-08-04 11:45:10] [data] [█████████████████░░░]  85.7% frames 6918000/8069056 ep 52/56  2004 frames/s  ETA 574s
[2026-08-04 11:45:11] [data] [█████████████████░░░]  85.8% frames 6920000/8069056 ep 52/56  2004 frames/s  ETA 573s
[2026-08-04 11:45:12] [data] [█████████████████░░░]  85.8% frames 6922000/8069056 ep 52/56  2004 frames/s  ETA 572s
[2026-08-04 11:45:13] [data] [█████████████████░░░]  85.8% frames 6924000/8069056 ep 52/56  2004 frames/s  ETA 571s
[2026-08-04 11:45:14] [data] [█████████████████░░░]  85.8% frames 6926000/8069056 ep 52/56  2004 frames/s  ETA 570s
[2026-08-04 11:45:15] [data] [█████████████████░░░]  85.9% frames 6928000/8069056 ep 52/56  2004 frames/s  ETA 569s
[2026-08-04 11:45:16] [data] [█████████████████░░░]  85.9% frames 6930000/8069056 ep 52/56  2004 frames/s  ETA 568s
[2026-08-04 11:45:17] [data] [█████████████████░░░]  85.9% frames 6932000/8069056 ep 52/56  2004 frames/s  ETA 567s
[2026-08-04 11:45:18] [data] [█████████████████░░░]  85.9% frames 6934000/8069056 ep 52/56  2005 frames/s  ETA 566s
[2026-08-04 11:45:19] [data] [█████████████████░░░]  86.0% frames 6936000/8069056 ep 52/56  2005 frames/s  ETA 565s
[2026-08-04 11:45:20] [data] [█████████████████░░░]  86.0% frames 6938000/8069056 ep 52/56  2005 frames/s  ETA 564s
[2026-08-04 11:45:21] [data] [█████████████████░░░]  86.0% frames 6940000/8069056 ep 52/56  2005 frames/s  ETA 563s
[2026-08-04 11:45:22] [data] [█████████████████░░░]  86.0% frames 6942000/8069056 ep 52/56  2004 frames/s  ETA 562s
[2026-08-04 11:45:23] [data] [█████████████████░░░]  86.1% frames 6944000/8069056 ep 52/56  2004 frames/s  ETA 561s
[2026-08-04 11:45:24] [data] [█████████████████░░░]  86.1% frames 6946000/8069056 ep 52/56  2004 frames/s  ETA 560s
[2026-08-04 11:45:25] [data] [█████████████████░░░]  86.1% frames 6948000/8069056 ep 52/56  2004 frames/s  ETA 559s
[2026-08-04 11:45:26] [data] [█████████████████░░░]  86.1% frames 6950000/8069056 ep 52/56  2004 frames/s  ETA 558s
[2026-08-04 11:45:27] [data] [█████████████████░░░]  86.2% frames 6952000/8069056 ep 52/56  2004 frames/s  ETA 557s
[2026-08-04 11:45:28] [data] [█████████████████░░░]  86.2% frames 6954000/8069056 ep 52/56  2004 frames/s  ETA 556s
[2026-08-04 11:45:29] [data] [█████████████████░░░]  86.2% frames 6956000/8069056 ep 52/56  2004 frames/s  ETA 555s
[2026-08-04 11:45:30] [data] [█████████████████░░░]  86.2% frames 6958000/8069056 ep 52/56  2004 frames/s  ETA 554s
[2026-08-04 11:45:31] [data] [█████████████████░░░]  86.3% frames 6960000/8069056 ep 52/56  2004 frames/s  ETA 553s
[2026-08-04 11:45:32] [data] [█████████████████░░░]  86.3% frames 6962000/8069056 ep 52/56  2004 frames/s  ETA 552s
[2026-08-04 11:45:33] [data] [█████████████████░░░]  86.3% frames 6964000/8069056 ep 52/56  2004 frames/s  ETA 551s
[2026-08-04 11:45:35] [data] [█████████████████░░░]  86.3% frames 6966000/8069056 ep 52/56  2004 frames/s  ETA 550s
[2026-08-04 11:45:36] [data] [█████████████████░░░]  86.4% frames 6968000/8069056 ep 52/56  2004 frames/s  ETA 549s
[2026-08-04 11:45:37] [data] [█████████████████░░░]  86.4% frames 6970000/8069056 ep 52/56  2004 frames/s  ETA 548s
[2026-08-04 11:45:38] [data] [█████████████████░░░]  86.4% frames 6972000/8069056 ep 52/56  2004 frames/s  ETA 547s
[2026-08-04 11:45:39] [data] [█████████████████░░░]  86.4% frames 6974000/8069056 ep 52/56  2004 frames/s  ETA 546s
[2026-08-04 11:45:40] [data] [█████████████████░░░]  86.5% frames 6976000/8069056 ep 52/56  2004 frames/s  ETA 546s
[2026-08-04 11:45:41] [data] [█████████████████░░░]  86.5% frames 6978000/8069056 ep 52/56  2004 frames/s  ETA 545s
[2026-08-04 11:45:42] [data] [█████████████████░░░]  86.5% frames 6980000/8069056 ep 52/56  2004 frames/s  ETA 544s
[2026-08-04 11:45:43] [data] [█████████████████░░░]  86.5% frames 6982000/8069056 ep 52/56  2004 frames/s  ETA 543s
[2026-08-04 11:45:44] [data] [█████████████████░░░]  86.6% frames 6984000/8069056 ep 52/56  2004 frames/s  ETA 542s
[2026-08-04 11:45:45] [data] [█████████████████░░░]  86.6% frames 6986000/8069056 ep 52/56  2004 frames/s  ETA 541s
[2026-08-04 11:45:46] [data] [█████████████████░░░]  86.6% frames 6988000/8069056 ep 52/56  2004 frames/s  ETA 540s
[2026-08-04 11:45:47] [data] [█████████████████░░░]  86.6% frames 6990000/8069056 ep 52/56  2004 frames/s  ETA 539s
[2026-08-04 11:45:48] [data] [█████████████████░░░]  86.7% frames 6992000/8069056 ep 52/56  2004 frames/s  ETA 538s
[2026-08-04 11:45:49] [data] [█████████████████░░░]  86.7% frames 6994000/8069056 ep 52/56  2004 frames/s  ETA 537s
[2026-08-04 11:45:50] [data] [█████████████████░░░]  86.7% frames 6996000/8069056 ep 52/56  2004 frames/s  ETA 536s
[2026-08-04 11:45:51] [data] [█████████████████░░░]  86.7% frames 6998000/8069056 ep 52/56  2004 frames/s  ETA 535s
[2026-08-04 11:45:52] [data] [█████████████████░░░]  86.8% frames 7000000/8069056 ep 52/56  2004 frames/s  ETA 534s
[2026-08-04 11:45:53] [data] [█████████████████░░░]  86.8% frames 7002000/8069056 ep 52/56  2004 frames/s  ETA 533s
[2026-08-04 11:45:54] [data] [█████████████████░░░]  86.8% frames 7004000/8069056 ep 52/56  2004 frames/s  ETA 532s
[2026-08-04 11:45:55] [data] [█████████████████░░░]  86.8% frames 7006000/8069056 ep 52/56  2004 frames/s  ETA 531s
[2026-08-04 11:45:56] [data] [█████████████████░░░]  86.9% frames 7008000/8069056 ep 52/56  2004 frames/s  ETA 530s
[2026-08-04 11:45:57] [data] [█████████████████░░░]  86.9% frames 7010000/8069056 ep 52/56  2004 frames/s  ETA 529s
[2026-08-04 11:45:59] [data] [█████████████████░░░]  86.9% frames 7012000/8069056 ep 52/56  2004 frames/s  ETA 528s
[2026-08-04 11:45:59] [data] [█████████████████░░░]  86.9% frames 7014000/8069056 ep 52/56  2004 frames/s  ETA 527s
[2026-08-04 11:46:00] [data] [█████████████████░░░]  86.9% frames 7016000/8069056 ep 52/56  2004 frames/s  ETA 526s
[2026-08-04 11:46:02] [data] [█████████████████░░░]  87.0% frames 7018000/8069056 ep 52/56  2004 frames/s  ETA 525s
[2026-08-04 11:46:03] [data] [█████████████████░░░]  87.0% frames 7020000/8069056 ep 52/56  2003 frames/s  ETA 524s
[2026-08-04 11:46:04] [data] [█████████████████░░░]  87.0% frames 7022000/8069056 ep 52/56  2003 frames/s  ETA 523s
[2026-08-04 11:46:05] [data] [█████████████████░░░]  87.0% frames 7024000/8069056 ep 52/56  2003 frames/s  ETA 522s
[2026-08-04 11:46:06] [data] [█████████████████░░░]  87.1% frames 7026000/8069056 ep 52/56  2003 frames/s  ETA 521s
[2026-08-04 11:46:07] [data] [█████████████████░░░]  87.1% frames 7028000/8069056 ep 52/56  2003 frames/s  ETA 520s
[2026-08-04 11:46:08] [data] [█████████████████░░░]  87.1% frames 7030000/8069056 ep 52/56  2003 frames/s  ETA 519s
[2026-08-04 11:46:09] [data] [█████████████████░░░]  87.1% frames 7032000/8069056 ep 52/56  2003 frames/s  ETA 518s
[2026-08-04 11:46:11] [data] [█████████████████░░░]  87.2% frames 7034000/8069056 ep 52/56  2003 frames/s  ETA 517s
[2026-08-04 11:46:12] [data] [█████████████████░░░]  87.2% frames 7036000/8069056 ep 52/56  2003 frames/s  ETA 516s
[2026-08-04 11:46:13] [data] [█████████████████░░░]  87.2% frames 7038000/8069056 ep 52/56  2003 frames/s  ETA 515s
[2026-08-04 11:46:14] [data] [█████████████████░░░]  87.2% frames 7040000/8069056 ep 52/56  2003 frames/s  ETA 514s
[2026-08-04 11:46:15] [data] [█████████████████░░░]  87.3% frames 7042000/8069056 ep 52/56  2003 frames/s  ETA 513s
[2026-08-04 11:46:16] [data] [█████████████████░░░]  87.3% frames 7044000/8069056 ep 52/56  2003 frames/s  ETA 512s
[2026-08-04 11:46:17] [data] [█████████████████░░░]  87.3% frames 7046000/8069056 ep 52/56  2003 frames/s  ETA 511s
[2026-08-04 11:46:18] [data] [█████████████████░░░]  87.3% frames 7048000/8069056 ep 52/56  2003 frames/s  ETA 510s
[2026-08-04 11:46:19] [data] [█████████████████░░░]  87.4% frames 7050000/8069056 ep 52/56  2003 frames/s  ETA 509s
[2026-08-04 11:46:20] [data] [█████████████████░░░]  87.4% frames 7052000/8069056 ep 52/56  2003 frames/s  ETA 508s
[2026-08-04 11:46:21] [data] [█████████████████░░░]  87.4% frames 7054000/8069056 ep 52/56  2003 frames/s  ETA 507s
[2026-08-04 11:46:22] [data] [█████████████████░░░]  87.4% frames 7056000/8069056 ep 52/56  2003 frames/s  ETA 506s
[2026-08-04 11:46:23] [data] [█████████████████░░░]  87.5% frames 7058000/8069056 ep 52/56  2003 frames/s  ETA 505s
[2026-08-04 11:46:24] [data] [█████████████████░░░]  87.5% frames 7060000/8069056 ep 52/56  2003 frames/s  ETA 504s
[2026-08-04 11:46:25] [data] [█████████████████░░░]  87.5% frames 7062000/8069056 ep 52/56  2003 frames/s  ETA 503s
[2026-08-04 11:46:26] [data] [█████████████████░░░]  87.5% frames 7064000/8069056 ep 52/56  2003 frames/s  ETA 502s
[2026-08-04 11:46:27] [data] [█████████████████░░░]  87.6% frames 7066000/8069056 ep 52/56  2003 frames/s  ETA 501s
[2026-08-04 11:46:28] [data] [█████████████████░░░]  87.6% frames 7068000/8069056 ep 52/56  2003 frames/s  ETA 500s
[2026-08-04 11:46:29] [data] [█████████████████░░░]  87.6% frames 7070000/8069056 ep 52/56  2003 frames/s  ETA 499s
[2026-08-04 11:46:30] [data] [█████████████████░░░]  87.6% frames 7072000/8069056 ep 52/56  2003 frames/s  ETA 498s
[2026-08-04 11:46:31] [data] [█████████████████░░░]  87.7% frames 7074000/8069056 ep 52/56  2003 frames/s  ETA 497s
[2026-08-04 11:46:32] [data] [█████████████████░░░]  87.7% frames 7076000/8069056 ep 52/56  2003 frames/s  ETA 496s
[2026-08-04 11:46:33] [data] [█████████████████░░░]  87.7% frames 7078000/8069056 ep 52/56  2003 frames/s  ETA 495s
[2026-08-04 11:46:34] [data] [█████████████████░░░]  87.7% frames 7080000/8069056 ep 52/56  2003 frames/s  ETA 494s
[2026-08-04 11:46:35] [data] [█████████████████░░░]  87.8% frames 7082000/8069056 ep 52/56  2003 frames/s  ETA 493s
[2026-08-04 11:46:36] [data] [█████████████████░░░]  87.8% frames 7084000/8069056 ep 52/56  2003 frames/s  ETA 492s
[2026-08-04 11:46:37] [data] [█████████████████░░░]  87.8% frames 7086000/8069056 ep 52/56  2003 frames/s  ETA 491s
[2026-08-04 11:46:38] [data] [█████████████████░░░]  87.8% frames 7088000/8069056 ep 52/56  2003 frames/s  ETA 490s
[2026-08-04 11:46:39] [data] [█████████████████░░░]  87.9% frames 7090000/8069056 ep 52/56  2003 frames/s  ETA 489s
[2026-08-04 11:46:40] [data] [█████████████████░░░]  87.9% frames 7092000/8069056 ep 52/56  2003 frames/s  ETA 488s
[2026-08-04 11:46:41] [data] [█████████████████░░░]  87.9% frames 7094000/8069056 ep 52/56  2003 frames/s  ETA 487s
[2026-08-04 11:46:42] [data] [█████████████████░░░]  87.9% frames 7096000/8069056 ep 52/56  2003 frames/s  ETA 486s
[2026-08-04 11:46:43] [data] [█████████████████░░░]  88.0% frames 7098000/8069056 ep 52/56  2003 frames/s  ETA 485s
[2026-08-04 11:46:44] [data] [█████████████████░░░]  88.0% frames 7100000/8069056 ep 52/56  2003 frames/s  ETA 484s
[2026-08-04 11:46:45] [data] [█████████████████░░░]  88.0% frames 7102000/8069056 ep 52/56  2003 frames/s  ETA 483s
[2026-08-04 11:46:46] [data] [█████████████████░░░]  88.0% frames 7104000/8069056 ep 52/56  2003 frames/s  ETA 482s
[2026-08-04 11:46:47] [data] [█████████████████░░░]  88.1% frames 7106000/8069056 ep 52/56  2003 frames/s  ETA 481s
[2026-08-04 11:46:48] [data] [█████████████████░░░]  88.1% frames 7108000/8069056 ep 52/56  2002 frames/s  ETA 480s
[2026-08-04 11:46:49] [data] [█████████████████░░░]  88.1% frames 7110000/8069056 ep 52/56  2002 frames/s  ETA 479s
[2026-08-04 11:46:50] [data] [█████████████████░░░]  88.1% frames 7112000/8069056 ep 52/56  2002 frames/s  ETA 478s
[2026-08-04 11:46:51] [data] [█████████████████░░░]  88.2% frames 7114000/8069056 ep 52/56  2002 frames/s  ETA 477s
[2026-08-04 11:46:52] [data] [█████████████████░░░]  88.2% frames 7116000/8069056 ep 52/56  2002 frames/s  ETA 476s
[2026-08-04 11:46:53] [data] [█████████████████░░░]  88.2% frames 7118000/8069056 ep 52/56  2002 frames/s  ETA 475s
[2026-08-04 11:46:54] [data] [█████████████████░░░]  88.2% frames 7120000/8069056 ep 52/56  2002 frames/s  ETA 474s
[2026-08-04 11:46:55] [data] [█████████████████░░░]  88.3% frames 7122000/8069056 ep 52/56  2002 frames/s  ETA 473s
[2026-08-04 11:46:56] [data] [█████████████████░░░]  88.3% frames 7124000/8069056 ep 52/56  2002 frames/s  ETA 472s
[2026-08-04 11:46:57] [data] [█████████████████░░░]  88.3% frames 7126000/8069056 ep 52/56  2002 frames/s  ETA 471s
[2026-08-04 11:46:58] [data] [█████████████████░░░]  88.3% frames 7128000/8069056 ep 52/56  2002 frames/s  ETA 470s
[2026-08-04 11:47:00] [data] [█████████████████░░░]  88.4% frames 7130000/8069056 ep 52/56  2002 frames/s  ETA 469s
[2026-08-04 11:47:01] [data] [█████████████████░░░]  88.4% frames 7132000/8069056 ep 52/56  2002 frames/s  ETA 468s
[2026-08-04 11:47:02] [data] [█████████████████░░░]  88.4% frames 7134000/8069056 ep 52/56  2002 frames/s  ETA 467s
[2026-08-04 11:47:03] [data] [█████████████████░░░]  88.4% frames 7136000/8069056 ep 52/56  2002 frames/s  ETA 466s
[2026-08-04 11:47:04] [data] [█████████████████░░░]  88.5% frames 7138000/8069056 ep 52/56  2002 frames/s  ETA 465s
[2026-08-04 11:47:05] [data] [█████████████████░░░]  88.5% frames 7140000/8069056 ep 52/56  2002 frames/s  ETA 464s
[2026-08-04 11:47:06] [data] [█████████████████░░░]  88.5% frames 7142000/8069056 ep 52/56  2002 frames/s  ETA 463s
[2026-08-04 11:47:07] [data] [█████████████████░░░]  88.5% frames 7144000/8069056 ep 52/56  2002 frames/s  ETA 462s
[2026-08-04 11:47:08] [data] [█████████████████░░░]  88.6% frames 7146000/8069056 ep 52/56  2002 frames/s  ETA 461s
[2026-08-04 11:47:09] [data] [█████████████████░░░]  88.6% frames 7148000/8069056 ep 52/56  2002 frames/s  ETA 460s
[2026-08-04 11:47:09] [data] [█████████████████░░░]  88.6% frames 7150000/8069056 ep 52/56  2002 frames/s  ETA 459s
[2026-08-04 11:47:10] [data] [█████████████████░░░]  88.6% frames 7152000/8069056 ep 52/56  2002 frames/s  ETA 458s
[2026-08-04 11:47:11] [data] [█████████████████░░░]  88.7% frames 7154000/8069056 ep 52/56  2002 frames/s  ETA 457s
[2026-08-04 11:47:12] [data] [█████████████████░░░]  88.7% frames 7156000/8069056 ep 52/56  2002 frames/s  ETA 456s
[2026-08-04 11:47:13] [data] [█████████████████░░░]  88.7% frames 7158000/8069056 ep 52/56  2002 frames/s  ETA 455s
[2026-08-04 11:47:14] [data] [█████████████████░░░]  88.7% frames 7160000/8069056 ep 52/56  2002 frames/s  ETA 454s
[2026-08-04 11:47:15] [data] [█████████████████░░░]  88.8% frames 7162000/8069056 ep 52/56  2002 frames/s  ETA 453s
[2026-08-04 11:47:16] [data] [█████████████████░░░]  88.8% frames 7164000/8069056 ep 52/56  2002 frames/s  ETA 452s
[2026-08-04 11:47:17] [data] [█████████████████░░░]  88.8% frames 7166000/8069056 ep 52/56  2002 frames/s  ETA 451s
[2026-08-04 11:47:18] [data] [█████████████████░░░]  88.8% frames 7168000/8069056 ep 52/56  2002 frames/s  ETA 450s
[2026-08-04 11:47:19] [data] [█████████████████░░░]  88.9% frames 7170000/8069056 ep 52/56  2002 frames/s  ETA 449s
[2026-08-04 11:47:20] [data] [█████████████████░░░]  88.9% frames 7172000/8069056 ep 52/56  2002 frames/s  ETA 448s
[2026-08-04 11:47:21] [data] [█████████████████░░░]  88.9% frames 7174000/8069056 ep 52/56  2002 frames/s  ETA 447s
[2026-08-04 11:47:23] [data] [█████████████████░░░]  88.9% frames 7176000/8069056 ep 52/56  2002 frames/s  ETA 446s
[2026-08-04 11:47:24] [data] [█████████████████░░░]  89.0% frames 7178000/8069056 ep 52/56  2002 frames/s  ETA 445s
[2026-08-04 11:47:25] [data] [█████████████████░░░]  89.0% frames 7180000/8069056 ep 52/56  2002 frames/s  ETA 444s
[2026-08-04 11:47:26] [data] [█████████████████░░░]  89.0% frames 7182000/8069056 ep 52/56  2002 frames/s  ETA 443s
[2026-08-04 11:47:27] [data] [█████████████████░░░]  89.0% frames 7184000/8069056 ep 52/56  2002 frames/s  ETA 442s
[2026-08-04 11:47:28] [data] [█████████████████░░░]  89.1% frames 7186000/8069056 ep 52/56  2002 frames/s  ETA 441s
[2026-08-04 11:47:29] [data] [█████████████████░░░]  89.1% frames 7188000/8069056 ep 52/56  2002 frames/s  ETA 440s
[2026-08-04 11:47:30] [data] [█████████████████░░░]  89.1% frames 7190000/8069056 ep 52/56  2002 frames/s  ETA 439s
[2026-08-04 11:47:31] [data] [█████████████████░░░]  89.1% frames 7192000/8069056 ep 52/56  2002 frames/s  ETA 438s
[2026-08-04 11:47:32] [data] [█████████████████░░░]  89.2% frames 7194000/8069056 ep 52/56  2002 frames/s  ETA 437s
[2026-08-04 11:47:33] [data] [█████████████████░░░]  89.2% frames 7196000/8069056 ep 52/56  2002 frames/s  ETA 436s
[2026-08-04 11:47:34] [data] [█████████████████░░░]  89.2% frames 7198000/8069056 ep 52/56  2002 frames/s  ETA 435s
[2026-08-04 11:47:35] [data] [█████████████████░░░]  89.2% frames 7200000/8069056 ep 52/56  2002 frames/s  ETA 434s
[2026-08-04 11:47:36] [data] [█████████████████░░░]  89.3% frames 7202000/8069056 ep 52/56  2002 frames/s  ETA 433s
[2026-08-04 11:47:37] [data] [█████████████████░░░]  89.3% frames 7204000/8069056 ep 52/56  2002 frames/s  ETA 432s
[2026-08-04 11:47:38] [data] [█████████████████░░░]  89.3% frames 7206000/8069056 ep 52/56  2002 frames/s  ETA 431s
[2026-08-04 11:47:39] [data] [█████████████████░░░]  89.3% frames 7208000/8069056 ep 52/56  2002 frames/s  ETA 430s
[2026-08-04 11:47:40] [data] [█████████████████░░░]  89.4% frames 7210000/8069056 ep 52/56  2002 frames/s  ETA 429s
[2026-08-04 11:47:41] [data] [█████████████████░░░]  89.4% frames 7212000/8069056 ep 52/56  2002 frames/s  ETA 428s
[2026-08-04 11:47:42] [data] [█████████████████░░░]  89.4% frames 7214000/8069056 ep 52/56  2002 frames/s  ETA 427s
[2026-08-04 11:47:43] [data] [█████████████████░░░]  89.4% frames 7216000/8069056 ep 52/56  2002 frames/s  ETA 426s
[2026-08-04 11:47:44] [data] [█████████████████░░░]  89.5% frames 7218000/8069056 ep 52/56  2002 frames/s  ETA 425s
[2026-08-04 11:47:45] [data] [█████████████████░░░]  89.5% frames 7220000/8069056 ep 52/56  2002 frames/s  ETA 424s
[2026-08-04 11:47:46] [data] [█████████████████░░░]  89.5% frames 7222000/8069056 ep 52/56  2002 frames/s  ETA 423s
[2026-08-04 11:47:47] [data] [█████████████████░░░]  89.5% frames 7224000/8069056 ep 52/56  2002 frames/s  ETA 422s
[2026-08-04 11:47:48] [data] [█████████████████░░░]  89.6% frames 7226000/8069056 ep 52/56  2002 frames/s  ETA 421s
[2026-08-04 11:47:49] [data] [█████████████████░░░]  89.6% frames 7228000/8069056 ep 52/56  2002 frames/s  ETA 420s
[2026-08-04 11:47:50] [data] [█████████████████░░░]  89.6% frames 7230000/8069056 ep 52/56  2002 frames/s  ETA 419s
[2026-08-04 11:47:51] [data] [█████████████████░░░]  89.6% frames 7232000/8069056 ep 52/56  2002 frames/s  ETA 418s
[2026-08-04 11:47:52] [data] [█████████████████░░░]  89.7% frames 7234000/8069056 ep 52/56  2002 frames/s  ETA 417s
[2026-08-04 11:47:52] [data] [█████████████████░░░]  89.7% frames 7236000/8069056 ep 52/56  2002 frames/s  ETA 416s
[2026-08-04 11:47:53] [data] [█████████████████░░░]  89.7% frames 7238000/8069056 ep 52/56  2002 frames/s  ETA 415s
[2026-08-04 11:47:54] [data] [█████████████████░░░]  89.7% frames 7240000/8069056 ep 52/56  2002 frames/s  ETA 414s
[2026-08-04 11:47:55] [data] [█████████████████░░░]  89.8% frames 7242000/8069056 ep 52/56  2002 frames/s  ETA 413s
[2026-08-04 11:47:56] [data] [█████████████████░░░]  89.8% frames 7244000/8069056 ep 52/56  2002 frames/s  ETA 412s
[2026-08-04 11:47:57] [data] [█████████████████░░░]  89.8% frames 7246000/8069056 ep 52/56  2002 frames/s  ETA 411s
[2026-08-04 11:47:58] [data] [█████████████████░░░]  89.8% frames 7248000/8069056 ep 52/56  2002 frames/s  ETA 410s
[2026-08-04 11:47:59] [data] [█████████████████░░░]  89.8% frames 7250000/8069056 ep 52/56  2002 frames/s  ETA 409s
[2026-08-04 11:48:00] [data] [█████████████████░░░]  89.9% frames 7252000/8069056 ep 52/56  2002 frames/s  ETA 408s
[2026-08-04 11:48:01] [data] [█████████████████░░░]  89.9% frames 7254000/8069056 ep 52/56  2002 frames/s  ETA 407s
[2026-08-04 11:48:02] [data] [█████████████████░░░]  89.9% frames 7256000/8069056 ep 52/56  2002 frames/s  ETA 406s
[2026-08-04 11:48:03] [data] [█████████████████░░░]  89.9% frames 7258000/8069056 ep 52/56  2002 frames/s  ETA 405s
[2026-08-04 11:48:04] [data] [█████████████████░░░]  90.0% frames 7260000/8069056 ep 52/56  2002 frames/s  ETA 404s
[2026-08-04 11:48:05] [data] [█████████████████░░░]  90.0% frames 7262000/8069056 ep 52/56  2002 frames/s  ETA 403s
[2026-08-04 11:48:06] [data] [██████████████████░░]  90.0% frames 7264000/8069056 ep 52/56  2002 frames/s  ETA 402s
[2026-08-04 11:48:08] [data] [██████████████████░░]  90.0% frames 7266000/8069056 ep 52/56  2002 frames/s  ETA 401s
[2026-08-04 11:48:09] [data] [██████████████████░░]  90.1% frames 7268000/8069056 ep 52/56  2002 frames/s  ETA 400s
[2026-08-04 11:48:10] [data] [██████████████████░░]  90.1% frames 7270000/8069056 ep 52/56  2002 frames/s  ETA 399s
[2026-08-04 11:48:11] [data] [██████████████████░░]  90.1% frames 7272000/8069056 ep 52/56  2002 frames/s  ETA 398s
[2026-08-04 11:48:11] [data] [██████████████████░░]  90.1% frames 7274000/8069056 ep 52/56  2002 frames/s  ETA 397s
[2026-08-04 11:48:12] [data] [██████████████████░░]  90.2% frames 7276000/8069056 ep 52/56  2002 frames/s  ETA 396s
[2026-08-04 11:48:13] [data] [██████████████████░░]  90.2% frames 7278000/8069056 ep 52/56  2002 frames/s  ETA 395s
[2026-08-04 11:48:14] [data] [██████████████████░░]  90.2% frames 7280000/8069056 ep 52/56  2002 frames/s  ETA 394s
[2026-08-04 11:48:15] [data] [██████████████████░░]  90.2% frames 7282000/8069056 ep 52/56  2002 frames/s  ETA 393s
[2026-08-04 11:48:16] [data] [██████████████████░░]  90.3% frames 7284000/8069056 ep 52/56  2002 frames/s  ETA 392s
[2026-08-04 11:48:17] [data] [██████████████████░░]  90.3% frames 7286000/8069056 ep 52/56  2002 frames/s  ETA 391s
[2026-08-04 11:48:18] [data] [██████████████████░░]  90.3% frames 7288000/8069056 ep 52/56  2002 frames/s  ETA 390s
[2026-08-04 11:48:19] [data] [██████████████████░░]  90.3% frames 7290000/8069056 ep 52/56  2002 frames/s  ETA 389s
[2026-08-04 11:48:20] [data] [██████████████████░░]  90.4% frames 7292000/8069056 ep 52/56  2002 frames/s  ETA 388s
[2026-08-04 11:48:21] [data] [██████████████████░░]  90.4% frames 7294000/8069056 ep 52/56  2002 frames/s  ETA 387s
[2026-08-04 11:48:22] [data] [██████████████████░░]  90.4% frames 7296000/8069056 ep 52/56  2002 frames/s  ETA 386s
[2026-08-04 11:48:23] [data] [██████████████████░░]  90.4% frames 7298000/8069056 ep 52/56  2002 frames/s  ETA 385s
[2026-08-04 11:48:24] [data] [██████████████████░░]  90.5% frames 7300000/8069056 ep 52/56  2002 frames/s  ETA 384s
[2026-08-04 11:48:25] [data] [██████████████████░░]  90.5% frames 7302000/8069056 ep 52/56  2002 frames/s  ETA 383s
[2026-08-04 11:48:26] [data] [██████████████████░░]  90.5% frames 7304000/8069056 ep 52/56  2002 frames/s  ETA 382s
[2026-08-04 11:48:27] [data] [██████████████████░░]  90.5% frames 7306000/8069056 ep 52/56  2002 frames/s  ETA 381s
[2026-08-04 11:48:28] [data] [██████████████████░░]  90.6% frames 7308000/8069056 ep 52/56  2002 frames/s  ETA 380s
[2026-08-04 11:48:29] [data] [██████████████████░░]  90.6% frames 7310000/8069056 ep 52/56  2002 frames/s  ETA 379s
[2026-08-04 11:48:30] [data] [██████████████████░░]  90.6% frames 7312000/8069056 ep 52/56  2002 frames/s  ETA 378s
[2026-08-04 11:48:31] [data] [██████████████████░░]  90.6% frames 7314000/8069056 ep 52/56  2002 frames/s  ETA 377s
[2026-08-04 11:48:32] [data] [██████████████████░░]  90.7% frames 7316000/8069056 ep 52/56  2002 frames/s  ETA 376s
[2026-08-04 11:48:33] [data] [██████████████████░░]  90.7% frames 7318000/8069056 ep 52/56  2002 frames/s  ETA 375s
[2026-08-04 11:48:34] [data] [██████████████████░░]  90.7% frames 7320000/8069056 ep 52/56  2002 frames/s  ETA 374s
[2026-08-04 11:48:35] [data] [██████████████████░░]  90.7% frames 7322000/8069056 ep 52/56  2002 frames/s  ETA 373s
[2026-08-04 11:48:36] [data] [██████████████████░░]  90.8% frames 7324000/8069056 ep 52/56  2002 frames/s  ETA 372s
[2026-08-04 11:48:37] [data] [██████████████████░░]  90.8% frames 7326000/8069056 ep 52/56  2002 frames/s  ETA 371s
[2026-08-04 11:48:38] [data] [██████████████████░░]  90.8% frames 7328000/8069056 ep 52/56  2002 frames/s  ETA 370s
[2026-08-04 11:48:39] [data] [██████████████████░░]  90.8% frames 7330000/8069056 ep 52/56  2002 frames/s  ETA 369s
[2026-08-04 11:48:40] [data] [██████████████████░░]  90.9% frames 7332000/8069056 ep 52/56  2002 frames/s  ETA 368s
[2026-08-04 11:48:41] [data] [██████████████████░░]  90.9% frames 7334000/8069056 ep 52/56  2002 frames/s  ETA 367s
[2026-08-04 11:48:43] [data] [██████████████████░░]  90.9% frames 7336000/8069056 ep 52/56  2002 frames/s  ETA 366s
[2026-08-04 11:48:44] [data] [██████████████████░░]  90.9% frames 7338000/8069056 ep 52/56  2002 frames/s  ETA 365s
[2026-08-04 11:48:45] [data] [██████████████████░░]  91.0% frames 7340000/8069056 ep 52/56  2002 frames/s  ETA 364s
[2026-08-04 11:48:46] [data] [██████████████████░░]  91.0% frames 7342000/8069056 ep 52/56  2002 frames/s  ETA 363s
[2026-08-04 11:48:47] [data] [██████████████████░░]  91.0% frames 7344000/8069056 ep 52/56  2002 frames/s  ETA 362s
[2026-08-04 11:48:48] [data] [██████████████████░░]  91.0% frames 7346000/8069056 ep 52/56  2002 frames/s  ETA 361s
[2026-08-04 11:48:49] [data] [██████████████████░░]  91.1% frames 7348000/8069056 ep 52/56  2002 frames/s  ETA 360s
[2026-08-04 11:48:50] [data] [██████████████████░░]  91.1% frames 7350000/8069056 ep 52/56  2002 frames/s  ETA 359s
[2026-08-04 11:48:51] [data] [██████████████████░░]  91.1% frames 7352000/8069056 ep 52/56  2002 frames/s  ETA 358s
[2026-08-04 11:48:52] [data] [██████████████████░░]  91.1% frames 7354000/8069056 ep 52/56  2002 frames/s  ETA 357s
[2026-08-04 11:48:53] [data] [██████████████████░░]  91.2% frames 7356000/8069056 ep 52/56  2002 frames/s  ETA 356s
[2026-08-04 11:48:54] [data] [██████████████████░░]  91.2% frames 7358000/8069056 ep 52/56  2002 frames/s  ETA 355s
[2026-08-04 11:48:55] [data] [██████████████████░░]  91.2% frames 7360000/8069056 ep 52/56  2002 frames/s  ETA 354s
[2026-08-04 11:48:56] [data] [██████████████████░░]  91.2% frames 7362000/8069056 ep 52/56  2002 frames/s  ETA 353s
[2026-08-04 11:48:57] [data] [██████████████████░░]  91.3% frames 7364000/8069056 ep 52/56  2002 frames/s  ETA 352s
[2026-08-04 11:48:58] [data] [██████████████████░░]  91.3% frames 7366000/8069056 ep 52/56  2002 frames/s  ETA 351s
[2026-08-04 11:48:59] [data] [██████████████████░░]  91.3% frames 7368000/8069056 ep 52/56  2002 frames/s  ETA 350s
[2026-08-04 11:49:00] [data] [██████████████████░░]  91.3% frames 7370000/8069056 ep 52/56  2002 frames/s  ETA 349s
[2026-08-04 11:49:01] [data] [██████████████████░░]  91.4% frames 7372000/8069056 ep 52/56  2002 frames/s  ETA 348s
[2026-08-04 11:49:02] [data] [██████████████████░░]  91.4% frames 7374000/8069056 ep 52/56  2002 frames/s  ETA 347s
[2026-08-04 11:49:03] [data] [██████████████████░░]  91.4% frames 7376000/8069056 ep 52/56  2002 frames/s  ETA 346s
[2026-08-04 11:49:04] [data] [██████████████████░░]  91.4% frames 7378000/8069056 ep 52/56  2002 frames/s  ETA 345s
[2026-08-04 11:49:05] [data] [██████████████████░░]  91.5% frames 7380000/8069056 ep 52/56  2002 frames/s  ETA 344s
[2026-08-04 11:49:06] [data] [██████████████████░░]  91.5% frames 7382000/8069056 ep 52/56  2002 frames/s  ETA 343s
[2026-08-04 11:49:07] [data] [██████████████████░░]  91.5% frames 7384000/8069056 ep 52/56  2002 frames/s  ETA 342s
[2026-08-04 11:49:08] [data] [██████████████████░░]  91.5% frames 7386000/8069056 ep 52/56  2002 frames/s  ETA 341s
[2026-08-04 11:49:09] [data] [██████████████████░░]  91.6% frames 7388000/8069056 ep 52/56  2002 frames/s  ETA 340s
[2026-08-04 11:49:10] [data] [██████████████████░░]  91.6% frames 7390000/8069056 ep 52/56  2002 frames/s  ETA 339s
[2026-08-04 11:49:11] [data] [██████████████████░░]  91.6% frames 7392000/8069056 ep 52/56  2002 frames/s  ETA 338s
[2026-08-04 11:49:12] [data] [██████████████████░░]  91.6% frames 7394000/8069056 ep 52/56  2002 frames/s  ETA 337s
[2026-08-04 11:49:13] [data] [██████████████████░░]  91.7% frames 7396000/8069056 ep 52/56  2002 frames/s  ETA 336s
[2026-08-04 11:49:14] [data] [██████████████████░░]  91.7% frames 7398000/8069056 ep 52/56  2002 frames/s  ETA 335s
[2026-08-04 11:49:15] [data] [██████████████████░░]  91.7% frames 7400000/8069056 ep 52/56  2002 frames/s  ETA 334s
[2026-08-04 11:49:16] [data] [██████████████████░░]  91.7% frames 7402000/8069056 ep 52/56  2002 frames/s  ETA 333s
[2026-08-04 11:49:17] [data] [██████████████████░░]  91.8% frames 7404000/8069056 ep 52/56  2002 frames/s  ETA 332s
[2026-08-04 11:49:18] [data] [██████████████████░░]  91.8% frames 7406000/8069056 ep 52/56  2002 frames/s  ETA 331s
[2026-08-04 11:49:19] [data] [██████████████████░░]  91.8% frames 7408000/8069056 ep 52/56  2002 frames/s  ETA 330s
[2026-08-04 11:49:20] [data] [██████████████████░░]  91.8% frames 7410000/8069056 ep 52/56  2002 frames/s  ETA 329s
[2026-08-04 11:49:21] [data] [██████████████████░░]  91.9% frames 7412000/8069056 ep 52/56  2002 frames/s  ETA 328s
[2026-08-04 11:49:22] [data] [██████████████████░░]  91.9% frames 7414000/8069056 ep 52/56  2002 frames/s  ETA 327s
[2026-08-04 11:49:23] [data] [██████████████████░░]  91.9% frames 7416000/8069056 ep 52/56  2002 frames/s  ETA 326s
[2026-08-04 11:49:24] [data] [██████████████████░░]  91.9% frames 7418000/8069056 ep 52/56  2002 frames/s  ETA 325s
[2026-08-04 11:49:25] [data] [██████████████████░░]  92.0% frames 7420000/8069056 ep 52/56  2002 frames/s  ETA 324s
[2026-08-04 11:49:26] [data] [██████████████████░░]  92.0% frames 7422000/8069056 ep 52/56  2002 frames/s  ETA 323s
[2026-08-04 11:49:27] [data] [██████████████████░░]  92.0% frames 7424000/8069056 ep 52/56  2002 frames/s  ETA 322s
[2026-08-04 11:49:28] [data] [██████████████████░░]  92.0% frames 7426000/8069056 ep 52/56  2002 frames/s  ETA 321s
[2026-08-04 11:49:29] [data] [██████████████████░░]  92.1% frames 7428000/8069056 ep 52/56  2002 frames/s  ETA 320s
[2026-08-04 11:49:30] [data] [██████████████████░░]  92.1% frames 7430000/8069056 ep 52/56  2002 frames/s  ETA 319s
[2026-08-04 11:49:31] [data] [██████████████████░░]  92.1% frames 7432000/8069056 ep 52/56  2002 frames/s  ETA 318s
[2026-08-04 11:49:32] [data] [██████████████████░░]  92.1% frames 7434000/8069056 ep 52/56  2002 frames/s  ETA 317s
[2026-08-04 11:49:33] [data] [██████████████████░░]  92.2% frames 7436000/8069056 ep 52/56  2002 frames/s  ETA 316s
[2026-08-04 11:49:34] [data] [██████████████████░░]  92.2% frames 7438000/8069056 ep 52/56  2002 frames/s  ETA 315s
[2026-08-04 11:49:35] [data] [██████████████████░░]  92.2% frames 7440000/8069056 ep 52/56  2002 frames/s  ETA 314s
[2026-08-04 11:49:36] [data] [██████████████████░░]  92.2% frames 7442000/8069056 ep 52/56  2002 frames/s  ETA 313s
[2026-08-04 11:49:37] [data] [██████████████████░░]  92.3% frames 7444000/8069056 ep 52/56  2002 frames/s  ETA 312s
[2026-08-04 11:49:38] [data] [██████████████████░░]  92.3% frames 7446000/8069056 ep 52/56  2002 frames/s  ETA 311s
[2026-08-04 11:49:39] [data] [██████████████████░░]  92.3% frames 7448000/8069056 ep 52/56  2002 frames/s  ETA 310s
[2026-08-04 11:49:40] [data] [██████████████████░░]  92.3% frames 7450000/8069056 ep 52/56  2002 frames/s  ETA 309s
[2026-08-04 11:49:41] [data] [██████████████████░░]  92.4% frames 7452000/8069056 ep 52/56  2002 frames/s  ETA 308s
[2026-08-04 11:49:42] [data] [██████████████████░░]  92.4% frames 7454000/8069056 ep 52/56  2002 frames/s  ETA 307s
[2026-08-04 11:49:43] [data] [██████████████████░░]  92.4% frames 7456000/8069056 ep 52/56  2002 frames/s  ETA 306s
[2026-08-04 11:49:43] [data] [██████████████████░░]  92.4% frames 7458000/8069056 ep 52/56  2002 frames/s  ETA 305s
[2026-08-04 11:49:44] [data] [██████████████████░░]  92.5% frames 7460000/8069056 ep 52/56  2002 frames/s  ETA 304s
[2026-08-04 11:49:45] [data] [██████████████████░░]  92.5% frames 7462000/8069056 ep 52/56  2002 frames/s  ETA 303s
[2026-08-04 11:49:46] [data] [██████████████████░░]  92.5% frames 7464000/8069056 ep 52/56  2002 frames/s  ETA 302s
[2026-08-04 11:49:47] [data] [██████████████████░░]  92.5% frames 7466000/8069056 ep 52/56  2002 frames/s  ETA 301s
[2026-08-04 11:49:48] [data] [██████████████████░░]  92.6% frames 7468000/8069056 ep 52/56  2002 frames/s  ETA 300s
[2026-08-04 11:49:49] [data] [██████████████████░░]  92.6% frames 7470000/8069056 ep 52/56  2002 frames/s  ETA 299s
[2026-08-04 11:49:50] [data] [██████████████████░░]  92.6% frames 7472000/8069056 ep 52/56  2002 frames/s  ETA 298s
[2026-08-04 11:49:51] [data] [██████████████████░░]  92.6% frames 7474000/8069056 ep 52/56  2002 frames/s  ETA 297s
[2026-08-04 11:49:52] [data] [██████████████████░░]  92.7% frames 7476000/8069056 ep 52/56  2002 frames/s  ETA 296s
[2026-08-04 11:49:53] [data] [██████████████████░░]  92.7% frames 7478000/8069056 ep 52/56  2002 frames/s  ETA 295s
[2026-08-04 11:49:54] [data] [██████████████████░░]  92.7% frames 7480000/8069056 ep 52/56  2002 frames/s  ETA 294s
[2026-08-04 11:49:55] [data] [██████████████████░░]  92.7% frames 7482000/8069056 ep 52/56  2003 frames/s  ETA 293s
[2026-08-04 11:49:56] [data] [██████████████████░░]  92.7% frames 7484000/8069056 ep 52/56  2003 frames/s  ETA 292s
[2026-08-04 11:49:57] [data] [██████████████████░░]  92.8% frames 7486000/8069056 ep 52/56  2003 frames/s  ETA 291s
[2026-08-04 11:49:58] [data] [██████████████████░░]  92.8% frames 7488000/8069056 ep 52/56  2002 frames/s  ETA 290s
[2026-08-04 11:49:59] [data] [██████████████████░░]  92.8% frames 7490000/8069056 ep 52/56  2002 frames/s  ETA 289s
[2026-08-04 11:50:00] [data] [██████████████████░░]  92.8% frames 7492000/8069056 ep 52/56  2002 frames/s  ETA 288s
[2026-08-04 11:50:01] [data] [██████████████████░░]  92.9% frames 7494000/8069056 ep 52/56  2002 frames/s  ETA 287s
[2026-08-04 11:50:02] [data] [██████████████████░░]  92.9% frames 7496000/8069056 ep 52/56  2002 frames/s  ETA 286s
[2026-08-04 11:50:03] [data] [██████████████████░░]  92.9% frames 7498000/8069056 ep 52/56  2002 frames/s  ETA 285s
[2026-08-04 11:50:04] [data] [██████████████████░░]  92.9% frames 7500000/8069056 ep 52/56  2002 frames/s  ETA 284s
[2026-08-04 11:50:05] [data] [██████████████████░░]  93.0% frames 7502000/8069056 ep 52/56  2002 frames/s  ETA 283s
[2026-08-04 11:50:06] [data] [██████████████████░░]  93.0% frames 7504000/8069056 ep 52/56  2002 frames/s  ETA 282s
[2026-08-04 11:50:07] [data] [██████████████████░░]  93.0% frames 7506000/8069056 ep 52/56  2002 frames/s  ETA 281s
[2026-08-04 11:50:08] [data] [██████████████████░░]  93.0% frames 7508000/8069056 ep 52/56  2002 frames/s  ETA 280s
[2026-08-04 11:50:09] [data] [██████████████████░░]  93.1% frames 7510000/8069056 ep 52/56  2002 frames/s  ETA 279s
[2026-08-04 11:50:10] [data] [██████████████████░░]  93.1% frames 7512000/8069056 ep 52/56  2002 frames/s  ETA 278s
[2026-08-04 11:50:11] [data] [██████████████████░░]  93.1% frames 7514000/8069056 ep 52/56  2002 frames/s  ETA 277s
[2026-08-04 11:50:12] [data] [██████████████████░░]  93.1% frames 7516000/8069056 ep 52/56  2002 frames/s  ETA 276s
[2026-08-04 11:50:13] [data] [██████████████████░░]  93.2% frames 7518000/8069056 ep 52/56  2002 frames/s  ETA 275s
[2026-08-04 11:50:14] [data] [██████████████████░░]  93.2% frames 7520000/8069056 ep 52/56  2002 frames/s  ETA 274s
[2026-08-04 11:50:15] [data] [██████████████████░░]  93.2% frames 7522000/8069056 ep 52/56  2002 frames/s  ETA 273s
[2026-08-04 11:50:16] [data] [██████████████████░░]  93.2% frames 7524000/8069056 ep 52/56  2002 frames/s  ETA 272s
[2026-08-04 11:50:17] [data] [██████████████████░░]  93.3% frames 7526000/8069056 ep 52/56  2002 frames/s  ETA 271s
[2026-08-04 11:50:18] [data] [██████████████████░░]  93.3% frames 7528000/8069056 ep 52/56  2002 frames/s  ETA 270s
[2026-08-04 11:50:19] [data] [██████████████████░░]  93.3% frames 7530000/8069056 ep 52/56  2002 frames/s  ETA 269s
[2026-08-04 11:50:20] [data] [██████████████████░░]  93.3% frames 7532000/8069056 ep 52/56  2002 frames/s  ETA 268s
[2026-08-04 11:50:22] [data] [██████████████████░░]  93.4% frames 7534000/8069056 ep 52/56  2002 frames/s  ETA 267s
[2026-08-04 11:50:23] [data] [██████████████████░░]  93.4% frames 7536000/8069056 ep 52/56  2002 frames/s  ETA 266s
[2026-08-04 11:50:23] [data] [██████████████████░░]  93.4% frames 7538000/8069056 ep 52/56  2002 frames/s  ETA 265s
[2026-08-04 11:50:24] [data] [██████████████████░░]  93.4% frames 7540000/8069056 ep 52/56  2002 frames/s  ETA 264s
[2026-08-04 11:50:25] [data] [██████████████████░░]  93.5% frames 7542000/8069056 ep 52/56  2002 frames/s  ETA 263s
[2026-08-04 11:50:26] [data] [██████████████████░░]  93.5% frames 7544000/8069056 ep 52/56  2002 frames/s  ETA 262s
[2026-08-04 11:50:27] [data] [██████████████████░░]  93.5% frames 7546000/8069056 ep 52/56  2002 frames/s  ETA 261s
[2026-08-04 11:50:28] [data] [██████████████████░░]  93.5% frames 7548000/8069056 ep 52/56  2002 frames/s  ETA 260s
[2026-08-04 11:50:29] [data] [██████████████████░░]  93.6% frames 7550000/8069056 ep 52/56  2002 frames/s  ETA 259s
[2026-08-04 11:50:30] [data] [██████████████████░░]  93.6% frames 7552000/8069056 ep 52/56  2002 frames/s  ETA 258s
[2026-08-04 11:50:31] [data] [██████████████████░░]  93.6% frames 7554000/8069056 ep 52/56  2002 frames/s  ETA 257s
[2026-08-04 11:50:32] [data] [██████████████████░░]  93.6% frames 7556000/8069056 ep 52/56  2002 frames/s  ETA 256s
[2026-08-04 11:50:33] [data] [██████████████████░░]  93.7% frames 7558000/8069056 ep 52/56  2002 frames/s  ETA 255s
[2026-08-04 11:50:35] [data] [██████████████████░░]  93.7% frames 7560000/8069056 ep 52/56  2002 frames/s  ETA 254s
[2026-08-04 11:50:36] [data] [██████████████████░░]  93.7% frames 7562000/8069056 ep 52/56  2002 frames/s  ETA 253s
[2026-08-04 11:50:37] [data] [██████████████████░░]  93.7% frames 7564000/8069056 ep 52/56  2002 frames/s  ETA 252s
[2026-08-04 11:50:38] [data] [██████████████████░░]  93.8% frames 7566000/8069056 ep 52/56  2002 frames/s  ETA 251s
[2026-08-04 11:50:39] [data] [██████████████████░░]  93.8% frames 7568000/8069056 ep 52/56  2002 frames/s  ETA 250s
[2026-08-04 11:50:40] [data] [██████████████████░░]  93.8% frames 7570000/8069056 ep 52/56  2002 frames/s  ETA 249s
[2026-08-04 11:50:41] [data] [██████████████████░░]  93.8% frames 7572000/8069056 ep 52/56  2002 frames/s  ETA 248s
[2026-08-04 11:50:42] [data] [██████████████████░░]  93.9% frames 7574000/8069056 ep 52/56  2002 frames/s  ETA 247s
[2026-08-04 11:50:43] [data] [██████████████████░░]  93.9% frames 7576000/8069056 ep 52/56  2002 frames/s  ETA 246s
[2026-08-04 11:50:44] [data] [██████████████████░░]  93.9% frames 7578000/8069056 ep 52/56  2002 frames/s  ETA 245s
[2026-08-04 11:50:45] [data] [██████████████████░░]  93.9% frames 7580000/8069056 ep 52/56  2002 frames/s  ETA 244s
[2026-08-04 11:50:46] [data] [██████████████████░░]  94.0% frames 7582000/8069056 ep 52/56  2002 frames/s  ETA 243s
[2026-08-04 11:50:47] [data] [██████████████████░░]  94.0% frames 7584000/8069056 ep 52/56  2002 frames/s  ETA 242s
[2026-08-04 11:50:48] [data] [██████████████████░░]  94.0% frames 7586000/8069056 ep 52/56  2002 frames/s  ETA 241s
[2026-08-04 11:50:49] [data] [██████████████████░░]  94.0% frames 7588000/8069056 ep 52/56  2002 frames/s  ETA 240s
[2026-08-04 11:50:50] [data] [██████████████████░░]  94.1% frames 7590000/8069056 ep 52/56  2002 frames/s  ETA 239s
[2026-08-04 11:50:51] [data] [██████████████████░░]  94.1% frames 7592000/8069056 ep 52/56  2002 frames/s  ETA 238s
[2026-08-04 11:50:52] [data] [██████████████████░░]  94.1% frames 7594000/8069056 ep 52/56  2002 frames/s  ETA 237s
[2026-08-04 11:50:53] [data] [██████████████████░░]  94.1% frames 7596000/8069056 ep 52/56  2002 frames/s  ETA 236s
[2026-08-04 11:50:54] [data] [██████████████████░░]  94.2% frames 7598000/8069056 ep 52/56  2002 frames/s  ETA 235s
[2026-08-04 11:50:55] [data] [██████████████████░░]  94.2% frames 7600000/8069056 ep 52/56  2002 frames/s  ETA 234s
[2026-08-04 11:50:56] [data] [██████████████████░░]  94.2% frames 7602000/8069056 ep 52/56  2002 frames/s  ETA 233s
[2026-08-04 11:50:57] [data] [██████████████████░░]  94.2% frames 7604000/8069056 ep 52/56  2002 frames/s  ETA 232s
[2026-08-04 11:50:58] [data] [██████████████████░░]  94.3% frames 7606000/8069056 ep 52/56  2002 frames/s  ETA 231s
[2026-08-04 11:50:59] [data] [██████████████████░░]  94.3% frames 7608000/8069056 ep 52/56  2002 frames/s  ETA 230s
[2026-08-04 11:51:00] [data] [██████████████████░░]  94.3% frames 7610000/8069056 ep 52/56  2002 frames/s  ETA 229s
[2026-08-04 11:51:01] [data] [██████████████████░░]  94.3% frames 7612000/8069056 ep 52/56  2002 frames/s  ETA 228s
[2026-08-04 11:51:02] [data] [██████████████████░░]  94.4% frames 7614000/8069056 ep 52/56  2002 frames/s  ETA 227s
[2026-08-04 11:51:03] [data] [██████████████████░░]  94.4% frames 7616000/8069056 ep 52/56  2002 frames/s  ETA 226s
[2026-08-04 11:51:04] [data] [██████████████████░░]  94.4% frames 7618000/8069056 ep 52/56  2002 frames/s  ETA 225s
[2026-08-04 11:51:05] [data] [██████████████████░░]  94.4% frames 7620000/8069056 ep 52/56  2002 frames/s  ETA 224s
[2026-08-04 11:51:06] [data] [██████████████████░░]  94.5% frames 7622000/8069056 ep 52/56  2002 frames/s  ETA 223s
[2026-08-04 11:51:07] [data] [██████████████████░░]  94.5% frames 7624000/8069056 ep 52/56  2002 frames/s  ETA 222s
[2026-08-04 11:51:08] [data] [██████████████████░░]  94.5% frames 7626000/8069056 ep 52/56  2002 frames/s  ETA 221s
[2026-08-04 11:51:09] [data] [██████████████████░░]  94.5% frames 7628000/8069056 ep 52/56  2002 frames/s  ETA 220s
[2026-08-04 11:51:10] [data] [██████████████████░░]  94.6% frames 7630000/8069056 ep 52/56  2002 frames/s  ETA 219s
[2026-08-04 11:51:11] [data] [██████████████████░░]  94.6% frames 7632000/8069056 ep 52/56  2002 frames/s  ETA 218s
[2026-08-04 11:51:12] [data] [██████████████████░░]  94.6% frames 7634000/8069056 ep 52/56  2002 frames/s  ETA 217s
[2026-08-04 11:51:13] [data] [██████████████████░░]  94.6% frames 7636000/8069056 ep 52/56  2002 frames/s  ETA 216s
[2026-08-04 11:51:14] [data] [██████████████████░░]  94.7% frames 7638000/8069056 ep 52/56  2002 frames/s  ETA 215s
[2026-08-04 11:51:15] [data] [██████████████████░░]  94.7% frames 7640000/8069056 ep 52/56  2002 frames/s  ETA 214s
[2026-08-04 11:51:16] [data] [██████████████████░░]  94.7% frames 7642000/8069056 ep 52/56  2002 frames/s  ETA 213s
[2026-08-04 11:51:17] [data] [██████████████████░░]  94.7% frames 7644000/8069056 ep 52/56  2002 frames/s  ETA 212s
[2026-08-04 11:51:18] [data] [██████████████████░░]  94.8% frames 7646000/8069056 ep 52/56  2002 frames/s  ETA 211s
[2026-08-04 11:51:19] [data] [██████████████████░░]  94.8% frames 7648000/8069056 ep 52/56  2002 frames/s  ETA 210s
[2026-08-04 11:51:20] [data] [██████████████████░░]  94.8% frames 7650000/8069056 ep 52/56  2002 frames/s  ETA 209s
[2026-08-04 11:51:21] [data] [██████████████████░░]  94.8% frames 7652000/8069056 ep 52/56  2002 frames/s  ETA 208s
[2026-08-04 11:51:22] [data] [██████████████████░░]  94.9% frames 7654000/8069056 ep 52/56  2002 frames/s  ETA 207s
[2026-08-04 11:51:23] [data] [██████████████████░░]  94.9% frames 7656000/8069056 ep 52/56  2002 frames/s  ETA 206s
[2026-08-04 11:51:24] [data] [██████████████████░░]  94.9% frames 7658000/8069056 ep 52/56  2002 frames/s  ETA 205s
[2026-08-04 11:51:25] [data] [██████████████████░░]  94.9% frames 7660000/8069056 ep 52/56  2002 frames/s  ETA 204s
[2026-08-04 11:51:26] [data] [██████████████████░░]  95.0% frames 7662000/8069056 ep 52/56  2002 frames/s  ETA 203s
[2026-08-04 11:51:27] [data] [██████████████████░░]  95.0% frames 7664000/8069056 ep 52/56  2002 frames/s  ETA 202s
[2026-08-04 11:51:28] [data] [███████████████████░]  95.0% frames 7666000/8069056 ep 52/56  2002 frames/s  ETA 201s
[2026-08-04 11:51:29] [data] [███████████████████░]  95.0% frames 7668000/8069056 ep 52/56  2002 frames/s  ETA 200s
[2026-08-04 11:51:30] [data] [███████████████████░]  95.1% frames 7670000/8069056 ep 52/56  2002 frames/s  ETA 199s
[2026-08-04 11:51:31] [data] [███████████████████░]  95.1% frames 7672000/8069056 ep 52/56  2002 frames/s  ETA 198s
[2026-08-04 11:51:32] [data] [███████████████████░]  95.1% frames 7674000/8069056 ep 52/56  2002 frames/s  ETA 197s
[2026-08-04 11:51:33] [data] [███████████████████░]  95.1% frames 7676000/8069056 ep 52/56  2002 frames/s  ETA 196s
[2026-08-04 11:51:34] [data] [███████████████████░]  95.2% frames 7678000/8069056 ep 52/56  2002 frames/s  ETA 195s
[2026-08-04 11:51:35] [data] [███████████████████░]  95.2% frames 7680000/8069056 ep 52/56  2002 frames/s  ETA 194s
[2026-08-04 11:51:36] [data] [███████████████████░]  95.2% frames 7682000/8069056 ep 52/56  2002 frames/s  ETA 193s
[2026-08-04 11:51:37] [data] [███████████████████░]  95.2% frames 7684000/8069056 ep 52/56  2002 frames/s  ETA 192s
[2026-08-04 11:51:38] [data] [███████████████████░]  95.3% frames 7686000/8069056 ep 52/56  2002 frames/s  ETA 191s
[2026-08-04 11:51:39] [data] [███████████████████░]  95.3% frames 7688000/8069056 ep 52/56  2002 frames/s  ETA 190s
[2026-08-04 11:51:40] [data] [███████████████████░]  95.3% frames 7690000/8069056 ep 52/56  2002 frames/s  ETA 189s
[2026-08-04 11:51:41] [data] [███████████████████░]  95.3% frames 7692000/8069056 ep 52/56  2002 frames/s  ETA 188s
[2026-08-04 11:51:42] [data] [███████████████████░]  95.4% frames 7694000/8069056 ep 52/56  2002 frames/s  ETA 187s
[2026-08-04 11:51:43] [data] [███████████████████░]  95.4% frames 7696000/8069056 ep 52/56  2002 frames/s  ETA 186s
[2026-08-04 11:51:44] [data] [███████████████████░]  95.4% frames 7698000/8069056 ep 52/56  2002 frames/s  ETA 185s
[2026-08-04 11:51:45] [data] [███████████████████░]  95.4% frames 7700000/8069056 ep 52/56  2002 frames/s  ETA 184s
[2026-08-04 11:51:46] [data] [███████████████████░]  95.5% frames 7702000/8069056 ep 52/56  2002 frames/s  ETA 183s
[2026-08-04 11:51:47] [data] [███████████████████░]  95.5% frames 7704000/8069056 ep 52/56  2002 frames/s  ETA 182s
[2026-08-04 11:51:48] [data] [███████████████████░]  95.5% frames 7706000/8069056 ep 52/56  2002 frames/s  ETA 181s
[2026-08-04 11:51:49] [data] [███████████████████░]  95.5% frames 7708000/8069056 ep 52/56  2002 frames/s  ETA 180s
[2026-08-04 11:51:50] [data] [███████████████████░]  95.6% frames 7710000/8069056 ep 52/56  2002 frames/s  ETA 179s
[2026-08-04 11:51:51] [data] [███████████████████░]  95.6% frames 7712000/8069056 ep 52/56  2002 frames/s  ETA 178s
[2026-08-04 11:51:52] [data] [███████████████████░]  95.6% frames 7714000/8069056 ep 52/56  2002 frames/s  ETA 177s
[2026-08-04 11:51:53] [data] [███████████████████░]  95.6% frames 7716000/8069056 ep 52/56  2002 frames/s  ETA 176s
[2026-08-04 11:51:54] [data] [███████████████████░]  95.6% frames 7718000/8069056 ep 52/56  2002 frames/s  ETA 175s
[2026-08-04 11:51:55] [data] [███████████████████░]  95.7% frames 7720000/8069056 ep 52/56  2002 frames/s  ETA 174s
[2026-08-04 11:51:56] [data] [███████████████████░]  95.7% frames 7722000/8069056 ep 52/56  2002 frames/s  ETA 173s
[2026-08-04 11:51:57] [data] [███████████████████░]  95.7% frames 7724000/8069056 ep 52/56  2002 frames/s  ETA 172s
[2026-08-04 11:51:58] [data] [███████████████████░]  95.7% frames 7726000/8069056 ep 52/56  2002 frames/s  ETA 171s
[2026-08-04 11:51:58] [data] [███████████████████░]  95.8% frames 7728000/8069056 ep 52/56  2002 frames/s  ETA 170s
[2026-08-04 11:51:59] [data] [███████████████████░]  95.8% frames 7730000/8069056 ep 52/56  2002 frames/s  ETA 169s
[2026-08-04 11:52:00] [data] [███████████████████░]  95.8% frames 7732000/8069056 ep 52/56  2002 frames/s  ETA 168s
[2026-08-04 11:52:01] [data] [███████████████████░]  95.8% frames 7734000/8069056 ep 52/56  2002 frames/s  ETA 167s
[2026-08-04 11:52:02] [data] [███████████████████░]  95.9% frames 7736000/8069056 ep 52/56  2002 frames/s  ETA 166s
[2026-08-04 11:52:03] [data] [███████████████████░]  95.9% frames 7738000/8069056 ep 52/56  2002 frames/s  ETA 165s
[2026-08-04 11:52:04] [data] [███████████████████░]  95.9% frames 7740000/8069056 ep 52/56  2002 frames/s  ETA 164s
[2026-08-04 11:52:05] [data] [███████████████████░]  95.9% frames 7742000/8069056 ep 52/56  2002 frames/s  ETA 163s
[2026-08-04 11:52:06] [data] [███████████████████░]  96.0% frames 7744000/8069056 ep 52/56  2002 frames/s  ETA 162s
[2026-08-04 11:52:07] [data] [███████████████████░]  96.0% frames 7746000/8069056 ep 52/56  2002 frames/s  ETA 161s
[2026-08-04 11:52:08] [data] [███████████████████░]  96.0% frames 7748000/8069056 ep 52/56  2002 frames/s  ETA 160s
[2026-08-04 11:52:09] [data] [███████████████████░]  96.0% frames 7750000/8069056 ep 52/56  2002 frames/s  ETA 159s
[2026-08-04 11:52:10] [data] [███████████████████░]  96.1% frames 7752000/8069056 ep 52/56  2002 frames/s  ETA 158s
[2026-08-04 11:52:11] [data] [███████████████████░]  96.1% frames 7754000/8069056 ep 52/56  2002 frames/s  ETA 157s
[2026-08-04 11:52:12] [data] [███████████████████░]  96.1% frames 7756000/8069056 ep 52/56  2002 frames/s  ETA 156s
[2026-08-04 11:52:13] [data] [███████████████████░]  96.1% frames 7758000/8069056 ep 52/56  2003 frames/s  ETA 155s
[2026-08-04 11:52:14] [data] [███████████████████░]  96.2% frames 7760000/8069056 ep 52/56  2003 frames/s  ETA 154s
[2026-08-04 11:52:15] [data] [███████████████████░]  96.2% frames 7762000/8069056 ep 52/56  2003 frames/s  ETA 153s
[2026-08-04 11:52:16] [data] [███████████████████░]  96.2% frames 7764000/8069056 ep 52/56  2003 frames/s  ETA 152s
[2026-08-04 11:52:17] [data] [███████████████████░]  96.2% frames 7766000/8069056 ep 52/56  2003 frames/s  ETA 151s
[2026-08-04 11:52:18] [data] [███████████████████░]  96.3% frames 7768000/8069056 ep 52/56  2003 frames/s  ETA 150s
[2026-08-04 11:52:19] [data] [███████████████████░]  96.3% frames 7770000/8069056 ep 52/56  2003 frames/s  ETA 149s
[2026-08-04 11:52:20] [data] [███████████████████░]  96.3% frames 7772000/8069056 ep 52/56  2003 frames/s  ETA 148s
[2026-08-04 11:52:21] [data] [███████████████████░]  96.3% frames 7774000/8069056 ep 52/56  2003 frames/s  ETA 147s
[2026-08-04 11:52:22] [data] [███████████████████░]  96.4% frames 7776000/8069056 ep 52/56  2003 frames/s  ETA 146s
[2026-08-04 11:52:23] [data] [███████████████████░]  96.4% frames 7778000/8069056 ep 52/56  2003 frames/s  ETA 145s
[2026-08-04 11:52:24] [data] [███████████████████░]  96.4% frames 7780000/8069056 ep 52/56  2003 frames/s  ETA 144s
[2026-08-04 11:52:24] [data] [███████████████████░]  96.4% frames 7782000/8069056 ep 52/56  2003 frames/s  ETA 143s
[2026-08-04 11:52:25] [data] [███████████████████░]  96.5% frames 7784000/8069056 ep 52/56  2003 frames/s  ETA 142s
[2026-08-04 11:52:26] [data] [███████████████████░]  96.5% frames 7786000/8069056 ep 52/56  2003 frames/s  ETA 141s
[2026-08-04 11:52:27] [data] [███████████████████░]  96.5% frames 7788000/8069056 ep 52/56  2003 frames/s  ETA 140s
[2026-08-04 11:52:29] [data] [███████████████████░]  96.5% frames 7790000/8069056 ep 52/56  2003 frames/s  ETA 139s
[2026-08-04 11:52:30] [data] [███████████████████░]  96.6% frames 7792000/8069056 ep 52/56  2003 frames/s  ETA 138s
[2026-08-04 11:52:31] [data] [███████████████████░]  96.6% frames 7794000/8069056 ep 52/56  2003 frames/s  ETA 137s
[2026-08-04 11:52:31] [data] [███████████████████░]  96.6% frames 7796000/8069056 ep 52/56  2003 frames/s  ETA 136s
[2026-08-04 11:52:32] [data] [███████████████████░]  96.6% frames 7798000/8069056 ep 52/56  2003 frames/s  ETA 135s
[2026-08-04 11:52:33] [data] [███████████████████░]  96.7% frames 7800000/8069056 ep 52/56  2003 frames/s  ETA 134s
[2026-08-04 11:52:34] [data] [███████████████████░]  96.7% frames 7802000/8069056 ep 52/56  2003 frames/s  ETA 133s
[2026-08-04 11:52:35] [data] [███████████████████░]  96.7% frames 7804000/8069056 ep 52/56  2003 frames/s  ETA 132s
[2026-08-04 11:52:36] [data] [███████████████████░]  96.7% frames 7806000/8069056 ep 52/56  2003 frames/s  ETA 131s
[2026-08-04 11:52:37] [data] [███████████████████░]  96.8% frames 7808000/8069056 ep 52/56  2003 frames/s  ETA 130s
[2026-08-04 11:52:38] [data] [███████████████████░]  96.8% frames 7810000/8069056 ep 52/56  2003 frames/s  ETA 129s
[2026-08-04 11:52:39] [data] [███████████████████░]  96.8% frames 7812000/8069056 ep 52/56  2003 frames/s  ETA 128s
[2026-08-04 11:52:40] [data] [███████████████████░]  96.8% frames 7814000/8069056 ep 52/56  2003 frames/s  ETA 127s
[2026-08-04 11:52:41] [data] [███████████████████░]  96.9% frames 7816000/8069056 ep 52/56  2003 frames/s  ETA 126s
[2026-08-04 11:52:42] [data] [███████████████████░]  96.9% frames 7818000/8069056 ep 52/56  2003 frames/s  ETA 125s
[2026-08-04 11:52:43] [data] [███████████████████░]  96.9% frames 7820000/8069056 ep 52/56  2003 frames/s  ETA 124s
[2026-08-04 11:52:44] [data] [███████████████████░]  96.9% frames 7822000/8069056 ep 52/56  2003 frames/s  ETA 123s
[2026-08-04 11:52:45] [data] [███████████████████░]  97.0% frames 7824000/8069056 ep 52/56  2003 frames/s  ETA 122s
[2026-08-04 11:52:46] [data] [███████████████████░]  97.0% frames 7826000/8069056 ep 52/56  2003 frames/s  ETA 121s
[2026-08-04 11:52:47] [data] [███████████████████░]  97.0% frames 7828000/8069056 ep 52/56  2003 frames/s  ETA 120s
[2026-08-04 11:52:48] [data] [███████████████████░]  97.0% frames 7830000/8069056 ep 52/56  2003 frames/s  ETA 119s
[2026-08-04 11:52:49] [data] [███████████████████░]  97.1% frames 7832000/8069056 ep 52/56  2003 frames/s  ETA 118s
[2026-08-04 11:52:50] [data] [███████████████████░]  97.1% frames 7834000/8069056 ep 52/56  2003 frames/s  ETA 117s
[2026-08-04 11:52:51] [data] [███████████████████░]  97.1% frames 7836000/8069056 ep 52/56  2003 frames/s  ETA 116s
[2026-08-04 11:52:52] [data] [███████████████████░]  97.1% frames 7838000/8069056 ep 52/56  2003 frames/s  ETA 115s
[2026-08-04 11:52:53] [data] [███████████████████░]  97.2% frames 7840000/8069056 ep 52/56  2003 frames/s  ETA 114s
[2026-08-04 11:52:53] [data] [███████████████████░]  97.2% frames 7842000/8069056 ep 52/56  2003 frames/s  ETA 113s
[2026-08-04 11:52:54] [data] [███████████████████░]  97.2% frames 7844000/8069056 ep 52/56  2003 frames/s  ETA 112s
[2026-08-04 11:52:55] [data] [███████████████████░]  97.2% frames 7846000/8069056 ep 52/56  2003 frames/s  ETA 111s
[2026-08-04 11:52:56] [data] [███████████████████░]  97.3% frames 7848000/8069056 ep 52/56  2003 frames/s  ETA 110s
[2026-08-04 11:52:57] [data] [███████████████████░]  97.3% frames 7850000/8069056 ep 52/56  2003 frames/s  ETA 109s
[2026-08-04 11:52:58] [data] [███████████████████░]  97.3% frames 7852000/8069056 ep 52/56  2003 frames/s  ETA 108s
[2026-08-04 11:52:59] [data] [███████████████████░]  97.3% frames 7854000/8069056 ep 52/56  2003 frames/s  ETA 107s
[2026-08-04 11:53:00] [data] [███████████████████░]  97.4% frames 7856000/8069056 ep 52/56  2003 frames/s  ETA 106s
[2026-08-04 11:53:01] [data] [███████████████████░]  97.4% frames 7858000/8069056 ep 52/56  2003 frames/s  ETA 105s
[2026-08-04 11:53:02] [data] [███████████████████░]  97.4% frames 7860000/8069056 ep 52/56  2003 frames/s  ETA 104s
[2026-08-04 11:53:03] [data] [███████████████████░]  97.4% frames 7862000/8069056 ep 52/56  2003 frames/s  ETA 103s
[2026-08-04 11:53:04] [data] [███████████████████░]  97.5% frames 7864000/8069056 ep 52/56  2003 frames/s  ETA 102s
[2026-08-04 11:53:05] [data] [███████████████████░]  97.5% frames 7866000/8069056 ep 52/56  2003 frames/s  ETA 101s
[2026-08-04 11:53:06] [data] [███████████████████░]  97.5% frames 7868000/8069056 ep 52/56  2003 frames/s  ETA 100s
[2026-08-04 11:53:07] [data] [███████████████████░]  97.5% frames 7870000/8069056 ep 52/56  2003 frames/s  ETA 99s
[2026-08-04 11:53:08] [data] [███████████████████░]  97.6% frames 7872000/8069056 ep 52/56  2003 frames/s  ETA 98s
[2026-08-04 11:53:09] [data] [███████████████████░]  97.6% frames 7874000/8069056 ep 52/56  2003 frames/s  ETA 97s
[2026-08-04 11:53:10] [data] [███████████████████░]  97.6% frames 7876000/8069056 ep 52/56  2003 frames/s  ETA 96s
[2026-08-04 11:53:11] [data] [███████████████████░]  97.6% frames 7878000/8069056 ep 52/56  2003 frames/s  ETA 95s
[2026-08-04 11:53:12] [data] [███████████████████░]  97.7% frames 7880000/8069056 ep 52/56  2003 frames/s  ETA 94s
[2026-08-04 11:53:13] [data] [███████████████████░]  97.7% frames 7882000/8069056 ep 52/56  2003 frames/s  ETA 93s
[2026-08-04 11:53:14] [data] [███████████████████░]  97.7% frames 7884000/8069056 ep 52/56  2004 frames/s  ETA 92s
[2026-08-04 11:53:15] [data] [███████████████████░]  97.7% frames 7886000/8069056 ep 52/56  2004 frames/s  ETA 91s
[2026-08-04 11:53:16] [data] [███████████████████░]  97.8% frames 7888000/8069056 ep 52/56  2004 frames/s  ETA 90s
[2026-08-04 11:53:17] [data] [███████████████████░]  97.8% frames 7890000/8069056 ep 52/56  2004 frames/s  ETA 89s
[2026-08-04 11:53:18] [data] [███████████████████░]  97.8% frames 7892000/8069056 ep 52/56  2004 frames/s  ETA 88s
[2026-08-04 11:53:19] [data] [███████████████████░]  97.8% frames 7894000/8069056 ep 52/56  2004 frames/s  ETA 87s
[2026-08-04 11:53:20] [data] [███████████████████░]  97.9% frames 7896000/8069056 ep 52/56  2004 frames/s  ETA 86s
[2026-08-04 11:53:21] [data] [███████████████████░]  97.9% frames 7898000/8069056 ep 52/56  2004 frames/s  ETA 85s
[2026-08-04 11:53:21] [data] [███████████████████░]  97.9% frames 7900000/8069056 ep 52/56  2004 frames/s  ETA 84s
[2026-08-04 11:53:22] [data] [███████████████████░]  97.9% frames 7902000/8069056 ep 52/56  2004 frames/s  ETA 83s
[2026-08-04 11:53:23] [data] [███████████████████░]  98.0% frames 7904000/8069056 ep 52/56  2004 frames/s  ETA 82s
[2026-08-04 11:53:24] [data] [███████████████████░]  98.0% frames 7906000/8069056 ep 52/56  2004 frames/s  ETA 81s
[2026-08-04 11:53:25] [data] [███████████████████░]  98.0% frames 7908000/8069056 ep 52/56  2004 frames/s  ETA 80s
[2026-08-04 11:53:26] [data] [███████████████████░]  98.0% frames 7910000/8069056 ep 52/56  2004 frames/s  ETA 79s
[2026-08-04 11:53:27] [data] [███████████████████░]  98.1% frames 7912000/8069056 ep 52/56  2004 frames/s  ETA 78s
[2026-08-04 11:53:28] [data] [███████████████████░]  98.1% frames 7914000/8069056 ep 52/56  2004 frames/s  ETA 77s
[2026-08-04 11:53:29] [data] [███████████████████░]  98.1% frames 7916000/8069056 ep 52/56  2004 frames/s  ETA 76s
[2026-08-04 11:53:30] [data] [███████████████████░]  98.1% frames 7918000/8069056 ep 52/56  2004 frames/s  ETA 75s
[2026-08-04 11:53:31] [data] [███████████████████░]  98.2% frames 7920000/8069056 ep 52/56  2004 frames/s  ETA 74s
[2026-08-04 11:53:32] [data] [███████████████████░]  98.2% frames 7922000/8069056 ep 52/56  2004 frames/s  ETA 73s
[2026-08-04 11:53:33] [data] [███████████████████░]  98.2% frames 7924000/8069056 ep 52/56  2004 frames/s  ETA 72s
[2026-08-04 11:53:34] [data] [███████████████████░]  98.2% frames 7926000/8069056 ep 52/56  2004 frames/s  ETA 71s
[2026-08-04 11:53:35] [data] [███████████████████░]  98.3% frames 7928000/8069056 ep 52/56  2004 frames/s  ETA 70s
[2026-08-04 11:53:36] [data] [███████████████████░]  98.3% frames 7930000/8069056 ep 52/56  2004 frames/s  ETA 69s
[2026-08-04 11:53:37] [data] [███████████████████░]  98.3% frames 7932000/8069056 ep 52/56  2004 frames/s  ETA 68s
[2026-08-04 11:53:38] [data] [███████████████████░]  98.3% frames 7934000/8069056 ep 52/56  2004 frames/s  ETA 67s
[2026-08-04 11:53:39] [data] [███████████████████░]  98.4% frames 7936000/8069056 ep 52/56  2004 frames/s  ETA 66s
[2026-08-04 11:53:39] [data] [███████████████████░]  98.4% frames 7938000/8069056 ep 52/56  2004 frames/s  ETA 65s
[2026-08-04 11:53:40] [data] [███████████████████░]  98.4% frames 7940000/8069056 ep 52/56  2004 frames/s  ETA 64s
[2026-08-04 11:53:41] [data] [███████████████████░]  98.4% frames 7942000/8069056 ep 52/56  2004 frames/s  ETA 63s
[2026-08-04 11:53:42] [data] [███████████████████░]  98.5% frames 7944000/8069056 ep 52/56  2004 frames/s  ETA 62s
[2026-08-04 11:53:43] [data] [███████████████████░]  98.5% frames 7946000/8069056 ep 52/56  2004 frames/s  ETA 61s
[2026-08-04 11:53:44] [data] [███████████████████░]  98.5% frames 7948000/8069056 ep 52/56  2004 frames/s  ETA 60s
[2026-08-04 11:53:45] [data] [███████████████████░]  98.5% frames 7950000/8069056 ep 52/56  2004 frames/s  ETA 59s
[2026-08-04 11:53:46] [data] [███████████████████░]  98.5% frames 7952000/8069056 ep 52/56  2004 frames/s  ETA 58s
[2026-08-04 11:53:47] [data] [███████████████████░]  98.6% frames 7954000/8069056 ep 52/56  2004 frames/s  ETA 57s
[2026-08-04 11:53:48] [data] [███████████████████░]  98.6% frames 7956000/8069056 ep 52/56  2004 frames/s  ETA 56s
[2026-08-04 11:53:49] [data] [███████████████████░]  98.6% frames 7958000/8069056 ep 52/56  2004 frames/s  ETA 55s
[2026-08-04 11:53:50] [data] [███████████████████░]  98.6% frames 7960000/8069056 ep 52/56  2004 frames/s  ETA 54s
[2026-08-04 11:53:51] [data] [███████████████████░]  98.7% frames 7962000/8069056 ep 52/56  2004 frames/s  ETA 53s
[2026-08-04 11:53:52] [data] [███████████████████░]  98.7% frames 7964000/8069056 ep 52/56  2004 frames/s  ETA 52s
[2026-08-04 11:53:53] [data] [███████████████████░]  98.7% frames 7966000/8069056 ep 52/56  2004 frames/s  ETA 51s
[2026-08-04 11:53:55] [data] [███████████████████░]  98.7% frames 7968000/8069056 ep 52/56  2004 frames/s  ETA 50s
[2026-08-04 11:53:56] [data] [███████████████████░]  98.8% frames 7970000/8069056 ep 52/56  2004 frames/s  ETA 49s
[2026-08-04 11:53:57] [data] [███████████████████░]  98.8% frames 7972000/8069056 ep 52/56  2004 frames/s  ETA 48s
[2026-08-04 11:53:58] [data] [███████████████████░]  98.8% frames 7974000/8069056 ep 52/56  2004 frames/s  ETA 47s
[2026-08-04 11:53:59] [data] [███████████████████░]  98.8% frames 7976000/8069056 ep 52/56  2004 frames/s  ETA 46s
[2026-08-04 11:54:00] [data] [███████████████████░]  98.9% frames 7978000/8069056 ep 52/56  2004 frames/s  ETA 45s
[2026-08-04 11:54:01] [data] [███████████████████░]  98.9% frames 7980000/8069056 ep 52/56  2004 frames/s  ETA 44s
[2026-08-04 11:54:02] [data] [███████████████████░]  98.9% frames 7982000/8069056 ep 52/56  2004 frames/s  ETA 43s
[2026-08-04 11:54:03] [data] [███████████████████░]  98.9% frames 7984000/8069056 ep 52/56  2004 frames/s  ETA 42s
[2026-08-04 11:54:04] [data] [███████████████████░]  99.0% frames 7986000/8069056 ep 52/56  2004 frames/s  ETA 41s
[2026-08-04 11:54:34] [data] [███████████████████░]  99.0% frames 7988000/8069056 ep 53/56  1990 frames/s  ETA 41s
[2026-08-04 11:54:35] [data] [███████████████████░]  99.0% frames 7990000/8069056 ep 53/56  1989 frames/s  ETA 40s
[2026-08-04 11:54:36] [data] [███████████████████░]  99.0% frames 7992000/8069056 ep 53/56  1989 frames/s  ETA 39s
[2026-08-04 11:54:37] [data] [███████████████████░]  99.1% frames 7994000/8069056 ep 54/56  1989 frames/s  ETA 38s
[2026-08-04 11:54:38] [data] [███████████████████░]  99.1% frames 7996000/8069056 ep 54/56  1989 frames/s  ETA 37s
[2026-08-04 11:54:39] [data] [███████████████████░]  99.1% frames 7998000/8069056 ep 54/56  1989 frames/s  ETA 36s
[2026-08-04 11:54:40] [data] [███████████████████░]  99.1% frames 8000000/8069056 ep 55/56  1989 frames/s  ETA 35s
[2026-08-04 11:54:41] [data] [███████████████████░]  99.2% frames 8002000/8069056 ep 55/56  1989 frames/s  ETA 34s
[2026-08-04 11:54:42] [data] [███████████████████░]  99.2% frames 8004000/8069056 ep 55/56  1989 frames/s  ETA 33s
[2026-08-04 11:54:43] [data] [███████████████████░]  99.2% frames 8006000/8069056 ep 55/56  1989 frames/s  ETA 32s
[2026-08-04 11:54:44] [data] [███████████████████░]  99.2% frames 8008000/8069056 ep 55/56  1989 frames/s  ETA 31s
[2026-08-04 11:54:45] [data] [███████████████████░]  99.3% frames 8010000/8069056 ep 55/56  1989 frames/s  ETA 30s
[2026-08-04 11:54:46] [data] [███████████████████░]  99.3% frames 8012000/8069056 ep 55/56  1989 frames/s  ETA 29s
[2026-08-04 11:54:47] [data] [███████████████████░]  99.3% frames 8014000/8069056 ep 55/56  1989 frames/s  ETA 28s
[2026-08-04 11:54:49] [data] [███████████████████░]  99.3% frames 8016000/8069056 ep 55/56  1989 frames/s  ETA 27s
[2026-08-04 11:54:50] [data] [███████████████████░]  99.4% frames 8018000/8069056 ep 55/56  1989 frames/s  ETA 26s
[2026-08-04 11:54:51] [data] [███████████████████░]  99.4% frames 8020000/8069056 ep 55/56  1989 frames/s  ETA 25s
[2026-08-04 11:54:52] [data] [███████████████████░]  99.4% frames 8022000/8069056 ep 55/56  1989 frames/s  ETA 24s
[2026-08-04 11:54:53] [data] [███████████████████░]  99.4% frames 8024000/8069056 ep 55/56  1989 frames/s  ETA 23s
[2026-08-04 11:54:54] [data] [███████████████████░]  99.5% frames 8026000/8069056 ep 55/56  1989 frames/s  ETA 22s
[2026-08-04 11:54:55] [data] [███████████████████░]  99.5% frames 8028000/8069056 ep 55/56  1989 frames/s  ETA 21s
[2026-08-04 11:54:56] [data] [███████████████████░]  99.5% frames 8030000/8069056 ep 55/56  1989 frames/s  ETA 20s
[2026-08-04 11:54:57] [data] [███████████████████░]  99.5% frames 8032000/8069056 ep 55/56  1989 frames/s  ETA 19s
[2026-08-04 11:54:58] [data] [███████████████████░]  99.6% frames 8034000/8069056 ep 55/56  1989 frames/s  ETA 18s
[2026-08-04 11:54:59] [data] [███████████████████░]  99.6% frames 8036000/8069056 ep 56/56  1989 frames/s  ETA 17s
[2026-08-04 11:55:00] [data] [███████████████████░]  99.6% frames 8038000/8069056 ep 56/56  1989 frames/s  ETA 16s
[2026-08-04 11:55:01] [data] [███████████████████░]  99.6% frames 8040000/8069056 ep 56/56  1989 frames/s  ETA 15s
[2026-08-04 11:55:02] [data] [███████████████████░]  99.7% frames 8042000/8069056 ep 56/56  1989 frames/s  ETA 14s
[2026-08-04 11:55:03] [data] [███████████████████░]  99.7% frames 8044000/8069056 ep 56/56  1989 frames/s  ETA 13s
[2026-08-04 11:55:04] [data] [███████████████████░]  99.7% frames 8046000/8069056 ep 56/56  1989 frames/s  ETA 12s
[2026-08-04 11:55:05] [data] [███████████████████░]  99.7% frames 8048000/8069056 ep 56/56  1989 frames/s  ETA 11s
[2026-08-04 11:55:06] [data] [███████████████████░]  99.8% frames 8050000/8069056 ep 56/56  1989 frames/s  ETA 10s
[2026-08-04 11:55:07] [data] [███████████████████░]  99.8% frames 8052000/8069056 ep 56/56  1989 frames/s  ETA 9s
[2026-08-04 11:55:08] [data] [███████████████████░]  99.8% frames 8054000/8069056 ep 56/56  1989 frames/s  ETA 8s
[2026-08-04 11:55:09] [data] [███████████████████░]  99.8% frames 8056000/8069056 ep 56/56  1989 frames/s  ETA 7s
[2026-08-04 11:55:10] [data] [███████████████████░]  99.9% frames 8058000/8069056 ep 56/56  1989 frames/s  ETA 6s
[2026-08-04 11:55:11] [data] [███████████████████░]  99.9% frames 8060000/8069056 ep 56/56  1989 frames/s  ETA 5s
[2026-08-04 11:55:12] [data] [███████████████████░]  99.9% frames 8062000/8069056 ep 56/56  1989 frames/s  ETA 4s
[2026-08-04 11:55:13] [data] [███████████████████░]  99.9% frames 8064000/8069056 ep 56/56  1989 frames/s  ETA 3s
[2026-08-04 11:55:14] [data] [███████████████████░] 100.0% frames 8066000/8069056 ep 56/56  1989 frames/s  ETA 2s
[2026-08-04 11:55:15] [data] [███████████████████░] 100.0% frames 8068000/8069056 ep 56/56  1989 frames/s  ETA 1s
[2026-08-04 11:55:16] [data] [████████████████████] 100.0% frames 8069056/8069056 ep 56/56  1989 frames/s  ETA 0s
[2026-08-04 11:55:16] [data] mu_0 precompute done in 4056.9s
